1017,10,1,Mun. Alba Iulia,1
1026,1017,9,Alba Iulia,1
1035,1017,10,Barabant,1
1044,1017,10,Micesti,1
1053,1017,10,Oarda,1
1062,1017,10,Paclisa,1
1213,10,4,Mun. Aiud,1
1222,1213,9,Aiud,1
1231,1213,10,Aiudul De Sus,1
1277,1213,11,Ciumbrud,1
1240,1213,10,Gambas,1
1286,1213,11,Garbova De Jos,1
1295,1213,11,Garbova De Sus,1
1302,1213,11,Garbovita,1
1259,1213,10,Magina,1
1268,1213,10,Pagida,1
1311,1213,11,Sancrai,1
1320,1213,11,Tifra,1
1348,10,4,Mun. Blaj,1
1357,1348,9,Blaj,1
1366,1348,10,Deleni-Obirsie,1
1375,1348,10,Flitesti,1
1384,1348,10,Izvoarele,1
1428,1348,11,Manarade,1
1393,1348,10,Petrisat,1
1437,1348,11,Spatac,1
1400,1348,10,Tiur,1
1419,1348,10,Veza,1
1151,10,2,Oras Abrud,1
1160,1151,17,Abrud,1
1179,1151,18,Abrud-Sat,1
1188,1151,18,Gura Cornei,1
1197,1151,18,Soharu,1
1455,10,2,Oras Campeni,1
1464,1455,17,Campeni,1
1473,1455,18,Boncesti,1
1482,1455,18,Borlesti,1
1491,1455,18,Botesti,1
1507,1455,18,Certege,1
1516,1455,18,Coasta Vascului,1
1525,1455,18,Dandut,1
1534,1455,18,Dealu Bistrii,1
1543,1455,18,Dealu Capsei,1
1552,1455,18,Dric,1
1561,1455,18,Fata Abrudului,1
1570,1455,18,Floresti,1
1589,1455,18,Furduiesti,1
1598,1455,18,Mihoesti,1
1605,1455,18,Motorasti,1
1614,1455,18,Peste Valea Bistrii,1
1623,1455,18,Poduri,1
1632,1455,18,Sorlita,1
1641,1455,18,Tomusesti,1
1650,1455,18,Valea Bistrii,1
1669,1455,18,Valea Caselor,1
1678,1455,18,Varsi,1
1696,10,2,Oras Cugir,1
1703,1696,17,Cugir,1
1712,1696,18,Bocsitura,1
1721,1696,18,Bucuru,1
1730,1696,18,Calene,1
1749,1696,18,Feteni,1
1758,1696,18,Goasele,1
1767,1696,18,Mugesti,1
1776,1696,18,Vinerea,1
1794,10,2,Oras Ocna Mures,1
1801,1794,17,Ocna Mures,1
1838,1794,19,Cisteiu De Mures,1
1847,1794,19,Micoslaca,1
1856,1794,19,Razboieni-Cetate,1
1810,1794,18,Uioara De Jos,1
1829,1794,18,Uioara De Sus,1
1874,10,4,Mun. Sebes,1
1883,1874,9,Sebes,1
1892,1874,10,Lancram,1
1909,1874,10,Petresti,1
1918,1874,11,Rahau,1
8096,10,2,Oras Teius,1
8103,8096,17,Teius,1
8112,8096,19,Beldiu,1
8121,8096,19,Capud,1
8130,8096,19,Coslariu Nou,1
8149,8096,19,Petelca,1
1936,10,2,Oras Zlatna,1
1945,1936,17,Zlatna,1
1954,1936,19,Botesti,1
1963,1936,19,Budeni,1
1972,1936,19,Dealu Roatei,1
1981,1936,19,Dobrot,1
1990,1936,19,Dumbrava,1
2005,1936,19,Fenes,1
2014,1936,19,Galati,1
2023,1936,19,Izvoru Ampoiului,1
2050,1936,19,Parau Gruiului,1
2032,1936,19,Patrangeni,1
2041,1936,19,Pirita,1
2069,1936,19,Podu Lui Paul,1
2078,1936,19,Runc,1
2087,1936,19,Rusi,1
2096,1936,19,Suseni,1
2103,1936,19,Trampoiele,1
2112,1936,19,Valea Mica,1
2121,1936,19,Valtori,1
2130,10,3,Albac,1
2149,2130,22,Albac,1
2158,2130,23,Barasti,1
2167,2130,23,Budaiesti,1
2176,2130,23,Cionesti,1
2185,2130,23,Costesti,1
2194,2130,23,Dealu Lamasoi,1
2201,2130,23,Deve,1
2210,2130,23,Dupa Plese,1
2229,2130,23,Fata,1
2238,2130,23,Plesesti,1
2247,2130,23,Potionci,1
2256,2130,23,Rogoz,1
2265,2130,23,Rosesti,1
2274,2130,23,Rusesti,1
2283,2130,23,Sohodol,1
2292,2130,23,Tamboresti,1
2309,10,3,Almasu Mare,1
2318,2309,22,Almasu Mare,1
2327,2309,23,Almasu De Mijloc,1
2336,2309,23,Bradet,1
2345,2309,23,Cheile Cibului,1
2354,2309,23,Cib,1
2363,2309,23,Glod,1
2372,2309,23,Nadastia,1
2381,10,3,Arieseni,1
2390,2381,22,Arieseni,1
2407,2381,23,Avramesti,1
2416,2381,23,Bubesti,1
2425,2381,23,Casa De Piatra,1
2434,2381,23,Cobles,1
2443,2381,23,Dealu Bajului,1
2452,2381,23,Fata Cristesei,1
2461,2381,23,Fata Lapusului,1
2470,2381,23,Galbena,1
2489,2381,23,Hodobana,1
2498,2381,23,Izlaz,1
2504,2381,23,Pantesti,1
2513,2381,23,Patrahaitesti,1
2522,2381,23,Poienita,1
2531,2381,23,Ravicesti,1
2559,2381,23,Stei-Arieseni,1
2540,2381,23,Sturu,1
2568,2381,23,Vanvucesti,1
2577,10,3,Avram Iancu,1
2586,2577,22,Avram Iancu,1
2595,2577,23,Achimetesti,1
2602,2577,23,Avramesti,1
2611,2577,23,Badai,1
2620,2577,23,Boldesti,1
2639,2577,23,Calugaresti,1
2666,2577,23,Carasti,1
2675,2577,23,Cartulesti,1
2648,2577,23,Casoaia,1
2657,2577,23,Cindesti,1
2684,2577,23,Cocesti,1
2693,2577,23,Cocosesti,1
2700,2577,23,Coroiesti,1
2719,2577,23,Dealu Crisului,1
2728,2577,23,Dolesti,1
2737,2577,23,Dumacesti,1
2746,2577,23,Gojeiesti,1
2755,2577,23,Heleresti,1
2764,2577,23,Incesti,1
2773,2577,23,Jojei,1
2782,2577,23,Martesti,1
2791,2577,23,Orgesti,1
2808,2577,23,Patrutesti,1
2817,2577,23,Plai,1
2826,2577,23,Puselesti,1
2835,2577,23,Soicesti,1
2844,2577,23,Stertesti,1
2853,2577,23,Tarsa,1
2862,2577,23,Tarsa-Plai,1
2871,2577,23,Valea Maciului,1
2880,2577,23,Valea Utului,1
2899,2577,23,Verdesti,1
2906,2577,23,Vidrisoara,1
2915,10,2,Oras Baia De Aries,1
2924,2915,17,Baia De Aries,1
2933,2915,19,Brazesti,1
2942,2915,19,Cioara De Sus,1
2951,2915,19,Muncelu,1
2960,2915,19,Sartas,1
2979,2915,19,Simulesti,1
2988,10,3,Berghin,1
2997,2988,22,Berghin,1
3002,2988,23,Ghirbom,1
3011,2988,23,Henig,1
3020,2988,23,Straja,1
3039,10,3,Bistra,1
3048,3039,22,Bistra,1
3057,3039,23,Aronesti,1
3066,3039,23,Balesti,1
3075,3039,23,Balesti-Catun,1
3084,3039,23,Barlesti,1
3093,3039,23,Cheleteni,1
3100,3039,23,Ciuldesti,1
3119,3039,23,Cretesti,1
3137,3039,23,Dambureni,1
3128,3039,23,Dealu Muntelui,1
3146,3039,23,Durasti,1
3155,3039,23,Ganesti,1
3164,3039,23,Garde,1
3173,3039,23,Hodisesti,1
3182,3039,23,Hudricesti,1
3191,3039,23,Lipaia,1
3208,3039,23,Lunca Larga,1
3217,3039,23,Lunca Merilor,1
3226,3039,23,Mihaiesti,1
3235,3039,23,Namas,1
3244,3039,23,Novacesti,1
3253,3039,23,Perjesti,1
3262,3039,23,Poiana,1
3271,3039,23,Poiu,1
3280,3039,23,Ratitis,1
3299,3039,23,Runcuri,1
3306,3039,23,Salagesti,1
3315,3039,23,Stefanca,1
3351,3039,23,Taranesti,1
3324,3039,23,Tolacesti,1
3333,3039,23,Tomnatec,1
3342,3039,23,Trisoresti,1
3360,3039,23,Varsi-Rontu,1
3379,3039,23,Varsii Mari,1
3388,3039,23,Varsii Mici,1
3397,10,3,Blandiana,1
3404,3397,22,Blandiana,1
3413,3397,23,Acmariu,1
3422,3397,23,Ibru,1
3431,3397,23,Poieni,1
3440,3397,23,Racatau,1
3459,10,3,Bucium,1
3468,3459,22,Bucium,1
3477,3459,23,Anghelesti,1
3486,3459,23,Bisericani,1
3495,3459,23,Bucium-Sat,1
3501,3459,23,Cerbu,1
3510,3459,23,Ciuculesti,1
3529,3459,23,Coleseni,1
3538,3459,23,Dogaresti,1
3547,3459,23,Feresti,1
3556,3459,23,Floresti,1
3565,3459,23,Gura Izbitei,1
3574,3459,23,Helesti,1
3583,3459,23,Izbicioara,1
3592,3459,23,Izbita,1
3609,3459,23,Jurcuiesti,1
3618,3459,23,Lupulesti,1
3627,3459,23,Magura,1
3636,3459,23,Muntari,1
3645,3459,23,Petreni,1
3654,3459,23,Poiana,1
3663,3459,23,Poieni,1
3672,3459,23,Stalnisoara,1
3752,3459,23,Valcea,1
3681,3459,23,Valea Abruzel,1
3690,3459,23,Valea Alba,1
3707,3459,23,Valea Cerbului,1
3716,3459,23,Valea Negrilesii,1
3725,3459,23,Valea Poienii,1
3734,3459,23,Valea Sesii,1
3743,3459,23,Valeni,1
4106,10,3,Calnic,1
4115,4106,22,Calnic,1
4124,9019,22,Cut,1
4133,4106,23,Deal,1
3761,10,3,Cenade,1
3770,3761,22,Cenade,1
3789,3761,23,Capu Dealului,1
3798,3761,23,Gorgan,1
3805,10,3,Cergau,1
3814,3805,22,Cergau Mare,1
3823,3805,23,Cergau Mic,1
3832,3805,23,Lupu,1
3841,10,3,Ceru-Bacainti,1
3850,3841,22,Ceru-Bacainti,1
3869,3841,23,Bolovanesti,1
3878,3841,23,Bulbuc,1
3887,3841,23,Cucuta,1
3896,3841,23,Curpeni,1
3903,3841,23,Dumbravita,1
3912,3841,23,Fantinele,1
3921,3841,23,Grosi,1
3930,3841,23,Valea Mare,1
3949,3841,23,Viezuri,1
3958,10,3,Cetatea De Balta,1
3967,3958,22,Cetatea De Balta,1
3976,3958,23,Craciunelu De Sus,1
3985,3958,23,Santamarie,1
3994,3958,23,Tatarlaua,1
1071,10,3,Ciugud,1
1080,1071,22,Ciugud,1
1099,1071,23,Drambar,1
1106,1071,23,Limba,1
1115,1071,23,Hapria,1
1124,1071,23,Seusa,1
1133,1071,23,Teleac,1
4008,10,3,Ciuruleasa,1
4017,4008,22,Ciuruleasa,1
4026,4008,23,Bidigesti,1
4035,4008,23,Bodresti,1
4044,4008,23,Boglesti,1
4053,4008,23,Buninginea,1
4062,4008,23,Ghedulesti,1
4071,4008,23,Matisesti,1
4080,4008,23,Moraresti,1
4099,4008,23,Vulcan,1
4188,10,3,Craciunelu De Jos,1
4197,4188,22,Craciunelu De Jos,1
4204,9026,22,Bucerdea Granoasa,1
4213,9026,23,Cornu,1
4222,9026,23,Padure,1
4231,9026,23,Panca,1
4142,10,3,Cricau,1
4151,4142,22,Cricau,1
4160,4142,23,Craiva,1
4179,4142,23,Tibru,1
4240,10,3,Daia Romana,1
4259,4240,22,Daia Romana,1
4268,10,3,Dostat,1
4277,4268,22,Dostat,1
4286,4268,23,Boz,1
4295,4268,23,Dealu Dostatului,1
4302,10,3,Farau,1
4311,4302,22,Farau,1
4320,4302,23,Heria,1
4339,4302,23,Medves,1
4348,4302,23,Sanbenedic,1
4357,4302,23,Silea,1
4366,10,3,Galda De Jos,1
4375,4366,22,Galda De Jos,1
4384,4366,23,Benic,1
4393,4366,23,Cetea,1
4400,4366,23,Galda De Sus,1
4419,4366,23,Lupseni,1
4428,4366,23,Magura,1
4437,4366,23,Mesentea,1
4446,4366,23,Oiejdea,1
4455,4366,23,Poiana Galdei,1
4464,4366,23,Raicani,1
4473,4366,23,Zagris,1
4482,10,3,Garbova,1
4491,4482,22,Garbova,1
4507,4482,23,Carpinis,1
4516,4482,23,Reciu,1
4525,10,3,Garda De Sus,1
4534,4525,22,Garda De Sus,1
4543,4525,23,Biharia,1
4552,4525,23,Dealu Frumos,1
4561,4525,23,Dealu Ordincusii,1
4570,4525,23,Dobresti,1
4598,4525,23,Garda Seaca,1
4589,4525,23,Ghetari,1
4605,4525,23,Hanasesti,1
4614,4525,23,Huzaresti,1
4623,4525,23,Izvoarele,1
4632,4525,23,Mununa,1
4641,4525,23,Ocoale,1
4650,4525,23,Plai,1
4669,4525,23,Plisti,1
4678,4525,23,Scoarta,1
4696,4525,23,Snide,1
4687,4525,23,Sucesti,1
4703,10,3,Hoparta,1
4712,4703,22,Hoparta,1
4721,4703,23,Silivas,1
4730,4703,23,Spalnaca,1
4749,4703,23,Turdas,1
4758,4703,23,Vama Seaca,1
4767,10,3,Horea,1
4776,4767,22,Horea,1
4785,4767,23,Baba,1
4794,4767,23,Butesti,1
4801,4767,23,Darlesti,1
4810,4767,23,Fericet,1
4829,4767,23,Giurgiut,1
4838,4767,23,Mancesti,1
4847,4767,23,Matisesti,1
4856,4767,23,Niculesti,1
4865,4767,23,Patrusesti,1
4874,4767,23,Petreasa,1
4883,4767,23,Preluca,1
4892,4767,23,Teiu,1
4909,4767,23,Trifesti,1
4918,4767,23,Zanzesti,1
4927,10,3,Ighiu,1
4936,4927,22,Ighiu,1
4945,4927,23,Bucerdea Vanoasa,1
4954,4927,23,Ighiel,1
4963,4927,23,Sard,1
4972,4927,23,Telna,1
4981,10,3,Intregalde,1
4990,4981,22,Intregalde,1
5005,4981,23,Dealu Geoagiului,1
5014,4981,23,Ghioncani,1
5023,4981,23,Iliesti,1
5032,4981,23,Ivanis,1
5041,4981,23,Marinesti,1
5050,4981,23,Modolesti,1
5069,4981,23,Necrilesti,1
5078,4981,23,Popesti,1
5087,4981,23,Sfarcea,1
5096,4981,23,Tecsesti,1
5103,10,3,Jidvei,1
5112,5103,22,Jidvei,1
5121,5103,23,Balcaciu,1
5130,5103,23,Capalna De Jos,1
5149,5103,23,Feisa,1
5158,5103,23,Veseus,1
5167,10,3,Livezile,1
5176,5167,22,Livezile,1
5185,5167,23,Izvoarele,1
5194,5167,23,Poiana Aiudului,1
5201,5167,23,Valisoara,1
5210,10,3,Lopadea Noua,1
5229,5210,22,Lopadea Noua,1
5238,5210,23,Asinip,1
5256,5210,23,Bagau,1
5247,5210,23,Beta,1
5265,5210,23,Cicard,1
5274,5210,23,Ciuguzel,1
5283,5210,23,Ocnisoara,1
5292,5210,23,Odverem,1
5309,10,3,Lunca Muresului,1
5318,5309,22,Lunca Muresului,1
5327,5309,23,Gura Ariesului,1
5336,10,3,Lupsa,1
5345,5336,22,Lupsa,1
5354,5336,23,Bardesti,1
5363,5336,23,Barzan,1
5372,5336,23,Curmatura,1
5381,5336,23,Dupa Deal,1
5390,5336,23,Geamana,1
5407,5336,23,Hadarau,1
5416,5336,23,Holobani,1
5425,5336,23,Lazuri,1
5434,5336,23,Lunca,1
5443,5336,23,Manastire,1
5452,5336,23,Margaia,1
5461,5336,23,Musca,1
5489,5336,23,Parau-Carbunari,1
5470,5336,23,Pitiga,1
5498,5336,23,Posogani,1
5504,5336,23,Sasa,1
5513,5336,23,Trifesti,1
5559,5336,23,Vai,1
5522,5336,23,Valea Holhorii,1
5531,5336,23,Valea Lupsii,1
5540,5336,23,Valea Sesii,1
5568,5336,23,Vinta,1
5577,10,3,Metes,1
5586,5577,22,Metes,1
5595,5577,23,Ampoita,1
5602,5577,23,Isca,1
5611,5577,23,Lunca Ampoitei,1
5620,5577,23,Lunca Metesului,1
5639,5577,23,Padurea,1
5648,5577,23,Poiana Ampoiului,1
5657,5577,23,Poiana Ursului,1
5666,5577,23,Presaca Ampoiului,1
5675,5577,23,Remetea,1
5684,5577,23,Tauti,1
5693,5577,23,Valeni,1
5700,10,3,Mihalt,1
5719,5700,22,Mihalt,1
5728,5700,23,Cistei,1
5737,5700,23,Obreja,1
5746,5700,23,Zaries,1
5755,10,3,Miraslau,1
5764,5755,22,Miraslau,1
5773,5755,23,Cicau,1
5782,5755,23,Decea,1
5791,5755,23,Lopadea Veche,1
5808,5755,23,Ormenis,1
5817,5755,23,Rachis,1
5826,10,3,Mogos,1
5835,5826,22,Mogos,1
5844,5826,23,Barbesti,1
5853,5826,23,Barlesti,1
5862,5826,23,Barlesti-Catun,1
5871,5826,23,Barzogani,1
5880,5826,23,Bocesti,1
5899,5826,23,Bogdanesti,1
5906,5826,23,Butesti,1
5915,5826,23,Cojocani,1
5924,5826,23,Cristesti,1
5933,5826,23,Mamaligani,1
5942,5826,23,Negresti,1
5951,5826,23,Oncesti,1
5960,5826,23,Poienile-Mogos,1
5979,5826,23,Tomesti,1
5988,5826,23,Valea Barlutesti,1
5997,5826,23,Valea Barnii,1
6002,5826,23,Valea Cocesti,1
6011,5826,23,Valea Giogesti,1
6020,5826,23,Valea Mlacii,1
6039,5826,23,Valea Tupilor,1
6048,10,3,Noslac,1
6057,6048,22,Noslac,1
6066,6048,23,Captalan,1
6075,6048,23,Copand,1
6084,6048,23,Gabud,1
6093,6048,23,Stana De Mures,1
6100,6048,23,Valea Ciuciului,1
6119,10,3,Ocolis,1
6128,6119,22,Ocolis,1
6137,6119,23,Lunca Larga,1
6146,6119,23,Runc,1
6155,6119,23,Vidolm,1
6164,10,3,Ohaba,1
6173,6164,22,Ohaba,1
6182,6164,23,Colibi,1
6191,6164,23,Maghierat,1
6208,6164,23,Secasel,1
6217,10,3,Pianu,1
6226,6217,22,Pianu De Sus,1
6235,6217,23,Pianu De Jos,1
6244,6217,23,Plaiuri,1
6253,6217,23,Purcareti,1
6262,6217,23,Strungari,1
6271,10,3,Poiana Vadului,1
6280,6271,22,Poiana Vadului,1
6299,6271,23,Costesti,1
6306,6271,23,Duduieni,1
6315,6271,23,Fagetu De Jos,1
6324,6271,23,Fagetu De Sus,1
6333,6271,23,Hanasesti,1
6342,6271,23,Lupaiesti,1
6351,6271,23,Morcanesti,1
6360,6271,23,Pastesti,1
6379,6271,23,Petelei,1
6388,6271,23,Stanesti,1
6397,10,3,Ponor,1
6404,6397,22,Ponor,1
6413,6397,23,Dupa Deal,1
6422,6397,23,Geogel,1
6431,6397,23,Macaresti,1
6459,6397,23,Vale In Jos,1
6440,6397,23,Valea Bucurului,1
6468,10,3,Posaga,1
6477,6468,22,Posaga De Jos,1
6486,6468,23,Cortesti,1
6495,6468,23,Incesti,1
6501,6468,23,Lunca,1
6510,6468,23,Orasti,1
6529,6468,23,Posaga De Sus,1
6538,6468,23,Sagagea,1
6547,10,3,Radesti,1
6556,6547,22,Radesti,1
6565,6547,23,Leorint,1
6574,6547,23,Mescreac,1
6583,6547,23,Soimus,1
6627,10,3,Ramet,1
6636,6627,22,Ramet,1
6645,6627,23,Botani,1
6654,6627,23,Bradesti,1
6663,6627,23,Cheia,1
6672,6627,23,Cotorasti,1
6681,6627,23,Floresti,1
6690,6627,23,Olteni,1
6707,6627,23,Valea Fagetului,1
6716,6627,23,Valea Inzelului,1
6725,6627,23,Valea Manastirii,1
6734,6627,23,Valea Poienii,1
6743,6627,23,Valea Uzei,1
6752,6627,23,Vladesti,1
6592,10,3,Rametea,1
6609,6592,22,Rimetea,1
6618,6592,23,Coltesti,1
6930,10,3,Rosia De Secas,1
6949,6930,22,Rosia De Secas,1
6958,6930,23,Tau,1
6967,6930,23,Ungurei,1
6761,10,3,Rosia Montana,1
6770,6761,22,Rosia Montana,1
6789,6761,23,Balmosesti,1
6798,6761,23,Blidesti,1
6805,6761,23,Bunta,1
6814,6761,23,Carpinis,1
6823,6761,23,Coasta Hentii,1
6832,6761,23,Corna,1
6841,6761,23,Curaturi,1
6850,6761,23,Daroaia,1
6869,6761,23,Garda-Barbulesti,1
6878,6761,23,Gura Rosiei,1
6887,6761,23,Iacobesti,1
6896,6761,23,Ignatesti,1
6903,6761,23,Soal,1
6912,6761,23,Tarina,1
6921,6761,23,Vartop,1
6976,10,3,Salciua,1
6985,6976,22,Salciua De Jos,1
6994,6976,23,Dealu Caselor,1
7008,6976,23,Dumesti,1
7017,6976,23,Salciua De Sus,1
7026,6976,23,Sub Piatra,1
7035,6976,23,Valea Larga,1
7044,10,3,Salistea,1
7053,7044,22,Salistea,1
7062,7044,23,Margineni,1
7071,7044,23,Salistea-Deal,1
7080,7044,23,Tartaria,1
7348,10,3,Sancel,1
7357,7348,22,Sancel,1
7366,7348,23,Iclod,1
7375,7348,23,Panade,1
7384,10,3,Santimbru,1
7393,7384,22,Santimbru,1
7400,7384,23,Coslariu,1
7419,7384,23,Dumitra,1
7428,7384,23,Galtiu,1
7437,7384,23,Totoi,1
7099,10,3,Sasciori,1
7106,7099,22,Sasciori,1
7115,7099,23,Capalna,1
7124,7099,23,Dumbrava,1
7133,7099,23,Laz,1
7142,7099,23,Loman,1
7151,7099,23,Plesi,1
7160,7099,23,Rachita,1
7179,7099,23,Sebesel,1
7188,7099,23,Tonea,1
7197,10,3,Scarisoara,1
7204,7197,22,Scarisoara,1
7213,7197,23,Barlesti,1
7222,7197,23,Botesti,1
7231,7197,23,Fata-Lazesti,1
7240,7197,23,Floresti,1
7259,7197,23,Lazesti,1
7268,7197,23,Lespezea,1
7277,7197,23,Matei,1
7286,7197,23,Negesti,1
7295,7197,23,Preluca,1
7302,7197,23,Runc,1
7311,7197,23,Sfoartea,1
7320,7197,23,Stiuleti,1
7339,7197,23,Trancesti,1
7810,10,3,Sibot,1
7829,7810,22,Sibot,1
7847,7810,23,Bacainti,1
7838,7810,23,Balomiru De Camp,1
7856,7810,23,Saracsau,1
7446,10,3,Sohodol,1
7455,7446,22,Sohodol,1
7464,7446,23,Bazesti,1
7473,7446,23,Bilanesti,1
7482,7446,23,Bobaresti,1
7491,7446,23,Bradeana,1
7507,7446,23,Burzonesti,1
7516,7446,23,Deoncesti,1
7525,7446,23,Dilimani,1
7534,7446,23,Furduiesti,1
7543,7446,23,Gura Sohodol,1
7552,7446,23,Hoanca,1
7561,7446,23,Joldisesti,1
7570,7446,23,Lazuri,1
7589,7446,23,Lehesti,1
7598,7446,23,Luminesti,1
7605,7446,23,Medresti,1
7614,7446,23,Moraresti,1
7623,7446,23,Munesti,1
7632,7446,23,Napaiesti,1
7641,7446,23,Nelegesti,1
7650,7446,23,Nicoresti,1
7669,7446,23,Peles,1
7678,7446,23,Poiana,1
7687,7446,23,Robesti,1
7712,7446,23,Sebisesti,1
7696,7446,23,Sicoiesti,1
7721,7446,23,Simocesti,1
7703,7446,23,Surdesti,1
7730,7446,23,Toci,1
7749,7446,23,Valea Verde,1
7758,7446,23,Vladosesti,1
7865,10,3,Sona,1
7874,7865,22,Sona,1
7883,7865,23,Alecus,1
7892,7865,23,Biia,1
7909,7865,23,Doptau,1
7918,7865,23,Lunca Tarnavei,1
7927,7865,23,Sanmiclaus,1
7936,7865,23,Valea Sasului,1
7945,10,3,Spring,1
7954,7945,22,Spring,1
7963,7945,23,Carpen,1
7972,7945,23,Carpenii De Sus,1
7981,7945,23,Cunta,1
7990,7945,23,Drasov,1
8005,7945,23,Vingard,1
7767,10,3,Stremt,1
7776,7767,22,Stremt,1
7785,7767,23,Fata Pietrii,1
7794,7767,23,Geoagiu De Sus,1
7801,7767,23,Geomal,1
8014,10,3,Sugag,1
8023,8014,22,Sugag,1
8032,8014,23,Arti,1
8041,8014,23,Barsana,1
8050,8014,23,Dobra,1
8069,8014,23,Jidostina,1
8078,8014,23,Martinie,1
8087,8014,23,Tau Bistra,1
8158,10,3,Unirea,1
8167,8158,22,Unirea,1
8176,8158,23,Ciugudu De Jos,1
8185,8158,23,Ciugudu De Sus,1
8194,8158,23,Dumbrava,1
8201,8158,23,Inoc,1
8210,8158,23,Mahaceni,1
8229,10,3,Vadu Motilor,1
8238,8229,22,Vadu Motilor,1
8247,8229,23,Bodesti,1
8256,8229,23,Burzesti,1
8265,8229,23,Dealu Frumos,1
8274,8229,23,Lazesti,1
8283,8229,23,Necsesti,1
8292,8229,23,Poduri-Bricesti,1
8309,8229,23,Popestii De Jos,1
8318,8229,23,Popestii De Sus,1
8327,8229,23,Tomutesti,1
8336,8229,23,Totesti,1
8345,8229,23,Valtori,1
8354,10,3,Valea Lunga,1
8363,8354,22,Valea Lunga,1
8372,8354,23,Faget,1
8381,8354,23,Glogovet,1
8390,8354,23,Lodroman,1
8407,8354,23,Lunca,1
8416,8354,23,Tauni,1
8425,10,3,Vidra,1
8434,8425,22,Vidra,1
8443,8425,23,Bai,1
8452,8425,23,Bobaresti,1
8461,8425,23,Bogdanesti,1
8470,8425,23,Bordestii Poieni,1
8489,8425,23,Culdesti,1
8498,8425,23,Dealu Goiesti,1
8504,8425,23,Dos,1
8513,8425,23,Dosu Luncii,1
8522,8425,23,Dosu Vasesti,1
8531,8425,23,Dragoiesti-Lunca,1
8540,8425,23,Ficaresti,1
8559,8425,23,Gligoresti,1
8568,8425,23,Goiesti,1
8577,8425,23,Haiducesti,1
8586,8425,23,Harasti,1
8595,8425,23,Hoanca,1
8602,8425,23,Jeflesti,1
8611,8425,23,Lunca,1
8620,8425,23,Lunca Bisericii,1
8639,8425,23,Lunca De Jos,1
8648,8425,23,Lunca Goiesti,1
8657,8425,23,Lunca Vesesti,1
8666,8425,23,Modolesti,1
8675,8425,23,Nemesi,1
8684,8425,23,Oidesti,1
8693,8425,23,Pitarcesti,1
8700,8425,23,Plescuta,1
8719,8425,23,Poieni,1
8728,8425,23,Ponorel,1
8737,8425,23,Puiuletesti,1
8746,8425,23,Runc,1
8755,8425,23,Segaj,1
8764,8425,23,Urdes,1
8791,8425,23,Valcaneasa,1
8808,8425,23,Valcesti,1
8773,8425,23,Valea Morii,1
8817,8425,23,Vartanesti,1
8782,8425,23,Vasesti,1
8826,10,3,Vintu De Jos,1
8835,8826,22,Vintu De Jos,1
8853,8826,23,Campu Goblii,1
8844,8826,23,Ciocasu,1
8862,8826,23,Criseni,1
8871,8826,23,Dealu Ferului,1
8880,8826,23,Gura Cutului,1
8899,8826,23,Hategana,1
8906,8826,23,Inuri,1
8915,8826,23,Laz,1
8924,8826,23,Matacina,1
8933,8826,23,Mereteu,1
8942,8826,23,Parau Lui Mihai,1
8951,8826,23,Poienita,1
8960,8826,23,Stauini,1
8979,8826,23,Valea Goblii,1
8988,8826,23,Valea Lui Mihai,1
8997,8826,23,Valea Vintului,1
9002,8826,23,Vurpar,1
9262,29,1,Mun. Arad,2
9271,9262,9,Arad,2
9459,29,2,Oras Chisineu-Cris,2
9468,9459,17,Chisineu-Cris,2
9477,9459,19,Nadab,2
9495,29,2,Oras Curtici,2
9501,9495,17,Curtici,2
9510,12912,22,Dorobanti,2
9538,29,2,Oras Ineu,2
9547,9538,17,Ineu,2
9556,9538,19,Mocrea,2
9574,29,2,Oras Lipova,2
9583,9574,17,Lipova,2
9592,9574,18,Radna,2
9609,9574,18,Soimos,2
9627,29,2,Oras Nadlac,2
9636,9627,17,Nadlac,2
9654,29,2,Oras Pancota,2
9663,9654,17,Pancota,2
9672,9654,19,Maderat,2
9690,29,2,Oras Sebis,2
9707,9690,17,Sebis,2
9716,9690,19,Donceni,2
9725,9690,19,Prunisor,2
9734,9690,19,Salajeni,2
9743,29,3,Almas,2
9752,9743,22,Almas,2
9761,9743,23,Cil,2
9770,9743,23,Joia Mare,2
9789,9743,23,Radesti,2
9798,29,3,Apateu,2
9805,9798,22,Apateu,2
9814,9798,23,Berechiu,2
9823,9798,23,Motiori,2
9832,29,3,Archis,2
9841,9832,22,Archis,2
9850,9832,23,Barzesti,2
9869,9832,23,Groseni,2
9878,9832,23,Nermis,2
10051,29,3,Barsa,2
10060,10051,22,Barsa,2
10079,10051,23,Aldesti,2
10088,10051,23,Hodis,2
10097,10051,23,Voivodeni,2
10104,29,3,Barzava,2
10113,10104,22,Barzava,2
10122,10104,23,Batuta,2
10131,10104,23,Capruta,2
10140,10104,23,Dumbravita,2
10159,10104,23,Grosii Noi,2
10168,10104,23,Lalasint,2
10177,10104,23,Monorostia,2
10186,10104,23,Slatina De Mures,2
9887,29,3,Bata,2
9896,9887,22,Bata,2
9903,9887,23,Bacau De Mijloc,2
9912,9887,23,Bulci,2
9921,9887,23,Tela,2
9930,29,3,Beliu,2
9949,9930,22,Beliu,2
9958,9930,23,Benesti,2
9967,9930,23,Bochia,2
9976,9930,23,Vasile Goldis,2
9985,9930,23,Secaci,2
9994,9930,23,Tagadau,2
10006,29,3,Birchis,2
10015,10006,22,Birchis,2
10024,10006,23,Capalnas,2
10033,10006,23,Ostrov,2
10042,10006,23,Virismort,2
10195,29,3,Bocsig,2
10202,10195,22,Bocsig,2
10211,10195,23,Manerau,2
10220,10195,23,Rapsig,2
10239,29,3,Brazii,2
10248,10239,22,Brazii,2
10257,10239,23,Buceava-Soimus,2
10266,10239,23,Iacobini,2
10275,10239,23,Madrigesti,2
10284,10239,23,Secas,2
10293,29,3,Buteni,2
10300,10293,22,Buteni,2
10319,10293,23,Berindia,2
10328,10293,23,Cuied,2
10337,10293,23,Paulin,2
10346,29,3,Carand,2
10355,10346,22,Carand,2
10364,10346,23,Selistea,2
10373,29,3,Cermei,2
10382,10373,22,Cermei,2
10391,10373,23,Avram Iancu,2
10408,10373,23,Somosches,2
10417,29,3,Chisindia,2
10426,10417,22,Chisindia,2
10435,10417,23,Paiuseni,2
10444,10417,23,Vasoaia,2
10453,29,3,Conop,2
10462,10453,22,Conop,2
10471,10453,23,Belotint,2
10480,10453,23,Chelmac,2
10499,10453,23,Milova,2
10505,10453,23,Odvos,2
10514,29,3,Covasint,2
10523,10514,22,Covasint,2
10532,29,3,Craiva,2
10541,10532,22,Craiva,2
10550,10532,23,Chislaca,2
10569,10532,23,Ciuntesti,2
10578,10532,23,Coroi,2
10587,10532,23,Maraus,2
10596,10532,23,Rogoz De Beliu,2
10621,10532,23,Siad,2
10603,10532,23,Stoinesti,2
10612,10532,23,Susag,2
10630,10532,23,Talmaci,2
10649,29,3,Dezna,2
10658,10649,22,Dezna,2
10667,10649,23,Buhani,2
10676,10649,23,Laz,2
10685,10649,23,Neagra,2
10694,10649,23,Slatina De Cris,2
10701,29,3,Dieci,2
10710,10701,22,Dieci,2
10729,10701,23,Cociuba,2
10738,10701,23,Crocna,2
10747,10701,23,Revetis,2
10756,10701,23,Rosia,2
10765,29,3,Ususau,2
10774,10765,23,Dorgos,2
10783,10765,23,Bruznic,2
10792,10765,23,Patars,2
10809,10765,22,Ususau,2
10818,10765,23,Zabalt,2
9280,29,3,Fantinele,2
9299,9280,22,Fantanele,2
9306,12920,23,Alunis,2
9315,12920,22,Frumuseni,2
9324,9280,23,Tisa Noua,2
10827,29,3,Felnac,2
10836,10827,22,Felnac,2
10845,12938,23,Bodrogu Nou,2
10854,10827,23,Calugareni,2
10863,12938,22,Zadareni,2
10872,29,3,Ghioroc,2
10881,10872,22,Ghioroc,2
10890,10872,23,Cuvin,2
10907,10872,23,Minis,2
10916,29,3,Graniceri,2
10925,10916,22,Graniceri,2
10934,10916,23,Siclau,2
10943,29,3,Gurahont,2
10952,10943,22,Gurahont,2
10961,10943,23,Bontesti,2
10970,10943,23,Dulcele,2
10989,10943,23,Fenis,2
10998,10943,23,Hontisor,2
11003,10943,23,Iosas,2
11012,10943,23,Mustesti,2
11021,10943,23,Pescari,2
11030,10943,23,Valea Mare,2
11049,10943,23,Zimbru,2
11174,29,3,Halmagel,2
11183,11174,22,Halmagel,2
11192,11174,23,Luncsoara,2
11209,11174,23,Sarbi,2
11218,11174,23,Tarnavita,2
11227,11174,23,Tohesti,2
11058,29,3,Halmagiu,2
11067,11058,22,Halmagiu,2
11076,11058,23,Banesti,2
11085,11058,23,Bodesti,2
11094,11058,23,Brusturi,2
11101,11058,23,Cristesti,2
11110,11058,23,Ionesti,2
11129,11058,23,Leasa,2
11138,11058,23,Lestioara,2
11147,11058,23,Poienari,2
11165,11058,23,Tarmure,2
11156,11058,23,Tisa,2
11236,29,3,Hasmas,2
11245,11236,22,Hasmas,2
11254,11236,23,Agrisu Mic,2
11263,11236,23,Botfei,2
11272,11236,23,Clit,2
11281,11236,23,Comanesti,2
11290,11236,23,Urvisu De Beliu,2
11307,29,3,Ignesti,2
11316,11307,22,Ignesti,2
11325,11307,23,Minead,2
11334,11307,23,Nadalbesti,2
11343,11307,23,Susani,2
11352,29,3,Iratosu,2
11361,11352,22,Iratosu,2
11370,11352,23,Variasu Mare,2
11389,11352,23,Variasu Mic,2
9333,29,3,Livada,2
9342,9333,22,Livada,2
9351,9333,23,Sanleani,2
11398,29,3,Macea,2
11405,11398,22,Macea,2
11414,11398,23,Sanmartin,2
11423,29,3,Misca,2
11432,11423,22,Misca,2
11441,11423,23,Satu Nou,2
11450,11423,23,Vanatori,2
11469,11423,23,Zerindu Mic,2
11478,29,3,Moneasa,2
11487,11478,22,Moneasa,2
11496,11478,23,Ranusa,2
11502,29,3,Olari,2
11511,11502,22,Olari,2
11520,11502,23,Sintea Mica,2
11539,29,3,Paulis,2
11548,11539,22,Paulis,2
11557,11539,23,Baratca,2
11566,11539,23,Cladova,2
11575,11539,23,Sambateni,2
11584,29,2,Oras Pecica,2
11593,11584,17,Pecica,2
11600,11584,19,Bodrogu Vechi,2
11619,11584,19,Sederhat,2
11628,11584,19,Turnu,2
11637,29,3,Peregu Mare,2
11646,11637,22,Peregu Mare,2
11655,11637,23,Peregu Mic,2
11664,29,3,Petris,2
11673,11664,22,Petris,2
11682,11664,23,Corbesti,2
11691,11664,23,Ilteu,2
11708,11664,23,Obarsia,2
11717,11664,23,Rosia Noua,2
11726,11664,23,Seliste,2
11735,29,3,Pilu,2
11744,11735,22,Pilu,2
11753,11735,23,Varsand,2
11762,29,3,Plescuta,2
11771,11762,22,Plescuta,2
11780,11762,23,Aciuta,2
11799,11762,23,Budesti,2
11806,11762,23,Dumbrava,2
11815,11762,23,Gura Vaii,2
11824,11762,23,Rostoci,2
11833,11762,23,Talagiu,2
12144,29,3,Sagu,2
12153,12144,22,Sagu,2
12162,12144,23,Cruceni,2
12171,12144,23,Firiteaz,2
12180,12144,23,Fiscut,2
12199,12144,23,Hunedoara Timisana,2
12091,29,2,Oras Santana,2
12108,12091,17,Santana,2
12117,12091,18,Caporal Alexa,2
11842,29,3,Savarsin,2
11851,11842,22,Savarsin,2
11860,11842,23,Caprioara,2
11879,11842,23,Cuias,2
11888,11842,23,Halalis,2
11897,11842,23,Parnesti,2
11904,11842,23,Temesesti,2
11913,11842,23,Toc,2
11922,11842,23,Troas,2
11931,11842,23,Valea Mare,2
11940,29,3,Secusigiu,2
11959,11940,22,Secusigiu,2
11968,11940,23,Munar,2
11986,11940,23,Sanpetru German,2
11977,11940,23,Satu Mare,2
12206,29,3,Seitin,2
12215,12206,22,Seitin,2
11995,29,3,Seleus,2
12000,11995,22,Seleus,2
12019,11995,23,Iermata,2
12028,11995,23,Moroda,2
12037,29,3,Semlac,2
12046,12037,22,Semlac,2
12224,29,3,Sepreus,2
12233,12224,22,Sepreus,2
12242,29,3,Sicula,2
12251,12242,22,Sicula,2
12260,12242,23,Cherelus,2
12279,12242,23,Gurba,2
12288,29,3,Silindia,2
12297,12288,22,Silindia,2
12304,12288,23,Camna,2
12313,12288,23,Iercoseni,2
12322,12288,23,Luguzau,2
12331,12288,23,Satu Mic,2
12340,29,3,Simand,2
12359,12340,22,Simand,2
12055,29,3,Sintea Mare,2
12064,12055,22,Sintea Mare,2
12073,12055,23,Adea,2
12082,12055,23,Tipar,2
12368,29,3,Siria,2
12377,12368,22,Siria,2
12386,12368,23,Galsa,2
12395,12368,23,Masca,2
12402,29,3,Sistarovat,2
12411,12402,22,Sistarovat,2
12420,12402,23,Cuvesdia,2
12439,12402,23,Labasint,2
12448,12402,23,Varnita,2
12126,29,3,Socodor,2
12135,12126,22,Socodor,2
9360,29,3,Sofronea,2
9379,9360,22,Sofronea,2
9388,9360,23,Sanpaul,2
12509,29,3,Tarnova,2
12518,12509,22,Tarnova,2
12527,12509,23,Agrisu Mare,2
12536,12509,23,Araneag,2
12545,12509,23,Chier,2
12554,12509,23,Draut,2
12563,12509,23,Dud,2
12457,29,3,Taut,2
12466,12457,22,Taut,2
12475,12457,23,Minisel,2
12484,12457,23,Minisu De Sus,2
12493,12457,23,Nadas,2
12572,29,3,Varadia De Mures,2
12581,12572,22,Varadia De Mures,2
12590,12572,23,Baia,2
12607,12572,23,Julita,2
12616,12572,23,Lupesti,2
12625,12572,23,Nicolae Balcescu,2
12634,12572,23,Stejar,2
12689,29,3,Varfurile,2
12698,12689,22,Varfurile,2
12705,12689,23,Avram Iancu,2
12714,12689,23,Grosi,2
12723,12689,23,Lazuri,2
12732,12689,23,Magulicea,2
12741,12689,23,Mermesti,2
12750,12689,23,Poiana,2
12769,12689,23,Vidra,2
12643,29,3,Vinga,2
12652,12643,22,Vinga,2
12661,12643,23,Mailat,2
12670,12643,23,Manastur,2
9397,29,3,Vladimirescu,2
9404,9397,22,Vladimirescu,2
9413,9397,23,Cicir,2
9422,9397,23,Horia,2
9431,9397,23,Mandruloc,2
12778,29,3,Zabrani,2
12787,12778,22,Zabrani,2
12796,12778,23,Chesint,2
12803,12778,23,Neudorf,2
12812,29,3,Zarand,2
12821,12812,22,Zarand,2
12830,12812,23,Cintei,2
12849,29,3,Zerind,2
12858,12849,22,Zerind,2
12867,12849,23,Iermata Neagra,2
12876,29,3,Zimandu Nou,2
12885,12876,22,Zimandu Nou,2
12894,12876,23,Andrei Saguna,2
12901,12876,23,Zimandcuz,2
13169,38,1,Mun. Pitesti,3
13178,13169,9,Pitesti,3
13490,38,4,Mun. Campulung,3
13506,13490,9,Campulung,3
13515,13490,10,Valea Rumanestilor,3
13622,38,4,Mun. Curtea De Arges,3
13631,13622,9,Curtea De Arges,3
13640,13622,10,Noaptes,3
13668,38,2,Oras Costesti,3
13677,13668,17,Costesti,3
13686,13668,19,Brosteni,3
13695,13668,19,Laceni,3
13702,13668,19,Parvu Rosu,3
13711,13668,19,Podu Brosteni,3
13720,13668,19,Smei,3
13739,13668,19,Starci,3
13301,38,2,Oras Mioveni,3
13310,13301,17,Mioveni,3
13329,13301,19,Clucereasa,3
13338,13301,19,Colibasi,3
13347,13301,19,Fagetu,3
13356,13301,19,Racovita,3
13757,38,2,Oras Topoloveni,3
13766,13757,17,Topoloveni,3
13775,13757,19,Botarcani,3
13784,13757,19,Crintesti,3
13793,13757,19,Goranesti,3
13800,13757,19,Tiganesti,3
13819,38,3,Albestii De Arges,3
13828,13819,22,Albestii Pamanteni,3
13837,13819,23,Albestii Ungureni,3
13846,13819,23,Bratesti,3
13855,13819,23,Doblea,3
13864,13819,23,Dobrotu,3
13873,13819,23,Dumiresti,3
13882,13819,23,Florieni,3
13891,38,3,Albestii De Muscel,3
13908,20063,22,Bughea De Sus,3
13917,13891,22,Albesti,3
13926,13891,23,Candesti,3
13935,38,3,Albota,3
13944,13935,22,Albota,3
13953,13935,23,Cerbu,3
13962,13935,23,Fratesti,3
13971,13935,23,Gura Vaii,3
13980,13935,23,Mares,3
13999,38,3,Aninoasa,3
14003,13999,22,Aninoasa,3
14012,13999,23,Brosteni,3
14021,13999,23,Slanic,3
14030,13999,23,Valea Silistii,3
14049,38,3,Arefu,3
14058,14049,22,Capatanenii Pamanteni,3
14067,14049,23,Arefu,3
14076,14049,23,Capatanenii Ungureni,3
14085,38,3,Babana,3
14094,14085,22,Babana,3
14101,14085,23,Bajanesti,3
14110,14085,23,Ciobanesti,3
14129,14085,23,Cotmenita,3
14138,14085,23,Grosi,3
14147,14085,23,Lupueni,3
14156,14085,23,Slatioarele,3
14165,38,3,Baiculesti,3
14174,14165,22,Baiculesti,3
14183,14165,23,Alunisu,3
14192,14165,23,Anghinesti,3
14209,14165,23,Argesani,3
14218,14165,23,Manicesti,3
14227,14165,23,Stejari,3
14236,14165,23,Tutana,3
14245,14165,23,Valea Brazilor,3
14254,14165,23,Valea Lui Enache,3
14263,14165,23,Zigoneni,3
14272,38,3,Balilesti,3
14281,14272,22,Balilesti,3
14290,14272,23,Bajesti,3
14307,14272,23,Golesti,3
14316,14272,23,Poienita,3
14325,14272,23,Priboaia,3
14334,14272,23,Ulita,3
14343,14272,23,Valea Mare-Bratia,3
14450,38,3,Barla,3
14469,14450,22,Barla,3
14478,14450,23,Afrimesti,3
14487,14450,23,Badesti,3
14496,14450,23,Brabeti,3
14502,14450,23,Ciocesti,3
14511,14450,23,Malu,3
14520,14450,23,Mandra,3
14539,14450,23,Mozacenii-Vale,3
14548,14450,23,Podisoru,3
14557,14450,23,Selareasca,3
14566,14450,23,Urlueni,3
14575,14450,23,Zuvelcati,3
13187,38,3,Bascov,3
13196,13187,22,Bascov,3
13203,13187,23,Braileni,3
13212,13187,23,Glimbocu,3
13221,13187,23,Mica,3
13230,13187,23,Prislopu Mic,3
13249,13187,23,Scheau,3
13258,13187,23,Uiasca,3
13267,13187,23,Valea Ursului,3
14352,38,3,Beleti-Negresti,3
14361,14352,22,Zgripcesti,3
14370,14352,23,Beleti,3
14389,14352,23,Lentea,3
14398,14352,23,Negresti,3
14405,38,3,Berevoesti,3
14414,14405,22,Berevoesti,3
14423,14405,23,Bratia,3
14432,14405,23,Gamacesti,3
14441,14405,23,Otelu,3
14584,38,3,Bogati,3
14593,14584,22,Bogati,3
14600,14584,23,Barloi,3
14619,14584,23,Bujoi,3
14628,14584,23,Chitesti,3
14637,14584,23,Dumbrava,3
14646,14584,23,Glambocel,3
14655,14584,23,Glambocelu,3
14664,14584,23,Suseni,3
14673,38,3,Boteni,3
14682,14673,22,Boteni,3
14691,14673,23,Balabani,3
14708,14673,23,Lunca,3
14717,14673,23,Muscel,3
14726,38,3,Botesti,3
14735,14726,22,Botesti,3
14744,14726,23,Mosteni-Greci,3
13276,38,3,Bradu,3
13285,13276,22,Bradu,3
13294,13276,23,Geamana,3
14753,38,3,Bradulet,3
14762,14753,22,Bradulet,3
14771,14753,23,Alunisu,3
14780,14753,23,Bradetu,3
14799,14753,23,Cosaci,3
14806,14753,23,Galesu,3
14815,14753,23,Piatra,3
14824,14753,23,Slamnesti,3
14833,14753,23,Uleni,3
14842,14753,23,Ungureni,3
14851,38,3,Budeasa,3
14860,14851,22,Budeasa Mare,3
14879,14851,23,Budeasa Mica,3
14888,14851,23,Calotesti,3
14897,14851,23,Galasesti,3
14904,14851,23,Rogojina,3
14913,14851,23,Valea Marului,3
14922,38,3,Bughea De Jos,3
14931,14922,22,Bughea De Jos,3
14940,38,3,Buzoesti,3
14959,14940,22,Vulpesti,3
14968,14940,23,Bujoreni,3
14977,14940,23,Buzoesti,3
14986,14940,23,Cornatel,3
14995,14940,23,Curteanca,3
15000,14940,23,Ionesti,3
15019,14940,23,Podeni,3
15028,14940,23,Redea,3
15037,14940,23,Serboeni,3
15046,14940,23,Tomsanca,3
15055,14940,23,Vladuta,3
15064,38,3,Caldararu,3
15073,15064,22,Caldararu,3
15082,15064,23,Burdea,3
15091,15064,23,Strambeni,3
15108,38,3,Calinesti,3
15117,15108,22,Vranesti,3
15126,15108,23,Calinesti,3
15144,15108,23,Carstieni,3
15135,15108,23,Ciocanesti,3
15153,15108,23,Glodu,3
15162,15108,23,Gorganu,3
15171,15108,23,Radu Negru,3
15180,15108,23,Rancaciov,3
15199,15108,23,Udeni-Zavoi,3
15206,15108,23,Urlucea,3
15215,15108,23,Valea Corbului,3
15224,15108,23,Valeni-Podgoria,3
15233,38,3,Cateasca,3
15242,15233,22,Cateasca,3
15251,15233,23,Catanele,3
15260,15233,23,Ciresu,3
15279,15233,23,Coseri,3
15288,15233,23,Gruiu,3
15297,15233,23,Recea,3
15304,15233,23,Silistea,3
15313,38,3,Cepari,3
15322,15313,22,Ceparii Pamanteni,3
15331,15313,23,Carpenis,3
15340,15313,23,Ceparii Ungureni,3
15359,15313,23,Morasti,3
15368,15313,23,Sendrulesti,3
15377,15313,23,Urluiesti,3
15386,15313,23,Valea Magurei,3
15395,15313,23,Zamfiresti,3
15402,38,3,Cetateni,3
15411,15402,22,Cetateni,3
15420,15402,23,Laicai,3
15439,15402,23,Valea Cetatuia,3
15448,38,3,Cicanesti,3
15457,15448,22,Cicanesti,3
15466,15448,23,Barasti,3
15475,15448,23,Mioarele,3
15484,15448,23,Urechesti,3
15493,38,3,Ciofrangeni,3
15509,15493,22,Ciofrangeni,3
15518,15493,23,Burlusi,3
15527,15493,23,Lacurile,3
15536,15493,23,Piatra,3
15545,15493,23,Schitu-Matei,3
15554,38,3,Ciomagesti,3
15563,15554,22,Radutesti,3
15572,15554,23,Beculesti,3
15581,15554,23,Bratia,3
15590,15554,23,Ciomagesti,3
15607,15554,23,Cungrea,3
15616,15554,23,Dogari,3
15625,15554,23,Fedelesoiu,3
15634,15554,23,Giuclani,3
15643,15554,23,Paunesti,3
15652,38,3,Cocu,3
15661,15652,22,Rachitele De Jos,3
15670,15652,23,Barbatesti,3
15689,15652,23,Cocu,3
15698,15652,23,Crucisoara,3
15705,15652,23,Facaletesti,3
15714,15652,23,Greabanu,3
15723,15652,23,Popesti,3
15732,15652,23,Rachitele De Sus,3
15741,38,3,Corbeni,3
15750,15741,22,Corbeni,3
15769,15741,23,Berindesti,3
15778,15741,23,Bucsenesti,3
15787,15741,23,Oestii Pamanteni,3
15796,15741,23,Oestii Ungureni,3
15803,15741,23,Poienari,3
15812,15741,23,Rotunda,3
15821,15741,23,Turburea,3
15830,38,3,Corbi,3
15849,15830,22,Corbi,3
15858,15830,23,Corbsori,3
15867,15830,23,Jgheaburi,3
15876,15830,23,Poduri,3
15885,15830,23,Poienarei,3
15894,15830,23,Stanesti,3
15901,38,3,Cosesti,3
15910,15901,22,Cosesti,3
15929,15901,23,Jupanesti,3
15938,15901,23,Lapusani,3
15947,15901,23,Leicesti,3
15956,15901,23,Pacioiu,3
15965,15901,23,Petresti,3
15974,15901,23,Priseaca,3
15983,38,3,Cotmeana,3
15992,15983,22,Cotmeana,3
16007,15983,23,Bascovele,3
16016,15983,23,Bunesti,3
16025,15983,23,Costesti,3
16034,15983,23,Dealu Padurii,3
16043,15983,23,Dragolesti,3
16052,15983,23,Lintesti,3
16061,15983,23,Negesti,3
16070,15983,23,Pielesti,3
16089,15983,23,Sandulesti,3
16098,15983,23,Spiridoni,3
16105,15983,23,Ursoaia,3
16114,15983,23,Varloveni,3
16123,15983,23,Zamfiresti,3
16132,38,3,Cuca,3
16141,16132,22,Cuca,3
16150,16132,23,Baltata,3
16169,16132,23,Barbalani,3
16178,16132,23,Carcesti,3
16187,16132,23,Cotu,3
16196,16132,23,Crivatu,3
16203,16132,23,Launele De Sus,3
16212,16132,23,Macai,3
16221,16132,23,Manesti,3
16230,16132,23,Sinesti,3
16249,16132,23,Stanicei,3
16258,16132,23,Teodoresti,3
16267,16132,23,Valea Cucii,3
16276,16132,23,Vonigeasa,3
16329,38,3,Dambovicioara,3
16338,16329,22,Dambovicioara,3
16347,16329,23,Ciocanu,3
16356,16329,23,Podu Dambovitei,3
16365,38,3,Darmanesti,3
16374,16365,22,Darmanesti,3
16383,16365,23,Negreni,3
16392,16365,23,Piscani,3
16409,16365,23,Valea Nandrii,3
16418,16365,23,Valea Rizii,3
16285,38,3,Davidesti,3
16294,16285,22,Davidesti,3
16301,16285,23,Contesti,3
16310,16285,23,Voroveni,3
16427,38,3,Dobresti,3
16436,16427,22,Dobresti,3
16445,16427,23,Furesti,3
16454,38,3,Domnesti,3
16463,16454,22,Domnesti,3
16506,38,3,Draganu,3
16515,16506,22,Draganu-Olteni,3
16524,16506,23,Bacesti,3
16533,16506,23,Dumbravesti,3
16542,16506,23,Prislopu Mare,3
16472,38,3,Dragoslavele,3
16481,16472,22,Dragoslavele,3
16490,16472,23,Valea Hotarului,3
16551,38,3,Godeni,3
16560,16551,22,Godeni,3
16579,16551,23,Bordeieni,3
16588,16551,23,Capu Piscului,3
16597,16551,23,Cotesti,3
16604,16551,23,Malu,3
16613,38,3,Harsesti,3
16622,16613,22,Harsesti,3
16631,16613,23,Ciobani,3
16640,16613,23,Martalogi,3
16659,38,3,Hartiesti,3
16668,16659,22,Hartiesti,3
16677,20055,23,Barzesti,3
16686,16659,23,Dealu,3
16695,20055,23,Huluba,3
16702,16659,23,Lespezi,3
16711,16659,23,Lucieni,3
16720,20055,22,Vulturesti,3
16739,38,3,Izvoru,3
16748,16739,22,Izvoru,3
16757,38,3,Leordeni,3
16766,16757,22,Leordeni,3
16784,16757,23,Baila,3
16775,16757,23,Baloteasca,3
16793,16757,23,Bantau,3
16800,16757,23,Budisteni,3
16837,16757,23,Carciumaresti,3
16819,16757,23,Ciolcesti,3
16828,16757,23,Ciulnita,3
16846,16757,23,Cotu Malului,3
16855,16757,23,Glambocata,3
16864,16757,23,Glambocata-Deal,3
16873,16757,23,Glodu,3
16882,16757,23,Moara Mocanului,3
16891,16757,23,Schitu Scoicesti,3
16908,38,3,Leresti,3
16917,16908,22,Leresti,3
16926,16908,23,Pojorata,3
16935,16908,23,Voinesti,3
16944,38,3,Lunca Corbului,3
16953,16944,22,Lunca Corbului,3
16962,16944,23,Bumbueni,3
16971,16944,23,Catane,3
16980,16944,23,Ciesti,3
16999,16944,23,Langesti,3
17003,16944,23,Marghia De Jos,3
17012,16944,23,Marghia De Sus,3
17021,16944,23,Padureti,3
17030,16944,23,Silisteni,3
17049,38,3,Malureni,3
17058,17049,22,Malureni,3
17067,17049,23,Bunesti,3
17076,17049,23,Pauleasca,3
17085,17049,23,Toplita,3
17094,17049,23,Zarnesti,3
13365,38,3,Maracineni,3
13374,13365,22,Maracineni,3
13383,13365,23,Argeselu,3
17101,38,3,Merisani,3
17110,17101,22,Merisani,3
17129,17101,23,Borlesti,3
17138,17101,23,Brateasca,3
17147,17101,23,Capu Piscului,3
17156,17101,23,Crampotani,3
17165,17101,23,Dobrogostea,3
17174,17101,23,Malu Vanat,3
17192,17101,23,Valcelele,3
17183,17101,23,Varzaru,3
17209,38,3,Micesti,3
17218,17209,22,Micesti,3
17227,17209,23,Branzari,3
17236,17209,23,Pauleasca,3
17245,17209,23,Purcareni,3
17254,38,3,Mihaesti,3
17263,17254,22,Mihaesti,3
17272,17254,23,Draghici,3
17281,17254,23,Furnicosi,3
17290,17254,23,Rudeni,3
17325,17254,23,Vacarea,3
17307,17254,23,Valea Bradului,3
17316,17254,23,Valea Popii,3
17334,38,3,Mioarele,3
17343,17334,22,Matau,3
17352,17334,23,Alunis,3
17361,17334,23,Chilii,3
17370,17334,23,Cocenesti,3
17389,17334,23,Suslanesti,3
17398,38,3,Mirosi,3
17405,17398,22,Mirosi,3
17414,17398,23,Surdulesti,3
17423,38,3,Moraresti,3
17432,17423,22,Moraresti,3
17450,17423,23,Dealu Obejdeanului,3
17441,17423,23,Dedulesti,3
17469,17423,23,Luminile,3
17478,17423,23,Mancioiu,3
17487,17423,23,Sapunari,3
17496,38,3,Mosoaia,3
17502,17496,22,Mosoaia,3
17511,17496,23,Batrani,3
17520,17496,23,Ciocanai,3
17539,17496,23,Dealu Viilor,3
17548,17496,23,Hintesti,3
17557,17496,23,Lazaresti,3
17566,17496,23,Smeura,3
17575,38,3,Mozaceni,3
17584,17575,22,Mozaceni,3
17593,17575,23,Babaroaga,3
17600,17575,23,Zidurile,3
17619,38,3,Musatesti,3
17628,17619,22,Valsanesti,3
17637,17619,23,Bolovanesti,3
17646,17619,23,Costesti-Vaslan,3
17655,17619,23,Musatesti,3
17664,17619,23,Prosia,3
17673,17619,23,Robaia,3
17682,17619,23,Stroesti,3
17691,17619,23,Valea Faurului,3
17708,17619,23,Valea Lui Mas,3
17717,17619,23,Valea Muscelului,3
17726,38,3,Negrasi,3
17735,17726,22,Negrasi,3
17744,17726,23,Barlogu,3
17753,17726,23,Buta,3
17762,17726,23,Mozacu,3
17771,38,3,Nucsoara,3
17780,17771,22,Nucsoara,3
17799,17771,23,Gruiu,3
17806,17771,23,Sboghitesti,3
17815,17771,23,Slatina,3
17824,38,3,Oarja,3
17833,17824,22,Oarja,3
17842,17824,23,Ceausesti,3
17851,38,3,Pietrosani,3
17860,17851,22,Pietrosani,3
17879,17851,23,Badesti,3
17888,17851,23,Ganesti,3
17897,17851,23,Retevoiesti,3
17904,17851,23,Varzaroaia,3
18028,38,3,Poiana Lacului,3
18037,18028,22,Poiana Lacului,3
18046,18028,23,Catunasi,3
18055,18028,23,Cepari,3
18064,18028,23,Dealu Orasului,3
18073,18028,23,Dealu Viilor,3
18082,18028,23,Dinculesti,3
18117,18028,23,Galcesti,3
18091,18028,23,Galeteanu,3
18108,18028,23,Gardinesti,3
18126,18028,23,Metofu,3
18135,18028,23,Paduroiu Din Deal,3
18144,18028,23,Paduroiu Din Vale,3
18153,18028,23,Samara,3
17913,38,3,Poienarii De Arges,3
17922,17913,22,Poienari,3
17931,17913,23,Ceauresti,3
17940,17913,23,Ioanicesti,3
17959,17913,23,Tomulesti,3
17968,38,3,Poienarii De Muscel,3
17977,17968,22,Poienari,3
17986,17968,23,Grosani,3
17995,17968,23,Jugur,3
18000,17968,23,Serbanesti,3
18019,17968,23,Valea Indarat,3
18162,38,3,Popesti,3
18171,18162,22,Popesti,3
18180,20048,23,Adunati,3
18199,20048,23,Bucov,3
18206,18162,23,Palanga,3
18215,18162,23,Purcareni,3
18224,20048,22,Raca,3
18233,18162,23,Slobozia,3
18242,38,3,Priboieni,3
18251,18242,22,Priboieni,3
18260,18242,23,Albotele,3
18279,18242,23,Paraschivesti,3
18297,18242,23,Pitoi,3
18288,18242,23,Samaila,3
18304,18242,23,Valea Mare,3
18313,18242,23,Valea Nenii,3
18322,18242,23,Valea Popii,3
18331,38,3,Ratesti,3
18340,18331,22,Ratesti,3
18359,18331,23,Ciupa-Manciulescu,3
18368,18331,23,Furduesti,3
18377,18331,23,Mavrodolu,3
18386,18331,23,Nejlovelu,3
18395,18331,23,Patuleni,3
18402,18331,23,Tigveni,3
18411,38,3,Recea,3
18420,18411,22,Recea,3
18439,18411,23,Deagu De Jos,3
18448,18411,23,Deagu De Sus,3
18457,18411,23,Goleasca,3
18466,18411,23,Orodel,3
18475,38,3,Rociu,3
18484,18475,22,Rociu,3
18493,18475,23,Gliganu De Jos,3
18509,18475,23,Gliganu De Sus,3
18518,18475,23,Serbanesti,3
18527,38,3,Rucar,3
18536,18527,22,Rucar,3
18545,18527,23,Satic,3
18554,38,3,Salatrucu,3
18563,18554,22,Salatrucu,3
18572,18554,23,Valeni,3
18581,38,3,Sapata,3
18590,18581,22,Martesti,3
18607,18581,23,Banaresti,3
18616,18581,23,Dealu Bradului,3
18625,18581,23,Draghicesti,3
18634,18581,23,Gainusa,3
18643,18581,23,Lipia,3
18652,18581,23,Popesti,3
18661,18581,23,Turcesti,3
18670,38,3,Schitu Golesti,3
18689,18670,22,Schitu Golesti,3
18698,18670,23,Burnesti,3
18705,18670,23,Costita,3
18714,18670,23,Lazaresti,3
18723,18670,23,Loturi,3
18732,18670,23,Valea Pechii,3
18741,38,3,Slobozia,3
18750,18741,22,Slobozia,3
18769,18741,23,Nigrisoara,3
18778,38,3,Stalpeni,3
18787,18778,22,Stalpeni,3
18796,18778,23,Dealu Frumos,3
18803,18778,23,Livezeni,3
18812,18778,23,Ogrezea,3
18821,18778,23,Opresti,3
18830,18778,23,Pitigaia,3
18849,18778,23,Radesti,3
19114,38,3,Stefan Cel Mare,3
19123,19114,22,Stefan Cel Mare,3
19132,19114,23,Glavacioc,3
13392,38,2,Oras Stefanesti,3
13409,13392,17,Stefanesti,3
13418,13392,19,Enculesti,3
13427,13392,19,Golesti,3
13436,13392,19,Izvorani,3
13445,13392,19,Stefanestii Noi,3
13454,13392,19,Valea Mare-Podgoria,3
13463,13392,19,Viisoara,3
13472,13392,19,Zavoi,3
18858,38,3,Stoenesti,3
18867,18858,22,Stoenesti,3
18876,18858,23,Badeni,3
18885,18858,23,Cotenesti,3
18894,18858,23,Lunca Girtii,3
18901,18858,23,Piatra,3
18910,18858,23,Slobozia,3
18929,18858,23,Valea Badenilor,3
18938,38,3,Stolnici,3
18947,18938,22,Stolnici,3
18956,18938,23,Cochinesti,3
18965,18938,23,Cotmeana,3
18974,18938,23,Falfani,3
18983,18938,23,Izbasesti,3
18992,18938,23,Vlascuta,3
19141,38,3,Suici,3
19150,19141,22,Suici,3
19169,19141,23,Ianculesti,3
19178,19141,23,Paltenu,3
19187,19141,23,Pauleni,3
19196,19141,23,Rudeni,3
19203,19141,23,Valea Calului,3
19007,38,3,Suseni,3
19016,19007,22,Suseni,3
19025,19007,23,Burdesti,3
19034,19007,23,Cersani,3
19043,19007,23,Chiritesti,3
19052,19007,23,Galesesti,3
19061,19007,23,Odaeni,3
19070,19007,23,Padureni,3
19098,19007,23,Stefanesti,3
19089,19007,23,Strambeni,3
19105,19007,23,Tutulesti,3
19212,38,3,Teiu,3
19221,19212,22,Teiu,3
19230,19212,23,Lesile,3
19249,38,3,Tigveni,3
19258,19249,22,Tigveni,3
19267,19249,23,Badislava,3
19276,19249,23,Balilesti,3
19285,19249,23,Balteni,3
19294,19249,23,Barsestii De Jos,3
19301,19249,23,Barsestii De Sus,3
19310,19249,23,Blaju,3
19329,19249,23,Vladesti,3
19338,38,3,Titesti,3
19347,19338,22,Titesti,3
19356,19338,23,Bucsenesti-Lotasi,3
19365,19338,23,Cismea,3
19374,19338,23,Valea Manastirii,3
19383,19338,23,Valea Stanii,3
19392,38,3,Uda,3
19409,19392,22,Uda,3
19418,19392,23,Badulesti,3
19427,19392,23,Baranesti,3
19436,19392,23,Branistea,3
19445,19392,23,Chiritesti,3
19454,19392,23,Cotu,3
19463,19392,23,Dealu Bisericii,3
19472,19392,23,Dealu Tolcesii,3
19481,19392,23,Diconesti,3
19490,19392,23,Gorani,3
19506,19392,23,Greaban,3
19515,19392,23,Lungulesti,3
19524,19392,23,Miercani,3
19533,19392,23,Rajletu-Govora,3
19542,19392,23,Romana,3
19551,19392,23,Salistea,3
19560,38,3,Ungheni,3
19579,19560,22,Ungheni,3
19588,19560,23,Coltu,3
19597,19560,23,Gaujani,3
19604,19560,23,Goia,3
19613,19560,23,Humele,3
19622,19560,23,Satu Nou,3
19631,38,3,Valea Danului,3
19640,19631,22,Valea Danului,3
19659,19631,23,Banicesti,3
19668,19631,23,Bolculesti,3
19677,19631,23,Borobanesti,3
19686,19631,23,Vernesti,3
19695,38,3,Valea Iasului,3
19702,19695,22,Valea Iasului,3
19711,19695,23,Badila,3
19720,19695,23,Barbalatesti,3
19739,19695,23,Borovinesti,3
19748,19695,23,Cerbureni,3
19757,19695,23,Mustatesti,3
19766,19695,23,Ruginoasa,3
19775,19695,23,Ungureni,3
19784,19695,23,Valea Uleiului,3
13524,38,3,Valea Mare Pravat,3
13533,13524,22,Valea Mare Pravat,3
13542,13524,23,Bilcesti,3
13551,13524,23,Colnic,3
13560,13524,23,Fintinea,3
13579,13524,23,Gura Pravat,3
13588,13524,23,Namaesti,3
13597,13524,23,Pietroasa,3
13604,13524,23,Selari,3
19793,38,3,Vedea,3
19800,19793,22,Vedea,3
19819,19793,23,Badicea,3
19828,19793,23,Blejani,3
19837,19793,23,Buretesti,3
19846,19793,23,Chiritesti,3
19855,19793,23,Chitani,3
19864,19793,23,Ciuresti,3
19873,19793,23,Dincani,3
19882,19793,23,Fata,3
19891,19793,23,Fratici,3
19908,19793,23,Izvoru De Jos,3
19917,19793,23,Izvoru De Sus,3
19926,19793,23,Lungani,3
19935,19793,23,Mogosesti,3
19944,19793,23,Prodani,3
19953,19793,23,Ratoi,3
19980,19793,23,Varsesti,3
19962,19793,23,Vata,3
19971,19793,23,Vetisoara,3
19999,38,3,Vladesti,3
20000,19999,22,Vladesti,3
20019,19999,23,Coteasca,3
20028,19999,23,Draghescu,3
20037,19999,23,Putina,3
20297,47,1,Mun. Bacau,4
20304,20297,9,Bacau,4
20563,47,4,Mun. Onesti,4
20572,20563,9,Onesti,4
20581,20563,10,Borzesti,4
20590,20563,10,Slobozia,4
20778,47,2,Oras Buhusi,4
20787,20778,17,Buhusi,4
20796,20778,18,Marginea,4
20803,20778,18,Runcu,4
20821,47,2,Oras Comanesti,4
20830,20821,17,Comanesti,4
20849,20821,18,Podei,4
20858,20821,18,Vermesti,4
22166,47,2,Oras Darmanesti,4
22175,22166,17,Darmanesti,4
22184,22166,19,Darmaneasca,4
22193,22166,19,Lapos,4
22200,22166,19,Pagubeni,4
22219,22166,19,Plopu,4
22228,22166,19,Salatruc,4
20876,47,4,Mun. Moinesti,4
20885,20876,9,Moinesti,4
20894,20876,10,Gazarie,4
20910,47,2,Oras Slanic Moldova,4
20929,20910,17,Slanic Moldova,4
20938,20910,18,Cerdac,4
20947,20910,18,Ciresoaia,4
20965,47,2,Oras Targu Ocna,4
20974,20965,17,Targu Ocna,4
20983,20965,18,Poieni,4
20992,20965,18,Valcele,4
21007,47,3,Agas,4
21016,21007,22,Agas,4
21025,21007,23,Beleghet,4
21034,21007,23,Cosnea,4
21043,21007,23,Cotumba,4
21052,21007,23,Diaconesti,4
21061,21007,23,Goioasa,4
21070,21007,23,Preluci,4
21089,21007,23,Sulta,4
21098,47,3,Ardeoani,4
21105,21098,22,Ardeoani,4
21114,21098,23,Leontinesti,4
21123,47,3,Asau,4
21132,21123,22,Asau,4
21141,21123,23,Apa Asau,4
21150,21123,23,Ciobanus,4
21169,21123,23,Lunca Asau,4
21178,21123,23,Paltinis,4
21187,21123,23,Straja,4
21196,47,3,Balcani,4
21203,21196,22,Balcani,4
21212,21196,23,Frumoasa,4
21221,21196,23,Ludasi,4
21230,21196,23,Schitu Frumoasa,4
21454,47,3,Barsanesti,4
21463,21454,22,Barsanesti,4
21472,21454,23,Albele,4
21481,21454,23,Bratesti,4
21490,21454,23,Caraclau,4
21249,47,3,Beresti-Bistrita,4
21258,21249,22,Beresti-Bistrita,4
21267,21249,23,Brad,4
21276,26379,23,Ciumasi,4
21285,21249,23,Climesti,4
21294,26379,23,Dumbrava,4
21301,26379,23,Fagetel,4
21310,26379,22,Itesti,4
21329,21249,23,Padureni,4
21338,47,3,Beresti-Tazlau,4
21347,21338,22,Beresti-Tazlau,4
21356,21338,23,Bosoteni,4
21365,21338,23,Enachesti,4
21374,21338,23,Prisaca,4
21383,21338,23,Romanesti,4
21392,21338,23,Tescani,4
21409,21338,23,Turluianu,4
21418,47,3,Berzunti,4
21427,21418,22,Berzunti,4
21436,21418,23,Buda,4
21445,21418,23,Dragomir,4
21506,47,3,Blagesti,4
21515,21506,22,Blagesti,4
21524,21506,23,Buda,4
21533,21506,23,Poiana Negustorului,4
21542,21506,23,Tardenii Mari,4
21551,21506,23,Valea Lui Ion,4
21560,47,3,Bogdanesti,4
21579,21560,22,Bogdanesti,4
21588,21560,23,Filipesti,4
21597,47,3,Brusturoasa,4
21604,21597,22,Brusturoasa,4
21613,21597,23,Buruienis,4
21622,21597,23,Buruienisu De Sus,4
21631,21597,23,Camenca,4
21640,21597,23,Cuchinis,4
21659,21597,23,Hanganesti,4
21668,47,3,Buhoci,4
21677,21668,22,Buhoci,4
21686,21668,23,Bijghir,4
21695,21668,23,Buhocel,4
21702,21668,23,Coteni,4
21711,21668,23,Dospinesti,4
21757,47,3,Caiuti,4
21766,21757,22,Caiuti,4
21775,21757,23,Blidari,4
21784,21757,23,Boistea,4
21793,21757,23,Floresti,4
21800,21757,23,Heltiu,4
21819,21757,23,Marcesti,4
21828,21757,23,Popeni,4
21837,21757,23,Pralea,4
21846,21757,23,Vranceni,4
21720,47,3,Casin,4
21739,21720,22,Casin,4
21748,21720,23,Curita,4
21855,47,3,Cleja,4
21864,21855,22,Cleja,4
21873,21855,23,Somusca,4
21882,21855,23,Valea Mica,4
21891,47,3,Colonesti,4
21908,21891,22,Colonesti,4
21917,21891,23,Calini,4
21926,21891,23,Poiana,4
21935,21891,23,Satu Nou,4
21944,21891,23,Spria,4
21953,21891,23,Valea Mare,4
21962,21891,23,Zapodia,4
21971,47,3,Corbasca,4
21980,21971,22,Corbasca,4
21999,21971,23,Bacioiu,4
22004,21971,23,Marvila,4
22013,21971,23,Poglet,4
22022,21971,23,Rogoaza,4
22031,21971,23,Scarisoara,4
22040,21971,23,Valcele,4
22059,47,3,Cotofanesti,4
22068,22059,22,Cotofanesti,4
22077,22059,23,Balca,4
22086,22059,23,Boistea De Jos,4
22095,22059,23,Borsani,4
22102,22059,23,Tamasoaia,4
22111,47,3,Damienesti,4
22120,22111,22,Damienesti,4
22139,22111,23,Calugareni,4
22148,22111,23,Dragesti,4
22157,22111,23,Padureni,4
22237,47,3,Dealu Morii,4
22246,22237,22,Dealu Morii,4
22264,22237,23,Balanesti,4
22255,22237,23,Banca,4
22273,22237,23,Blaga,4
22282,22237,23,Bobos,4
22291,22237,23,Bodeasa,4
22308,22237,23,Bostanesti,4
22317,22237,23,Calapodesti,4
22326,22237,23,Cauia,4
22335,22237,23,Dorofei,4
22344,22237,23,Ghionoaia,4
22353,22237,23,Gradesti,4
22362,22237,23,Negulesti,4
22371,22237,23,Tavadaresti,4
22380,47,3,Dofteana,4
22399,22380,22,Dofteana,4
22406,22380,23,Bogata,4
22415,22380,23,Cucuieti,4
22424,22380,23,Haghiac,4
22433,22380,23,Larga,4
22442,22380,23,Seaca,4
22451,22380,23,Stefan Voda,4
22460,47,3,Faraoani,4
22479,22460,22,Faraoani,4
22488,47,3,Filipeni,4
22497,22488,22,Filipeni,4
22503,22488,23,Balaia,4
22512,22488,23,Brad,4
22521,22488,23,Fruntesti,4
22530,22488,23,Marasti,4
22549,22488,23,Padureni,4
22558,22488,23,Slobozia,4
22567,22488,23,Valea Botului,4
22576,47,3,Filipesti,4
22585,22576,22,Filipesti,4
22594,22576,23,Boanta,4
22601,22576,23,Carligi,4
22610,22576,23,Cornesti,4
22629,22576,23,Cotu Grosului,4
22638,22576,23,Galbeni,4
22647,22576,23,Harlesti,4
22656,22576,23,Oniscani,4
22665,47,3,Gaiceana,4
22674,22665,22,Gaiceana,4
22683,22665,23,Arini,4
22692,22665,23,Hutu,4
22709,22665,23,Popesti,4
22781,47,3,Garleni,4
22790,22781,22,Garlenii De Sus,4
22807,22781,23,Garleni,4
22816,22781,23,Lespezi,4
22825,22781,23,Surina,4
22718,47,3,Ghimes-Faget,4
22727,22718,22,Faget,4
22736,22718,23,Bolovanis,4
22745,22718,23,Fagetu De Sus,4
22754,22718,23,Ghimes,4
22763,22718,23,Rachitis,4
22772,22718,23,Tarhausi,4
22834,47,3,Glavanesti,4
22843,22834,22,Glavanesti,4
22852,22834,23,Frumuselu,4
22861,22834,23,Muncelu,4
22870,22834,23,Putredeni,4
22889,22834,23,Razesu,4
20607,47,3,Gura Vaii,4
20616,20607,22,Gura Vaii,4
20625,20607,23,Capata,4
20634,20607,23,Dumbrava,4
20643,20607,23,Motocesti,4
20652,20607,23,Paltinata,4
20661,20607,23,Temelia,4
22898,47,3,Helegiu,4
22905,22898,22,Helegiu,4
22914,22898,23,Bratila,4
22923,22898,23,Deleni,4
22932,22898,23,Dragugesti,4
20313,47,3,Hemeius,4
20322,20313,22,Hemeius,4
20331,20313,23,Fantanele,4
20340,20313,23,Lilieci,4
22941,47,3,Horgesti,4
22950,22941,22,Horgesti,4
22969,22941,23,Bazga,4
22978,22941,23,Galeri,4
22987,22941,23,Marascu,4
23001,22941,23,Racatau De Jos,4
22996,22941,23,Racatau-Razesi,4
23010,22941,23,Recea,4
23029,22941,23,Sohodor,4
23047,47,3,Huruiesti,4
23056,23047,22,Huruiesti,4
23065,23047,23,Capotesti,4
23074,23047,23,Floresti,4
23083,23047,23,Fundoaia,4
23092,23047,23,Ocheni,4
23109,23047,23,Perchiu,4
23118,23047,23,Pradais,4
23127,47,3,Izvoru Berheciului,4
23136,23127,22,Izvoru Berheciului,4
23145,23127,23,Antohesti,4
23154,23127,23,Baimac,4
23163,23127,23,Faghieni,4
23172,23127,23,Obarsia,4
23181,23127,23,Otelesti,4
23190,23127,23,Padureni,4
20359,47,3,Letea Veche,4
20368,20359,22,Letea Veche,4
20377,20359,23,Holt,4
20386,20359,23,Radomiresti,4
20395,20359,23,Rusi-Ciutea,4
20402,20359,23,Siretu,4
23207,47,3,Lipova,4
23216,23207,22,Lipova,4
23225,23207,23,Malosu,4
23234,23207,23,Satu Nou,4
23243,23207,23,Valea Caselor,4
23252,23207,23,Valea Hogei,4
23261,23207,23,Valea Marului,4
23270,23207,23,Valea Mosneagului,4
23289,47,3,Livezi,4
23298,23289,22,Livezi,4
23305,23289,23,Balaneasa,4
23314,23289,23,Orasa,4
23323,23289,23,Poiana,4
23332,23289,23,Prajoaia,4
23341,23289,23,Scariga,4
23350,47,3,Luizi-Calugara,4
23369,23350,22,Luizi-Calugara,4
23378,23350,23,Osebiti,4
23387,47,3,Magiresti,4
23396,23387,22,Magiresti,4
23403,23387,23,Prajesti,4
23421,23387,23,Sesuri,4
23412,23387,23,Stanesti,4
23430,23387,23,Valea Arinilor,4
20411,47,3,Magura,4
20420,20411,22,Magura,4
20439,20411,23,Crihan,4
20448,20411,23,Dealu-Mare,4
20457,20411,23,Sohodol,4
23449,47,3,Manastirea Casin,4
23458,23449,22,Manastirea Casin,4
23467,23449,23,Lupesti,4
23476,23449,23,Pirvulesti,4
23485,23449,23,Scutaru,4
20466,47,3,Margineni,4
20475,20466,22,Margineni,4
20484,20466,23,Barati,4
20493,20466,23,Luncani,4
20509,20466,23,Padureni,4
20518,20466,23,Podis,4
20527,20466,23,Poiana,4
20536,20466,23,Trebes,4
20545,20466,23,Valea Budului,4
23494,47,3,Motoseni,4
23500,23494,22,Motoseni,4
23519,23494,23,Baclesti,4
23528,23494,23,Chetreni,4
23537,23494,23,Chicerea,4
23546,23494,23,Cociu,4
23555,23494,23,Cornatelu,4
23564,23494,23,Fantanele,4
23573,23494,23,Fundatura,4
23582,23494,23,Gura Craiesti,4
23591,23494,23,Poiana,4
23608,23494,23,Praja,4
23617,23494,23,Rotaria,4
23626,23494,23,Sendresti,4
23635,23494,23,Tepoaia,4
23644,47,3,Negri,4
23653,23644,22,Negri,4
23662,23644,23,Brad,4
23671,23644,23,Calinesti,4
23680,23644,23,Magla,4
23699,23644,23,Poiana,4
23706,23644,23,Ursoaia,4
23715,47,3,Nicolae Balcescu,4
23724,23715,22,Nicolae Balcescu,4
23733,26320,23,Baltata,4
23742,23715,23,Buchila,4
23751,23715,23,Galbeni,4
23760,23715,23,Larguta,4
23779,26320,22,Sarata,4
23788,23715,23,Valea Seaca,4
23797,47,3,Oituz,4
23804,23797,22,Oituz,4
23813,23797,23,Calcai,4
23822,23797,23,Ferestrau-Oituz,4
23831,23797,23,Hirja,4
23840,23797,23,Marginea,4
23859,23797,23,Poiana Sarata,4
23868,47,3,Oncesti,4
23877,23868,22,Oncesti,4
23886,23868,23,Barboasa,4
23895,23868,23,Dealu Perjului,4
23902,23868,23,Oncestii Vechi,4
23911,23868,23,Satu Nou,4
23920,23868,23,Tarnita,4
23939,23868,23,Taula,4
23948,47,3,Orbeni,4
23957,23948,22,Orbeni,4
23966,23948,23,Scurta,4
23975,47,3,Palanca,4
23984,23975,22,Palanca,4
23993,23975,23,Cadaresti,4
24007,23975,23,Ciughes,4
24016,23975,23,Pajistea,4
24025,23975,23,Popoiu,4
24187,47,3,Pancesti,4
24196,24187,22,Pancesti,4
24203,24187,23,Chilia Benei,4
24212,24187,23,Dienet,4
24221,24187,23,Fulgeris,4
24230,24187,23,Fundu Vaii,4
24249,24187,23,Motoc,4
24258,24187,23,Petresti,4
24267,24187,23,Soci,4
24034,47,3,Parava,4
24043,24034,22,Parava,4
24052,24034,23,Dragusani,4
24061,24034,23,Radoaia,4
24070,24034,23,Teius,4
24276,47,3,Pargaresti,4
24285,24276,22,Pargaresti,4
24294,24276,23,Bahna,4
24301,24276,23,Nicoresti,4
24310,24276,23,Parau Boghii,4
24329,24276,23,Satu Nou,4
24089,47,3,Parincea,4
24098,24089,22,Parincea,4
24105,24089,23,Barna,4
24114,24089,23,Milestii De Jos,4
24123,24089,23,Milestii De Sus,4
24132,24089,23,Nanesti,4
24141,24089,23,Nastaseni,4
24150,24089,23,Poieni,4
24169,24089,23,Satu Nou,4
23038,24089,23,Valeni,4
24178,24089,23,Vladnic,4
24338,47,3,Parjol,4
24347,24338,22,Parjol,4
24356,24338,23,Bahnaseni,4
24365,24338,23,Barnesti,4
24374,24338,23,Basasti,4
24383,24338,23,Campeni,4
24392,24338,23,Haineala,4
24409,24338,23,Pustiana,4
24418,24338,23,Tarita,4
24427,47,3,Plopana,4
24436,24427,22,Plopana,4
24445,24427,23,Budesti,4
24454,24427,23,Dorneni,4
24463,24427,23,Fundu Tutovei,4
24472,24427,23,Itcani,4
24490,24427,23,Rusenii De Sus,4
24481,24427,23,Rusenii Razesi,4
24506,24427,23,Straminoasa,4
24515,24427,23,Tigira,4
24524,47,3,Podu Turcului,4
24533,24524,22,Podu Turcului,4
24542,24524,23,Balanesti,4
24551,24524,23,Cabesti,4
24560,24524,23,Fichitesti,4
24579,24524,23,Giurgioana,4
24588,24524,23,Hanta,4
24597,24524,23,Lehancea,4
24604,24524,23,Plopu,4
24613,24524,23,Racusana,4
24622,24524,23,Sirbi,4
24631,47,3,Poduri,4
24640,24631,22,Poduri,4
24659,24631,23,Bucsesti,4
24668,24631,23,Cernu,4
24677,24631,23,Cornet,4
24686,24631,23,Negreni,4
24695,24631,23,Prohozesti,4
24702,24631,23,Valea Sosii,4
24766,47,3,Racaciuni,4
24775,24766,22,Racaciuni,4
24784,24766,23,Ciucani,4
24793,24766,23,Fundu Racaciuni,4
24800,24766,23,Gheorghe Doja,4
24819,24766,23,Gisteni,4
24828,24766,23,Rastoaca,4
24837,47,3,Rachitoasa,4
24846,24837,22,Rachitoasa,4
24855,24837,23,Barcana,4
24864,24837,23,Bucsa,4
24873,24837,23,Buda,4
24882,24837,23,Burdusaci,4
24891,24837,23,Danaila,4
24908,24837,23,Dumbrava,4
24917,24837,23,Farcasa,4
24926,24837,23,Fundatura Rachitoasa,4
24935,24837,23,Haghiac,4
24944,24837,23,Magazia,4
24953,24837,23,Movilita,4
24962,24837,23,Oprisesti,4
24971,24837,23,Putini,4
24980,24837,23,Tochilea,4
24711,47,3,Racova,4
24720,24711,22,Racova,4
24739,24711,23,Gura Vaii,4
24748,24711,23,Halmacioaia,4
24757,24711,23,Iliesi,4
24999,47,3,Rosiori,4
25004,24999,22,Rosiori,4
25013,24999,23,Misihanesti,4
25022,24999,23,Neguseni,4
25031,24999,23,Poieni,4
25040,24999,23,Valea Mare,4
25059,24999,23,Valea Mica,4
25148,47,3,Sanduleni,4
25157,25148,22,Sanduleni,4
25166,25148,23,Barzulesti,4
25175,25148,23,Coman,4
25184,25148,23,Mateiesti,4
25193,25148,23,Stufu,4
25200,25148,23,Tisa,4
25219,25148,23,Versesti,4
25068,47,3,Sascut,4
25077,25068,22,Sascut,4
25086,25068,23,Beresti,4
25095,25068,23,Contesti,4
25102,25068,23,Pancesti,4
25111,25068,23,Sascut-Sat,4
25120,25068,23,Schineni,4
25139,25068,23,Valea Nacului,4
25228,47,3,Saucesti,4
25237,25228,22,Saucesti,4
25246,25228,23,Bogdan Voda,4
25255,25228,23,Costei,4
25264,25228,23,Schineni,4
25282,25228,23,Serbesti,4
25273,25228,23,Siretu,4
25291,47,3,Scorteni,4
25308,25291,22,Scorteni,4
25317,25291,23,Bogdanesti,4
25326,25291,23,Floresti,4
25335,25291,23,Grigoreni,4
25353,25291,23,Serpeni,4
25344,25291,23,Stejaru,4
25362,47,3,Secuieni,4
25371,25362,22,Secuieni,4
25380,26353,23,Balusa,4
25399,25362,23,Berbinceni,4
25406,25362,23,Chiticeni,4
25415,26353,23,Ciuturesti,4
25424,25362,23,Fundeni,4
25433,25362,23,Glodisoarele,4
25442,26353,22,Odobesti,4
25451,26353,23,Tisa-Silvestri,4
25460,25362,23,Valea Finatului,4
25479,25362,23,Valeni,4
25488,47,3,Solont,4
25497,25488,22,Solont,4
25503,25488,23,Cucuieti,4
25512,25488,23,Sarata,4
25521,47,3,Stanisesti,4
25530,25521,22,Stanisesti,4
25549,25521,23,Balotesti,4
25558,25521,23,Belciuneasa,4
25567,25521,23,Benesti,4
25576,25521,23,Craiesti,4
25585,25521,23,Gorghesti,4
25594,25521,23,Slobozia,4
25601,25521,23,Slobozia Noua,4
25610,25521,23,Valeni,4
20670,47,3,Stefan Cel Mare,4
20689,20670,22,Stefan Cel Mare,4
20698,20670,23,Bogdana,4
20705,26338,22,Buciumi,4
20714,20670,23,Gutinas,4
20723,20670,23,Negoiesti,4
20732,26338,23,Racauti,4
20741,20670,23,Radeana,4
20750,20670,23,Viisoara,4
25629,47,3,Strugari,4
25638,25629,22,Strugari,4
25647,25629,23,Cetatuia,4
25656,25629,23,Iaz,4
25665,25629,23,Nadisa,4
25674,25629,23,Petricica,4
25683,25629,23,Rachitisu,4
25692,47,3,Tamasi,4
25709,25692,22,Tamasi,4
25718,25692,23,Chetris,4
25727,25692,23,Furnicari,4
25736,26346,22,Gioseni,4
25825,47,3,Targu Trotus,4
25834,25825,22,Targu Trotus,4
25843,25825,23,Tuta,4
25852,25825,23,Viisoara,4
25745,47,3,Tatarasti,4
25754,25745,22,Tatarasti,4
25763,25745,23,Cornii De Jos,4
25772,25745,23,Cornii De Sus,4
25781,25745,23,Dragesti,4
25790,25745,23,Gherdana,4
25807,25745,23,Giurgeni,4
25816,25745,23,Ungureni,4
25861,47,3,Traian,4
25870,25861,22,Traian,4
25889,25861,23,Bogdanesti,4
25898,25861,23,Hertioana De Jos,4
25905,25861,23,Hertioana-Razesi,4
25914,26361,22,Prajesti,4
25923,25861,23,Zapodia,4
25932,47,3,Ungureni,4
25941,25932,22,Ungureni,4
25950,25932,23,Bartasesti,4
25969,25932,23,Bibiresti,4
25978,25932,23,Bota,4
25987,25932,23,Botesti,4
25996,25932,23,Garla Anei,4
26001,25932,23,Viforeni,4
26010,25932,23,Zlatari,4
26029,47,3,Urechesti,4
26038,26029,22,Urechesti,4
26047,26029,23,Cornatel,4
26056,26029,23,Lunca Dochiei,4
26065,26029,23,Satu Nou,4
26074,26029,23,Slobozia,4
26083,47,3,Valea Seaca,4
26092,26083,22,Valea Seaca,4
26109,26083,23,Cucova,4
26118,47,3,Vultureni,4
26127,26118,22,Lichitiseni,4
26136,26118,23,Bosia,4
26145,26118,23,Dadesti,4
26154,26118,23,Dorneni,4
26163,26118,23,Ghilavesti,4
26172,26118,23,Godinestii De Jos,4
26181,26118,23,Godinestii De Sus,4
26190,26118,23,Medeleni,4
26207,26118,23,Nazarioaia,4
26216,26118,23,Reprivat,4
26234,26118,23,Tiganesti,4
26225,26118,23,Tomozia,4
26243,26118,23,Valea Lupului,4
26252,26118,23,Valea Merilor,4
26261,26118,23,Valea Salciei,4
26270,26118,23,Vultureni,4
26289,47,3,Zemes,4
26298,26289,22,Zemes,4
26305,26289,23,Bolatau,4
26564,56,1,Mun. Oradea,5
26573,26564,9,Oradea,5
26699,56,2,Oras Alesd,5
26706,26699,17,Alesd,5
26715,26699,18,Padurea Neagra,5
26724,26699,18,Pestis,5
26733,26699,18,Tinaud,5
26804,56,4,Mun. Beius,5
26813,26804,9,Beius,5
26822,26804,10,Delani,5
26877,56,4,Mun. Marghita,5
26886,26877,9,Marghita,5
26895,26877,10,Chet,5
26902,26877,10,Ghenetea,5
26920,56,2,Oras Nucet,5
26939,26920,17,Nucet,5
26948,26920,18,Baita,5
26957,26920,18,Baita-Plai,5
26975,56,4,Mun. Salonta,5
26984,26975,9,Salonta,5
26840,56,2,Oras Stei,5
26859,26840,17,Stei,5
32027,56,2,Oras Valea Lui Mihai,5
32036,32027,17,Valea Lui Mihai,5
27007,56,2,Oras Vascau,5
27016,27007,17,Vascau,5
27025,27007,18,Camp,5
27034,27007,18,Camp-Moti,5
27043,27007,18,Colesti,5
27052,27007,18,Varzarii De Jos,5
27061,27007,18,Varzarii De Sus,5
27070,56,3,Abram,5
27089,27070,22,Abram,5
27098,27070,23,Cohani,5
27105,27070,23,Dijir,5
27114,27070,23,Iteu,5
27123,27070,23,Iteu Nou,5
27132,27070,23,Margine,5
27141,27070,23,Satu Barba,5
27150,27070,23,Suiug,5
27169,56,3,Abramut,5
27178,27169,22,Abramut,5
27187,27169,23,Crestur,5
27196,27169,23,Fancica,5
27203,27169,23,Petreu,5
26742,56,3,Astileu,5
26751,26742,22,Astileu,5
26760,26742,23,Calatea,5
26779,26742,23,Chistag,5
26788,26742,23,Pestere,5
27212,56,3,Auseu,5
27221,27212,22,Auseu,5
27230,27212,23,Cacuciu Vechi,5
27249,27212,23,Codrisoru,5
27258,27212,23,Gheghie,5
27267,27212,23,Grosi,5
27276,27212,23,Luncsoara,5
27285,56,3,Avram Iancu,5
27294,27285,22,Avram Iancu,5
27301,27285,23,Ant,5
27310,27285,23,Tamasda,5
27329,56,3,Balc,5
27338,27329,22,Balc,5
27347,27329,23,Almasu Mare,5
27356,27329,23,Almasu Mic,5
27365,27329,23,Ghida,5
27374,27329,23,Saldabagiu De Barcau,5
27383,56,3,Batar,5
27392,27383,22,Batar,5
27409,27383,23,Arpasel,5
27418,27383,23,Talpos,5
27427,27383,23,Taut,5
27436,56,3,Biharia,5
27445,27436,22,Biharia,5
27454,27436,23,Cauaceu,5
27463,32153,23,Niuved,5
27472,32153,23,Parhida,5
27481,32153,23,Satu Nou,5
27490,32153,22,Tamaseu,5
27506,56,3,Boianu Mare,5
27515,27506,22,Boianu Mare,5
27524,27506,23,Corboaia,5
27533,27506,23,Huta,5
27542,27506,23,Pagaia,5
27551,27506,23,Rugea,5
27560,56,3,Borod,5
27579,27560,22,Borod,5
27588,27560,23,Borozel,5
27597,27560,23,Cetea,5
27604,27560,23,Cornitel,5
27613,27560,23,Serani,5
27622,27560,23,Valea Mare De Cris,5
27631,56,3,Bors,5
27640,27631,22,Bors,5
27659,27631,23,Santaul Mare,5
27668,27631,23,Santaul Mic,5
27677,27631,23,Santion,5
27686,56,3,Bratca,5
27695,27686,22,Bratca,5
27711,27686,23,Beznea,5
27702,27686,23,Damis,5
27720,27686,23,Lorau,5
27739,27686,23,Ponoara,5
27748,27686,23,Valea Crisului,5
27757,56,3,Brusturi,5
27766,27757,22,Brusturi,5
27775,27757,23,Cuiesd,5
27784,27757,23,Loranta,5
27793,27757,23,Orvisele,5
27800,27757,23,Paulesti,5
27819,27757,23,Picleu,5
27828,27757,23,Tiganestii De Cris,5
27837,27757,23,Varasau,5
27846,56,3,Budureasa,5
27855,27846,22,Budureasa,5
27864,27846,23,Burda,5
27873,27846,23,Saca,5
27882,27846,23,Saliste De Beius,5
27891,27846,23,Teleac,5
27908,56,3,Buduslau,5
27917,27908,22,Buduslau,5
27926,27908,23,Albis,5
27935,56,3,Bulz,5
27944,27935,22,Bulz,5
27953,27935,23,Munteni,5
27962,27935,23,Remeti,5
27971,56,3,Buntesti,5
27980,27971,22,Buntesti,5
27999,27971,23,Bradet,5
28004,27971,23,Dumbravani,5
28013,27971,23,Ferice,5
28022,27971,23,Lelesti,5
28031,27971,23,Poienii De Jos,5
28040,27971,23,Poienii De Sus,5
28059,27971,23,Saud,5
28068,27971,23,Stancesti,5
28077,56,3,Cabesti,5
28086,28077,22,Cabesti,5
28095,28077,23,Goila,5
28102,28077,23,Gurbesti,5
28111,28077,23,Josani,5
28120,28077,23,Sohodol,5
28709,56,3,Campani,5
28718,28709,22,Campani,5
28727,28709,23,Fanate,5
28736,28709,23,Harsesti,5
28745,28709,23,Sighistel,5
28754,28709,23,Valea De Sus,5
28139,56,3,Capalna,5
28148,28139,22,Capalna,5
28157,28139,23,Ginta,5
28166,28139,23,Rohani,5
28175,28139,23,Saldabagiu Mic,5
28184,28139,23,Suplacu De Tinca,5
28193,56,3,Carpinet,5
28200,28193,22,Carpinet,5
28237,28193,23,Calugari,5
28219,28193,23,Izbuc,5
28228,28193,23,Leheceni,5
28246,56,3,Cefa,5
28255,28246,22,Cefa,5
28264,28246,23,Ateas,5
28273,32179,23,Berechiu,5
28282,32195,23,Bicaci,5
28291,32195,22,Gepiu,5
28308,28246,23,Inand,5
28317,32179,23,Roit,5
28326,32179,22,Sannicolau Roman,5
28335,56,3,Ceica,5
28344,28335,22,Ceica,5
28353,28335,23,Bucium,5
28362,28335,23,Ceisoara,5
28371,28335,23,Corbesti,5
28380,28335,23,Cotiglet,5
28399,28335,23,Dusesti,5
28406,28335,23,Incesti,5
28415,56,3,Cetariu,5
28424,28415,22,Cetariu,5
28433,32161,22,Paleu,5
28442,32161,23,Saldabagiu De Munte,5
28451,28415,23,Sisterea,5
28460,28415,23,Susturogi,5
28479,28415,23,Tautelec,5
28488,32161,23,Uileacu De Munte,5
28497,56,3,Cherechiu,5
28503,28497,22,Cherechiu,5
28512,28497,23,Chesereu,5
28521,28497,23,Targusor,5
28530,56,3,Chislaz,5
28549,28530,22,Chislaz,5
28558,28530,23,Chiraleu,5
28567,28530,23,Haucesti,5
28576,28530,23,Misca,5
28585,28530,23,Poclusa De Barcau,5
28601,28530,23,Sanlazar,5
28594,28530,23,Sarsig,5
28610,56,3,Ciuhoi,5
28629,28610,22,Ciuhoi,5
28638,28610,23,Cenalos,5
28647,28610,23,Saniob,5
28656,28610,23,Sfarnas,5
28665,56,3,Ciumeghiu,5
28674,28665,22,Ciumeghiu,5
28683,28665,23,Boiu,5
28692,28665,23,Ghiorac,5
28763,56,3,Cociuba Mare,5
28772,28763,22,Cociuba Mare,5
28781,28763,23,Carasau,5
28790,28763,23,Chesa,5
28807,28763,23,Petid,5
28816,56,3,Copacel,5
28825,28816,22,Copacel,5
28834,28816,23,Bucuroaia,5
28843,28816,23,Chijic,5
28852,28816,23,Poiana Tasad,5
28861,28816,23,Sarand,5
28870,28816,23,Surduc,5
28889,56,3,Cristioru De Jos,5
28898,28889,22,Cristioru De Jos,5
28905,28889,23,Balc,5
28914,28889,23,Cristioru De Sus,5
28923,28889,23,Poiana,5
28932,28889,23,Saliste De Vascau,5
28941,56,3,Curatele,5
28950,28941,22,Curatele,5
28969,28941,23,Beiusele,5
28978,28941,23,Cresuia,5
28987,28941,23,Nimaiesti,5
28996,28941,23,Pocioveliste,5
29001,56,3,Curtuiseni,5
29010,29001,22,Curtuiseni,5
29029,29001,23,Vasad,5
29038,56,3,Derna,5
29047,29038,22,Derna,5
29056,29038,23,Dernisoara,5
29065,29038,23,Sacalasau,5
29074,29038,23,Sacalasau Nou,5
29083,29038,23,Tria,5
29092,56,3,Diosig,5
29109,29092,22,Diosig,5
29118,29092,23,Ianca,5
29127,32187,23,Mihai Bravu,5
29136,32187,22,Rosiori,5
29145,32187,23,Vaida,5
29154,56,3,Dobresti,5
29163,29154,22,Dobresti,5
29172,29154,23,Cornisesti,5
29181,29154,23,Crancesti,5
29190,29154,23,Hidisel,5
29207,29154,23,Luncasprie,5
29216,29154,23,Racas,5
29225,29154,23,Topa De Jos,5
29234,29154,23,Topa De Sus,5
29243,56,3,Draganesti,5
29252,29243,22,Draganesti,5
29261,29243,23,Belejeni,5
29270,29243,23,Gradinari,5
29289,29243,23,Livada Beiusului,5
29298,29243,23,Mizies,5
29305,29243,23,Pantasesti,5
29314,29243,23,Sebis,5
29323,29243,23,Talpe,5
29332,29243,23,Tiganestii De Beius,5
29341,56,3,Dragesti,5
29350,29341,22,Dragesti,5
29369,29341,23,Dicanesti,5
29378,29341,23,Stracos,5
29387,29341,23,Tasad,5
29396,29341,23,Topesti,5
29403,56,3,Finis,5
29412,29403,22,Finis,5
29421,29403,23,Brusturi,5
29430,29403,23,Fizis,5
29449,29403,23,Ioanis,5
29458,29403,23,Suncuis,5
29467,56,3,Girisu De Cris,5
29476,29467,22,Girisu De Cris,5
29485,29467,23,Cheresig,5
29494,29467,23,Tarian,5
29500,29467,23,Toboliu,5
29519,56,3,Hidiselu De Sus,5
29528,29519,22,Hidiselu De Sus,5
29537,29519,23,Hidiselu De Jos,5
29546,29519,23,Mierlau,5
29555,29519,23,Santelec,5
29564,29519,23,Sumugiu,5
29573,56,3,Holod,5
29582,29573,22,Holod,5
29591,29573,23,Dumbrava,5
29608,29573,23,Dumbravita,5
29617,29573,23,Forosig,5
29626,29573,23,Hodis,5
29635,29573,23,Lupoaia,5
29644,29573,23,Valea Mare De Codru,5
29653,29573,23,Vintere,5
29662,56,3,Husasau De Tinca,5
29671,29662,22,Husasau De Tinca,5
29680,29662,23,Fonau,5
29699,29662,23,Miersig,5
29706,29662,23,Osand,5
29715,29662,23,Sititelec,5
29724,56,3,Ineu,5
29733,29724,22,Ineu,5
29742,29724,23,Botean,5
29751,29724,23,Husasau De Cris,5
29813,56,3,Lazareni,5
29822,29813,22,Lazareni,5
29831,29813,23,Bicacel,5
29840,29813,23,Calea Mare,5
29859,29813,23,Carandeni,5
29868,29813,23,Caranzel,5
29877,29813,23,Gepis,5
29886,29813,23,Gruilung,5
29895,29813,23,Miheleu,5
29760,56,3,Lazuri De Beius,5
29779,29760,22,Lazuri De Beius,5
29788,29760,23,Baleni,5
29797,29760,23,Cusuius,5
29804,29760,23,Hinchiris,5
29902,56,3,Lugasu De Jos,5
29911,29902,22,Lugasu De Jos,5
29920,29902,23,Lugasu De Sus,5
29939,29902,23,Urvind,5
29948,56,3,Lunca,5
29957,29948,22,Lunca,5
29966,29948,23,Briheni,5
29975,29948,23,Hotarel,5
29993,29948,23,Sarbesti,5
29984,29948,23,Seghiste,5
30005,29948,23,Sustiu,5
30014,56,3,Madaras,5
30023,30014,22,Madaras,5
30032,30014,23,Homorog,5
30041,30014,23,Ianosda,5
30050,30014,23,Martihaz,5
30069,56,3,Magesti,5
30078,30069,22,Magesti,5
30087,30069,23,Butani,5
30096,30069,23,Cacuciu Nou,5
30103,30069,23,Dobricionesti,5
30112,30069,23,Galaseni,5
30121,30069,23,Josani,5
30130,30069,23,Ortiteag,5
30149,56,3,Nojorid,5
30158,30149,22,Nojorid,5
30167,30149,23,Apateu,5
30176,30149,23,Chisirid,5
30185,30149,23,Les,5
30194,30149,23,Livada De Bihor,5
30201,30149,23,Pausa,5
30210,30149,23,Sauaieu,5
30229,56,3,Olcea,5
30238,30229,22,Olcea,5
30247,30229,23,Calacea,5
30256,30229,23,Hodisel,5
30265,30229,23,Ucuris,5
30274,56,3,Osorhei,5
30283,30274,22,Osorhei,5
30292,30274,23,Alparea,5
30309,30274,23,Cheriu,5
30318,30274,23,Felcheriu,5
30327,30274,23,Fughiu,5
30336,56,3,Pietroasa,5
30345,30336,22,Pietroasa,5
30354,30336,23,Chiscau,5
30363,30336,23,Cociuba Mica,5
30372,30336,23,Giulesti,5
30381,30336,23,Gurani,5
30390,30336,23,Magura,5
30407,30336,23,Motesti,5
30416,56,3,Pocola,5
30425,30416,22,Pocola,5
30434,30416,23,Feneris,5
30443,30416,23,Petrani,5
30452,30416,23,Poietari,5
30461,30416,23,Sanmartin De Beius,5
30470,56,3,Pomezeu,5
30489,30470,22,Pomezeu,5
30498,30470,23,Campani De Pomezeu,5
30504,30470,23,Cosdeni,5
30513,30470,23,Hidis,5
30522,30470,23,Lacu Sarat,5
30531,30470,23,Sitani,5
30540,30470,23,Spinus De Pomezeu,5
30559,30470,23,Valani De Pomezeu,5
30568,56,3,Popesti,5
30577,30568,22,Popesti,5
30586,30568,23,Bistra,5
30595,30568,23,Budoi,5
30602,30568,23,Cuzap,5
30611,30568,23,Varviz,5
30620,30568,23,Varzari,5
30639,30568,23,Voivozi,5
30648,56,3,Rabagani,5
30657,30648,22,Rabagani,5
30666,30648,23,Albesti,5
30675,30648,23,Bratesti,5
30693,30648,23,Saliste De Pomezeu,5
30684,30648,23,Saucani,5
30700,30648,23,Varaseni,5
30719,56,3,Remetea,5
30728,30719,22,Remetea,5
30737,30719,23,Dragoteni,5
30746,30719,23,Meziad,5
30755,30719,23,Petreasa,5
30764,30719,23,Soimus,5
30773,56,3,Rieni,5
30782,30773,22,Rieni,5
30791,30773,23,Cucuceni,5
30808,30773,23,Ghighiseni,5
30817,30773,23,Petrileni,5
30826,30773,23,Sudrigiu,5
30835,30773,23,Valea De Jos,5
30844,56,3,Rosia,5
30853,30844,22,Rosia,5
30862,30844,23,Lazuri,5
30871,56,3,Sacadat,5
30880,30871,22,Sacadat,5
30899,30871,23,Borsa,5
30906,30871,23,Sabolciu,5
30915,56,2,Oras Sacueni,5
30924,30915,17,Sacueni,5
30933,30915,18,Cadea,5
30942,30915,18,Ciocaia,5
30951,30915,18,Cubulcut,5
30960,30915,18,Olosig,5
30979,30915,18,Sannicolau De Munte,5
30988,56,3,Salacea,5
30997,30988,22,Salacea,5
31002,30988,23,Otomani,5
31011,56,3,Salard,5
31020,31011,22,Salard,5
31039,31011,23,Hodos,5
31048,31011,23,Santimreu,5
31057,56,3,Sambata,5
31066,31057,22,Sambata,5
31075,31057,23,Copaceni,5
31084,31057,23,Ogesti,5
31093,31057,23,Rogoz,5
31100,31057,23,Rotaresti,5
31119,31057,23,Zavoiu,5
26582,56,3,Sanmartin,5
26591,26582,22,Sanmartin,5
32143,26582,23,Baile Felix,5
26608,26582,23,Betfia,5
26617,26582,23,Cihei,5
26626,26582,23,Cordau,5
26635,26582,23,Haieu,5
26644,26582,23,Rontau,5
26653,56,3,Santandrei,5
26662,26653,22,Santandrei,5
26671,26653,23,Palota,5
31128,56,3,Sarbi,5
31137,31128,22,Sarbi,5
31146,31128,23,Almasu Mic,5
31155,31128,23,Burzuc,5
31164,31128,23,Chioag,5
31173,31128,23,Fegernic,5
31182,31128,23,Fegernicu Nou,5
31191,31128,23,Sarcau,5
31333,56,3,Simian,5
31342,31333,22,Simian,5
31351,31333,23,Silindru,5
31360,31333,23,Voivozi,5
31379,56,3,Sinteu,5
31388,31379,22,Sinteu,5
31397,31379,23,Huta Voivozi,5
31404,31379,23,Socet,5
31413,31379,23,Valea Tirnei,5
31422,56,3,Soimi,5
31431,31422,22,Soimi,5
31440,31422,23,Borz,5
31459,31422,23,Codru,5
31468,31422,23,Dumbravita De Codru,5
31477,31422,23,Poclusa De Beius,5
31486,31422,23,Sannicolau De Beius,5
31495,31422,23,Ursad,5
31501,31422,23,Urvis De Beius,5
31208,56,3,Spinus,5
31217,31208,22,Spinus,5
31226,31208,23,Ciulesti,5
31235,31208,23,Gurbesti,5
31244,31208,23,Nadar,5
31253,31208,23,Saliste,5
31510,56,3,Suncuius,5
31529,31510,22,Suncuius,5
31538,31510,23,Balnaca,5
31547,31510,23,Balnaca-Grosi,5
31556,31510,23,Zece Hotare,5
31262,56,3,Suplacu De Barcau,5
31271,31262,22,Suplacu De Barcau,5
31280,31262,23,Borumlaca,5
31299,31262,23,Dolea,5
31306,31262,23,Foglas,5
31324,31262,23,Valcelele,5
31315,31262,23,Valea Cerului,5
31609,56,3,Tarcaia,5
31618,31609,22,Tarcaia,5
31627,31609,23,Mierag,5
31636,31609,23,Tarcaita,5
31645,31609,23,Totoreni,5
31565,56,3,Tarcea,5
31574,31565,22,Tarcea,5
31583,31565,23,Adoni,5
31592,31565,23,Galospetru,5
31654,56,3,Tauteu,5
31663,31654,22,Tauteu,5
31672,31654,23,Bogei,5
31681,31654,23,Chiribis,5
31690,31654,23,Ciutelec,5
31707,31654,23,Poiana,5
31878,56,3,Tetchea,5
31887,31878,22,Tetchea,5
31896,31878,23,Hotar,5
31903,31878,23,Subpiatra,5
31912,31878,23,Telechiu,5
31716,56,3,Tileagd,5
31725,31716,22,Tileagd,5
31734,31716,23,Balaia,5
31743,31716,23,Calatani,5
31752,31716,23,Posoloaca,5
31761,31716,23,Tilecus,5
31770,31716,23,Uileacu De Cris,5
31789,56,3,Tinca,5
31798,31789,22,Tinca,5
31805,31789,23,Belfir,5
31814,31789,23,Girisu Negru,5
31823,31789,23,Gurbediu,5
31832,31789,23,Rapa,5
31841,56,3,Tulca,5
31850,31841,22,Tulca,5
31869,31841,23,Cauasd,5
31921,56,3,Uileacu De Beius,5
31930,31921,22,Uileacu De Beius,5
31949,31921,23,Forau,5
31958,31921,23,Prisaca,5
31967,31921,23,Valanii De Beius,5
31976,56,3,Vadu Crisului,5
31985,31976,22,Vadu Crisului,5
31994,31976,23,Birtin,5
32009,31976,23,Tomnatic,5
32018,31976,23,Topa De Cris,5
32090,56,3,Varciorog,5
32107,32090,22,Varciorog,5
32116,32090,23,Fasca,5
32134,32090,23,Serghis,5
32125,32090,23,Surducel,5
32045,56,3,Viisoara,5
32054,32045,22,Viisoara,5
32063,32045,23,Izvoarele,5
32072,32045,23,Padureni,5
32081,32045,23,Reghea,5
32394,65,1,Mun. Bistrita,6
32401,32394,9,Bistrita,6
32410,32394,10,Ghinda,6
32429,32394,10,Sarata,6
32438,32394,10,Sigmir,6
32447,32394,10,Slatinita,6
32456,32394,10,Unirea,6
32465,32394,10,Viisoara,6
32483,65,2,Oras Beclean,6
32492,32483,17,Beclean,6
32508,32483,19,Coldau,6
32517,32483,19,Figa,6
32526,32483,19,Rusu De Jos,6
32544,65,2,Oras Nasaud,6
32553,32544,17,Nasaud,6
32562,32544,18,Liviu Rebreanu,6
32571,32544,18,Lusca,6
32599,65,2,Oras Sangeorz-Bai,6
32606,32599,17,Sangeorz-Bai,6
32615,32599,18,Cormaia,6
32624,32599,18,Valea Borcutului,6
32633,65,3,Bistrita Bargaului,6
32642,32633,22,Bistrita Bargaului,6
32651,32633,23,Colibita,6
32660,65,3,Branistea,6
32679,32660,22,Branistea,6
32688,32660,23,Ciresoaia,6
32697,32660,23,Malut,6
32704,65,3,Budacu De Jos,6
32713,32704,22,Budacu De Jos,6
32722,32704,23,Budus,6
32731,32704,23,Jelna,6
32740,32704,23,Monariu,6
32759,32704,23,Simionesti,6
32768,65,3,Budesti,6
32777,32768,22,Budesti,6
32786,32768,23,Budesti-Finate,6
32802,32768,23,Tagsoru,6
32795,32768,23,Tagu,6
32811,65,3,Caianu Mic,6
32820,32811,22,Caianu Mic,6
32839,32811,23,Caianu Mare,6
32848,32811,23,Ciceu-Poieni,6
32857,32811,23,Dobric,6
32866,34547,23,Dobricel,6
32875,34547,23,Dumbravita,6
32884,65,3,Cetate,6
32893,32884,22,Satu Nou,6
32900,179686,23,Budacu De Sus,6
32919,179686,22,Dumitrita,6
32928,32884,23,Orheiu Bistritei,6
32937,32884,23,Petris,6
32946,179686,23,Ragla,6
33015,65,3,Chiochis,6
33024,33015,22,Chiochis,6
33033,33015,23,Apatiu,6
33042,33015,23,Bozies,6
33051,33015,23,Buza Catun,6
33060,33015,23,Chetiu,6
33079,33015,23,Jimbor,6
33088,33015,23,Manic,6
33097,33015,23,Sannicoara,6
33104,33015,23,Strugureni,6
33113,33015,23,Tentea,6
33122,65,3,Chiuza,6
33131,33122,22,Chiuza,6
33140,33122,23,Mires,6
33159,33122,23,Piatra,6
33168,33122,23,Sasarm,6
32955,65,3,Ciceu-Giurgesti,6
32964,32955,22,Ciceu-Giurgesti,6
32973,179659,23,Breaza,6
32982,32955,23,Dumbraveni,6
32991,179659,22,Negrilesti,6
33006,179659,23,Purcarete,6
33177,65,3,Cosbuc,6
33186,33177,22,Cosbuc,6
33195,35054,23,Bichigiu,6
33202,65,3,Dumitra,6
33211,33202,22,Dumitra,6
33220,33202,23,Cepari,6
33239,33202,23,Tarpiu,6
33248,65,3,Feldru,6
33257,33248,22,Feldru,6
33266,33248,23,Nepos,6
33275,65,3,Galatii Bistritei,6
33284,33275,22,Galatii Bistritei,6
33293,33275,23,Albestii Bistritei,6
33300,33275,23,Dipsa,6
33319,33275,23,Herina,6
33328,33275,23,Tonciu,6
33337,65,3,Ilva Mare,6
33346,33337,22,Ilva Mare,6
33355,33337,23,Ivaneasa,6
33364,65,3,Ilva Mica,6
33373,33364,22,Ilva Mica,6
33382,65,3,Josenii Bargaului,6
33391,33382,22,Josenii Bargaului,6
33408,33382,23,Mijlocenii Bargaului,6
33417,33382,23,Rusu Bargaului,6
33426,33382,23,Stramba,6
33435,65,3,Lechinta,6
33444,33435,22,Lechinta,6
33453,33435,23,Bungard,6
33462,33435,23,Chirales,6
33471,33435,23,Sangeorzu Nou,6
33480,33435,23,Saniacob,6
33499,33435,23,Tigau,6
33505,33435,23,Vermes,6
33514,65,3,Lesu,6
33523,33514,22,Lesu,6
33532,33514,23,Lunca Lesului,6
33541,65,3,Livezile,6
33550,33541,22,Livezile,6
33569,33541,23,Cusma,6
33578,33541,23,Dorolea,6
33587,33541,23,Dumbrava,6
33596,33541,23,Valea Poenii,6
33603,65,3,Lunca Ilvei,6
33612,33603,22,Lunca Ilvei,6
33729,65,3,Magura Ilvei,6
33738,33729,22,Magura Ilvei,6
33747,33729,23,Arsita,6
33756,179720,22,Poiana Ilvei,6
33621,65,3,Maieru,6
33630,33621,22,Maieru,6
33649,33621,23,Anies,6
33765,65,3,Mariselu,6
33774,33765,22,Mariselu,6
33783,33765,23,Barla,6
33792,33765,23,Domnesti,6
33809,33765,23,Jeica,6
33818,33765,23,Magurele,6
33827,33765,23,Neteni,6
33836,33765,23,Santioana,6
33658,65,3,Matei,6
33667,33658,22,Matei,6
33676,33658,23,Bidiu,6
33685,33658,23,Corvinesti,6
33694,33658,23,Enciu,6
33701,33658,23,Fantanele,6
33710,33658,23,Morut,6
33845,65,3,Micestii De Campie,6
33854,33845,22,Micestii De Campie,6
33863,33845,23,Fantanita,6
33872,33845,23,Visuia,6
33881,65,3,Milas,6
33890,33881,22,Milas,6
33907,33881,23,Comlod,6
33916,33881,23,Dupa Deal,6
33925,33881,23,Ghemes,6
33934,33881,23,Hirean,6
33943,33881,23,Orosfaia,6
33952,65,3,Monor,6
33961,33952,22,Monor,6
33970,33952,23,Gledin,6
33989,65,3,Nimigea,6
33998,33989,22,Nimigea De Jos,6
34002,33989,23,Floresti,6
34011,33989,23,Mintiu,6
34020,33989,23,Mititei,6
34039,33989,23,Mocod,6
34048,33989,23,Mogoseni,6
34057,33989,23,Nimigea De Sus,6
34066,33989,23,Taure,6
34075,65,3,Nuseni,6
34084,34075,22,Nuseni,6
34093,34075,23,Beudiu,6
34100,34075,23,Dumbrava,6
34119,34075,23,Feleac,6
34128,34075,23,Malin,6
34137,34075,23,Rusu De Sus,6
34146,34075,23,Vita,6
34155,65,3,Parva,6
34164,34155,22,Parva,6
34173,65,3,Petru Rares,6
34182,34173,22,Reteag,6
34191,34173,23,Bata,6
34208,179953,23,Ciceu-Corabia,6
34217,179953,22,Ciceu-Mihaiesti,6
34226,179953,23,Lelesti,6
34235,65,3,Prundu Bargaului,6
34244,34235,22,Prundu Bargaului,6
34253,34235,23,Susenii Bargaului,6
34262,65,3,Rebra,6
34271,34262,22,Rebra,6
34280,65,3,Rebrisoara,6
34299,34280,22,Rebrisoara,6
34306,34280,23,Gersa I,6
34315,34280,23,Gersa Ii,6
34324,34280,23,Poderei,6
34333,65,3,Rodna,6
34342,34333,22,Rodna,6
34351,34333,23,Valea Vinului,6
34360,65,3,Romuli,6
34379,34360,22,Romuli,6
34388,34360,23,Dealu Stefanitei,6
34397,65,3,Salva,6
34404,34397,22,Salva,6
34413,179944,22,Runcu Salvei,6
34477,65,3,Sanmihaiu De Cimpie,6
34486,34477,22,Sanmihaiu De Campie,6
34495,34477,23,Brateni,6
34501,34477,23,La Curte,6
34510,34477,23,Salcuta,6
34529,34477,23,Stupini,6
34538,34477,23,Zoreni,6
34618,65,3,Sant,6
34627,34618,22,Sant,6
34636,34618,23,Valea Mare,6
34645,65,3,Sieu,6
34654,34645,22,Sieu,6
34663,34645,23,Ardan,6
34672,34645,23,Posmus,6
34681,34645,23,Soimus,6
34690,65,3,Sieu-Magherus,6
34707,34690,22,Sieu-Magherus,6
34716,34690,23,Arcalia,6
34725,34690,23,Chintelnic,6
34734,34690,23,Crainimat,6
34743,34690,23,Podirei,6
34752,34690,23,Saratel,6
34761,34690,23,Valea Magherusului,6
34770,65,3,Sieu-Odorhei,6
34789,34770,22,Sieu-Odorhei,6
34798,34770,23,Agrisu De Jos,6
34805,34770,23,Agrisu De Sus,6
34814,34770,23,Bretea,6
34823,34770,23,Coasta,6
34832,34770,23,Cristur-Sieu,6
34841,34770,23,Sirioara,6
34850,65,3,Sieut,6
34869,34850,22,Sieut,6
34878,34850,23,Lunca,6
34887,34850,23,Rustior,6
34896,34850,23,Sebis,6
34422,65,3,Silivasu De Cimpie,6
34431,34422,22,Silivasu De Campie,6
34440,34422,23,Draga,6
34459,34422,23,Fanatele Silivasului,6
34468,34422,23,Porumbenii,6
34903,65,3,Sintereag,6
34912,34903,22,Sintereag,6
34921,34903,23,Blajenii De Jos,6
34930,34903,23,Blajenii De Sus,6
34949,34903,23,Caila,6
34958,34903,23,Cociu,6
34967,34903,23,Sieu-Sfantu,6
34976,34903,23,Sintereag-Gara,6
34547,65,3,Spermezeu,6
34556,34547,22,Spermezeu,6
34565,34547,23,Halmasau,6
34574,34547,23,Lunca Borlesei,6
34583,34547,23,Paltineasa,6
34609,34547,23,Sesuri Spermezeu-Vale,6
34592,34547,23,Sita,6
35152,65,3,Tarlisua,6
35161,35152,22,Tarlisua,6
35170,35152,23,Agries,6
35189,35152,23,Agriesel,6
35198,35152,23,Borleasa,6
35205,35152,23,Cireasi,6
35214,35152,23,Lunca Sateasca,6
35223,35152,23,Moliset,6
35232,35152,23,Oarzina,6
35241,35152,23,Racatesu,6
35250,35152,23,Sendroaia,6
34985,65,3,Teaca,6
34994,34985,22,Teaca,6
35009,34985,23,Archiud,6
35018,34985,23,Budurleni,6
35027,34985,23,Ocnita,6
35036,34985,23,Pinticu,6
35045,34985,23,Viile Tecii,6
35054,65,3,Telciu,6
35063,35054,22,Telciu,6
35072,35054,23,Fiad,6
35081,35054,23,Telcisor,6
35090,65,3,Tiha Bargaului,6
35107,35090,22,Tiha Bargaului,6
35116,35090,23,Ciosa,6
35125,35090,23,Muresenii Bargaului,6
35134,35090,23,Piatra Fantanele,6
35143,35090,23,Tureac,6
35269,65,3,Uriu,6
35278,35269,22,Uriu,6
35287,35269,23,Cristestii Ciceului,6
35296,35269,23,Hasmasu Ciceului,6
35303,35269,23,Ilisua,6
35312,65,3,Urmenis,6
35321,35312,22,Urmenis,6
35330,35312,23,Camp,6
35349,35312,23,Coseriu,6
35358,35312,23,Delureni,6
35367,35312,23,Fanate,6
35376,35312,23,Podenii,6
35385,35312,23,Scoabe,6
35394,35312,23,Sopteriu,6
35401,35312,23,Valea,6
35410,35312,23,Valea Mare,6
35429,65,3,Zagra,6
35438,35429,22,Zagra,6
35447,35429,23,Alunisul,6
35456,35429,23,Perisor,6
35465,35429,23,Poienile Zagrei,6
35474,35429,23,Suplai,6
35731,74,1,Mun. Botosani,7
35740,35731,9,Botosani,7
36006,74,4,Mun. Dorohoi,7
36015,36006,9,Dorohoi,7
36024,36006,10,Dealu Mare,7
36033,36006,10,Loturi Enescu,7
36042,36006,10,Progresul,7
35946,74,2,Oras Darabani,7
35955,35946,17,Darabani,7
35964,35946,19,Bajura,7
35973,35946,19,Esanca,7
35982,35946,19,Lismanita,7
36060,74,2,Oras Saveni,7
36079,36060,17,Saveni,7
36088,36060,19,Bodeasa,7
36097,36060,19,Bozieni,7
36104,36060,19,Chiscareni,7
36113,36060,19,Petricani,7
36122,36060,19,Sat Nou,7
36131,74,3,Albesti,7
36140,36131,22,Albesti,7
36159,36131,23,Buimaceni,7
36168,36131,23,Costiugeni,7
36177,36131,23,Jijia,7
36186,36131,23,Mascateni,7
36195,36131,23,Tudor Vladimirescu,7
36202,74,3,Avrameni,7
36211,36202,22,Avrameni,7
36220,40035,22,Adaseni,7
36239,36202,23,Aurel Vlaicu,7
36248,36202,23,Dimitrie Cantemir,7
36257,36202,23,Ichimeni,7
36266,36202,23,Panaitoaia,7
36275,36202,23,Timus,7
36284,36202,23,Tudor Vladimirescu,7
36293,40035,23,Zoitani,7
36300,74,3,Baluseni,7
36319,36300,22,Baluseni,7
36328,36300,23,Balusenii Noi,7
36337,36300,23,Buzeni,7
36346,36300,23,Cosuleni,7
36355,36300,23,Draxini,7
36364,36300,23,Zaicesti,7
36373,74,3,Braesti,7
36382,36373,22,Braesti,7
36391,36373,23,Poiana,7
36408,36373,23,Popeni,7
36417,36373,23,Vilcelele,7
36426,74,3,Broscauti,7
36435,36426,22,Broscauti,7
36444,36426,23,Slobozia,7
36453,74,2,Oras Bucecea,7
36462,36453,17,Bucecea,7
36471,36453,19,Bohoghina,7
36480,36453,18,Calinesti,7
36499,74,3,Calarasi,7
36505,36499,22,Calarasi,7
36514,36499,23,Libertatea,7
36523,36499,23,Plesani,7
36532,74,3,Concesti,7
36541,36532,22,Concesti,7
36550,36532,23,Movileni,7
36569,74,3,Copalau,7
36578,36569,22,Copalau,7
36587,39975,23,Buda,7
36596,36569,23,Cerbu,7
36603,39975,22,Cosula,7
36612,36569,23,Cotu,7
36621,39975,23,Padureni,7
36630,39975,23,Supitca,7
36649,74,3,Cordareni,7
36658,36649,22,Cordareni,7
36667,36649,23,Grivita,7
36676,74,3,Corlateni,7
36685,36676,22,Corlateni,7
36694,36676,23,Carasa,7
36701,39959,22,Dimacheni,7
36710,39959,23,Mateieni,7
36729,36676,23,Podeni,7
36738,39959,23,Recia-Verbia,7
36747,36676,23,Vladeni,7
36756,74,3,Corni,7
36765,36756,22,Corni,7
36774,36756,23,Balta Arsa,7
36783,36756,23,Mesteacan,7
36792,36756,23,Sarafinesti,7
36809,74,3,Cotusca,7
36818,36809,22,Cotusca,7
36827,36809,23,Avram Iancu,7
36836,36809,23,Cotu Miculinti,7
36845,36809,23,Crasnaleuca,7
36854,36809,23,Ghireni,7
36863,36809,23,Mihail Kogalniceanu,7
36872,36809,23,Nichiteni,7
36881,36809,23,Nicolae Balcescu,7
36890,36809,23,Putureni,7
36907,74,3,Cristesti,7
36916,36907,22,Cristesti,7
36925,36907,23,Oneaga,7
36934,36907,23,Schit-Oraseni,7
36943,36907,23,Unguroaia,7
36952,74,3,Cristinesti,7
36961,36952,22,Cristinesti,7
36970,36952,23,Baranca,7
36989,36952,23,Dragalina,7
36998,36952,23,Fundu Hertii,7
37002,36952,23,Poiana,7
35759,74,3,Curtesti,7
35768,35759,22,Curtesti,7
35777,35759,23,Agafton,7
35786,35759,23,Baiceni,7
35795,35759,23,Hudum,7
35802,35759,23,Manastirea Doamnei,7
35811,35759,23,Oraseni-Deal,7
35820,35759,23,Oraseni-Vale,7
37057,74,3,Dangeni,7
37066,37057,22,Dangeni,7
37075,37057,23,Hulub,7
37084,37057,23,Iacobeni,7
37093,37057,23,Strahotin,7
37011,74,3,Dersca,7
37020,37011,22,Dersca,7
37039,39942,22,Lozna,7
37048,39942,23,Strateni,7
37100,74,3,Dobarceni,7
37119,37100,22,Dobarceni,7
37128,37100,23,Bivolari,7
37164,37100,23,Brateni,7
37137,37100,23,Cismanesti,7
37146,37100,23,Livada,7
37155,37100,23,Murguta,7
37173,74,3,Draguseni,7
37182,37173,22,Draguseni,7
37191,37173,23,Podriga,7
37208,37173,23,Sarata-Draguseni,7
37217,74,3,Durnesti,7
37226,37217,22,Durnesti,7
37235,37217,23,Babiceni,7
37244,37217,23,Barsanesti,7
37253,37217,23,Brosteni,7
37262,37217,23,Cucuteni,7
37271,37217,23,Guranda,7
37280,74,2,Oras Flamanzi,7
37299,37280,17,Flamanzi,7
38438,37280,19,Chitoveni,7
38410,37280,18,Nicolae Balcescu,7
37315,37280,18,Poiana,7
38447,37280,19,Prisacani,7
37324,74,3,Frumusica,7
37333,37324,22,Frumusica,7
37342,37324,23,Boscoteni,7
37351,37324,23,Radeni,7
37379,37324,23,Sendreni,7
37360,37324,23,Storesti,7
37388,37324,23,Vladeni-Deal,7
37397,74,3,George Enescu,7
37404,37397,22,Dumeni,7
37413,37397,23,Arborea,7
37422,37397,23,George Enescu,7
37431,37397,23,Popeni,7
37440,37397,23,Stanca,7
37459,74,3,Gorbanesti,7
37468,37459,22,Gorbanesti,7
37477,37459,23,Batranesti,7
37486,37459,23,George Cosbuc,7
37495,37459,23,Mihai Eminescu,7
37501,37459,23,Siliscani,7
37510,37459,23,Socrujeni,7
37538,37459,23,Vanatori,7
37529,37459,23,Viforeni,7
37618,74,3,Hanesti,7
37627,37618,22,Hanesti,7
37636,37618,23,Borolea,7
37645,37618,23,Moara Jorii,7
37654,37618,23,Sarata-Basarab,7
37663,37618,23,Slobozia Hanesti,7
37547,74,3,Havarna,7
37556,37547,22,Havarna,7
37565,37547,23,Balinti,7
37574,37547,23,Galbeni,7
37583,37547,23,Garbeni,7
37592,37547,23,Niculcea,7
37609,37547,23,Tataraseni,7
37672,74,3,Hiliseu-Horia,7
37681,37672,22,Hiliseu-Horia,7
37690,37672,23,Corjauti,7
37707,37672,23,Hiliseu-Closca,7
37716,37672,23,Hiliseu-Crisan,7
37725,37672,23,Iezer,7
37734,74,3,Hlipiceni,7
37743,37734,22,Hlipiceni,7
37752,37734,23,Dragalina,7
37761,37734,23,Victoria,7
37770,74,3,Hudesti,7
37789,37770,22,Hudesti,7
37798,37770,23,Alba,7
37805,37770,23,Baranca,7
37814,37770,23,Mlenauti,7
37823,74,3,Ibanesti,7
37832,37823,22,Ibanesti,7
37841,37823,23,Dumbravita,7
37850,74,3,Leorda,7
37869,37850,22,Leorda,7
37878,37850,23,Belcea,7
37887,37850,23,Costinesti,7
37896,37850,23,Dolina,7
37903,37850,23,Mitoc,7
37912,74,3,Lunca,7
37921,37912,22,Lunca,7
37930,37912,23,Stroiesti,7
37949,37912,23,Zlatunoaia,7
37958,74,3,Manoleasa,7
37967,37958,22,Manoleasa,7
37976,37958,23,Bold,7
37985,37958,23,Flondora,7
37994,37958,23,Iorga,7
38009,37958,23,Liveni,7
38018,37958,23,Loturi,7
38027,37958,23,Manoleasa-Prut,7
38036,37958,23,Sadoveni,7
38045,37958,23,Serpenita,7
38054,37958,23,Zahoreni,7
38063,74,3,Mihai Eminescu,7
38072,38063,22,Ipotesti,7
38081,38063,23,Baisa,7
38090,38063,23,Catamaresti,7
38107,38063,23,Catamaresti-Deal,7
38116,38063,23,Cervicesti,7
38125,38063,23,Cervicesti-Deal,7
38134,38063,23,Cucorani,7
38143,38063,23,Manolesti,7
38152,38063,23,Stancesti,7
38161,74,3,Mihaileni,7
38170,38161,22,Mihaileni,7
38189,39967,23,Calinesti,7
38198,39967,22,Candesti,7
38205,38161,23,Parau Negru,7
38214,38161,23,Rogojesti,7
38223,39967,23,Talpa,7
38232,39967,23,Vitcani,7
38241,74,3,Mihalaseni,7
38250,38241,22,Mihalaseni,7
38269,38241,23,Caraiman,7
38278,38241,23,Nastase,7
38287,38241,23,Negresti,7
38296,38241,23,Paun,7
38303,38241,23,Sarata,7
38312,38241,23,Slobozia Siliscani,7
38321,74,3,Mileanca,7
38330,38321,22,Mileanca,7
38349,38321,23,Codreni,7
38358,38321,23,Scutari,7
38367,38321,23,Selistea,7
38376,74,3,Mitoc,7
38385,38376,22,Mitoc,7
38394,38376,23,Horia,7
38456,74,3,Nicseni,7
38465,38456,22,Nicseni,7
38474,38456,23,Dacia,7
38483,38456,23,Dorobanti,7
38492,74,3,Paltinis,7
38508,38492,22,Paltinis,7
38517,38492,23,Cuzlau,7
38526,38492,23,Horodistea,7
38535,38492,23,Slobozia,7
38544,74,3,Pomarla,7
38553,38544,22,Pomarla,7
38562,38544,23,Hulubesti,7
38571,38544,23,Racovat,7
38580,74,3,Prajeni,7
38599,38580,22,Prajeni,7
38606,38580,23,Campeni,7
38615,38580,23,Luparia,7
38624,38580,23,Miletin,7
35839,74,3,Rachiti,7
35848,35839,22,Rachiti,7
35857,35839,23,Cismea,7
35866,35839,23,Costesti,7
35875,35839,23,Rosiori,7
38633,74,3,Radauti-Prut,7
38642,38633,22,Radauti-Prut,7
38651,38633,23,Miorcani,7
38660,38633,23,Rediu,7
38679,74,3,Rauseni,7
38688,38679,22,Rauseni,7
38697,38679,23,Doina,7
38704,38679,23,Pogorasti,7
38713,38679,23,Rediu,7
38722,38679,23,Stolniceni,7
38731,74,3,Ripiceni,7
38740,38731,22,Ripiceni,7
38759,38731,23,Cinghiniia,7
38768,38731,23,Lehnesti,7
38777,38731,23,Movila Rupta,7
38786,38731,23,Popoaia,7
38802,38731,23,Rasca,7
38795,38731,23,Ripicenii Vechi,7
38811,74,3,Roma,7
38820,38811,22,Roma,7
38839,38811,23,Cotargaci,7
38848,74,3,Romanesti,7
38857,38848,22,Romanesti,7
38866,38848,23,Damideni,7
38875,38848,23,Romanesti-Vale,7
38884,38848,23,Sarata,7
38893,74,3,Santa Mare,7
38900,38893,22,Santa Mare,7
38919,38893,23,Badarai,7
38928,38893,23,Berza,7
38937,38893,23,Bogdanesti,7
38946,38893,23,Durnesti,7
38955,38893,23,Iliseni,7
38964,38893,23,Ranghilesti,7
38973,38893,23,Ranghilesti-Deal,7
39122,74,3,Sendriceni,7
39131,39122,22,Sendriceni,7
39140,39122,23,Horlaceni,7
39159,39122,23,Padureni,7
35884,74,3,Stauceni,7
35893,35884,22,Stauceni,7
35900,35884,23,Silistea,7
35919,35884,23,Tocileni,7
35928,35884,23,Victoria,7
39168,74,2,Oras Stefanesti,7
39177,39168,17,Stefanesti,7
39186,39168,18,Badiuti,7
39195,39168,18,Bobulesti,7
39202,39168,18,Stanca,7
39211,39168,18,Stefanesti-Sat,7
39220,74,3,Stiubieni,7
39239,39220,22,Stiubieni,7
39248,39220,23,Ibaneasa,7
39257,39220,23,Negreni,7
38982,74,3,Suharau,7
38991,38982,22,Suharau,7
39006,38982,23,Izvoare,7
39015,38982,23,Lisna,7
39024,38982,23,Oroftiana,7
39033,38982,23,Plevna,7
39042,38982,23,Smardan,7
39051,74,3,Sulita,7
39060,39051,22,Sulita,7
39079,39983,22,Blandesti,7
39088,39983,23,Cerchejeni,7
39097,39051,23,Chelis,7
39104,39051,23,Dracsani,7
39113,39983,23,Soldanesti,7
39266,74,3,Todireni,7
39275,39266,22,Todireni,7
39284,39266,23,Cernesti,7
39293,39266,23,Floresti,7
39300,39266,23,Garbesti,7
39319,39266,23,Iuresti,7
39328,74,3,Trusesti,7
39337,39328,22,Trusesti,7
39346,39328,23,Buhaceni,7
39355,39328,23,Ciritei,7
39364,39328,23,Drislea,7
39373,39328,23,Ionaseni,7
39382,39328,23,Pasateni,7
39391,74,3,Tudora,7
39408,39391,22,Tudora,7
39417,74,3,Ungureni,7
39426,39417,22,Ungureni,7
39435,39417,23,Borzesti,7
39444,39417,23,Calugareni,7
39453,39417,23,Calugarenii Noi,7
39462,39417,23,Durnesti,7
39480,39417,23,Mandresti,7
39471,39417,23,Mihai Viteazu,7
39499,39417,23,Plopenii Mari,7
39505,39417,23,Plopenii Mici,7
39514,39417,23,Tautesti,7
39523,39417,23,Vicoleni,7
39532,74,3,Unteni,7
39541,39532,22,Unteni,7
39550,39532,23,Burla,7
39569,39532,23,Burlesti,7
39578,39532,23,Manastireni,7
39587,39532,23,Soroceni,7
39596,39532,23,Valea Grajdului,7
39603,39532,23,Vultureni,7
39612,74,3,Vaculesti,7
39621,39612,22,Vaculesti,7
39630,39612,23,Gorovei,7
39649,39612,23,Saucenita,7
39694,74,3,Varfu Campului,7
39701,39694,22,Varfu Campului,7
39710,39694,23,Ionaseni,7
39729,39694,23,Lunca,7
39658,74,3,Viisoara,7
39667,39658,22,Viisoara,7
39676,39658,23,Cuza Voda,7
39685,39658,23,Viisoara Mica,7
39738,74,3,Vladeni,7
39747,39738,22,Vladeni,7
39756,39738,23,Brehuiesti,7
39765,39738,23,Hriscani,7
39774,39738,23,Hutani,7
39783,39738,23,Mandresti,7
39792,74,3,Vlasinesti,7
39809,39792,22,Vlasinesti,7
39818,39792,23,Miron Costin,7
39827,39792,23,Sarbi,7
39836,74,3,Vorniceni,7
39845,39836,22,Vorniceni,7
39854,39836,23,Davidoaia,7
39863,39836,23,Dealu Crucii,7
39872,74,3,Vorona,7
39881,39872,22,Vorona,7
39890,39872,23,Icuseni,7
39907,39872,23,Joldesti,7
39916,39872,23,Poiana,7
39925,39872,23,Vorona Mare,7
39934,39872,23,Vorona-Teodoru,7
40198,83,1,Mun. Brasov,8
40205,40198,9,Brasov,8
42432,40198,10,Poiana Brasov,8
40278,83,4,Mun. Fagaras,8
40287,40278,9,Fagaras,8
40241,83,4,Mun. Codlea,8
40250,40241,9,Codlea,8
40303,83,2,Oras Predeal,8
40312,40303,17,Predeal,8
40321,40303,18,Paraul Rece,8
40330,40303,18,Timisu De Jos,8
40349,40303,18,Timisu De Sus,8
40367,83,2,Oras Rasnov,8
40376,40367,17,Rasnov,8
40394,83,2,Oras Rupea,8
40401,40394,17,Rupea,8
40410,40394,18,Fiser,8
40438,83,4,Mun. Sacele,8
40447,40438,9,Sacele,8
40465,83,2,Oras Victoria,8
40474,40465,17,Victoria,8
40492,83,2,Oras Zarnesti,8
40508,40492,17,Zarnesti,8
40517,40492,18,Tohanu Nou,8
40526,83,3,Apata,8
40535,40526,22,Apata,8
40544,83,3,Beclean,8
40553,40544,22,Beclean,8
40562,40544,23,Boholt,8
40571,40544,23,Calbor,8
40580,40544,23,Hurez,8
40599,40544,23,Luta,8
40606,83,3,Bod,8
40615,40606,22,Bod,8
40624,40606,23,Colonia Bod,8
40633,83,3,Bran,8
40642,40633,22,Bran,8
40651,40633,23,Predelut,8
40679,40633,23,Simon,8
40660,40633,23,Sohodol,8
40688,83,3,Budila,8
40697,40688,22,Budila,8
40704,83,3,Bunesti,8
40713,40704,22,Bunesti,8
40722,40704,23,Crit,8
40731,40704,23,Mesendorf,8
40740,40704,23,Roades,8
40759,40704,23,Viscri,8
40768,83,3,Cata,8
40777,40768,22,Cata,8
40786,40768,23,Beia,8
40795,40768,23,Drauseni,8
40802,40768,23,Ionesti,8
40811,40768,23,Palos,8
40820,83,3,Cincu,8
40839,40820,22,Cincu,8
40848,40820,23,Toarcla,8
40857,83,3,Comana,8
40866,40857,22,Comana De Jos,8
40875,40857,23,Comana De Sus,8
40884,40857,23,Crihalma,8
40893,40857,23,Ticusu Nou,8
40900,83,3,Cristian,8
40919,40900,22,Cristian,8
40928,83,3,Dumbravita,8
40937,40928,22,Dumbravita,8
40946,40928,23,Vladeni,8
40955,83,3,Feldioara,8
40964,40955,22,Feldioara,8
40973,40955,23,Colonia Reconstructia,8
40982,40955,23,Rotbav,8
40991,83,3,Fundata,8
41006,40991,22,Fundata,8
41015,40991,23,Fundatica,8
41024,40991,23,Sirnea,8
40214,83,2,Oras Ghimbav,8
40223,40214,17,Ghimbav,8
41033,83,3,Halchiu,8
41042,41033,22,Halchiu,8
41051,42456,22,Crizbav,8
41060,42456,23,Cutus,8
41079,41033,23,Satu Nou,8
41088,83,3,Harman,8
41097,41088,22,Harman,8
41104,41088,23,Podu Oltului,8
41113,83,3,Harseni,8
41122,41113,22,Harseni,8
41131,41113,23,Copacel,8
41140,41113,23,Malinis,8
41159,41113,23,Margineni,8
41168,41113,23,Sebes,8
41177,83,3,Hoghiz,8
41186,41177,22,Hoghiz,8
41195,41177,23,Bogata Olteana,8
41202,41177,23,Cuciulata,8
41211,41177,23,Dopca,8
41220,41177,23,Fantana,8
41239,41177,23,Lupsa,8
41248,83,3,Homorod,8
41257,41248,22,Homorod,8
41266,41248,23,Jimbor,8
41275,41248,23,Mercheasa,8
41284,83,3,Jibert,8
41293,41284,22,Jibert,8
41300,41284,23,Dacia,8
41319,41284,23,Granari,8
41328,41284,23,Lovnic,8
41337,41284,23,Valeni,8
41346,83,3,Lisa,8
41355,41346,22,Lisa,8
41364,41346,23,Breaza,8
41373,41346,23,Pojorta,8
41382,83,3,Maierus,8
41391,41382,22,Maierus,8
41408,41382,23,Arini,8
41417,83,3,Mandra,8
41426,41417,22,Mandra,8
41435,41417,23,Ileni,8
41444,41417,23,Rausor,8
41453,41417,23,Sona,8
41462,41417,23,Toderita,8
41471,83,3,Moieciu,8
41480,41471,22,Moieciu De Jos,8
41499,41471,23,Cheia,8
41505,41471,23,Drumul Carului,8
41514,41471,23,Magura,8
41523,41471,23,Moieciu De Sus,8
41532,41471,23,Pestera,8
41541,83,3,Ormenis,8
41550,41541,22,Ormenis,8
41569,42498,22,Augustin,8
41578,83,3,Parau,8
41587,41578,22,Parau,8
41596,41578,23,Grid,8
41603,41578,23,Venetia De Jos,8
41612,41578,23,Venetia De Sus,8
41621,83,3,Poiana Marului,8
41630,41621,22,Poiana Marului,8
41649,42449,23,Paltin,8
41658,42449,22,Sinca Noua,8
41667,83,3,Prejmer,8
41676,41667,22,Prejmer,8
41685,41667,23,Lunca Calnicului,8
41694,41667,23,Stupinii Prejmerului,8
41701,83,3,Racos,8
41710,41701,22,Racos,8
41729,41701,23,Mateias,8
41738,83,3,Recea,8
41747,41738,22,Recea,8
41756,41738,23,Berivoi,8
41765,41738,23,Dejani,8
41774,41738,23,Gura Vaii,8
41783,41738,23,Iasi,8
41792,41738,23,Sasciori,8
41809,41738,23,Savastreni,8
41925,83,3,Sanpetru,8
41934,41925,22,Sanpetru,8
41818,83,3,Sercaia,8
41827,41818,22,Sercaia,8
41836,41818,23,Halmeag,8
41845,41818,23,Vad,8
41854,83,3,Sinca,8
41863,41854,22,Sinca Veche,8
41872,41854,23,Bucium,8
41881,41854,23,Ohaba,8
41890,41854,23,Persani,8
41907,41854,23,Sercaita,8
41916,41854,23,Valcea,8
41943,83,3,Soars,8
41952,41943,22,Soars,8
41961,41943,23,Barcut,8
41970,41943,23,Felmer,8
41989,41943,23,Rodbav,8
41998,41943,23,Selistat,8
42003,83,3,Tarlungeni,8
42012,42003,22,Tarlungeni,8
42021,42003,23,Carpinis,8
42030,42003,23,Purcareni,8
42049,42003,23,Zizin,8
42058,83,3,Teliu,8
42067,42058,22,Teliu,8
42076,83,3,Ticusu,8
42085,42076,22,Ticusu Vechi,8
42094,42076,23,Cobor,8
42101,83,3,Ucea,8
42110,42101,22,Ucea De Jos,8
42129,42101,23,Corbi,8
42138,42101,23,Feldioara,8
42147,42101,23,Ucea De Sus,8
42156,83,3,Ungra,8
42165,42156,22,Ungra,8
42174,42156,23,Daisoara,8
42183,83,3,Vama Buzaului,8
42192,42183,22,Vama Buzaului,8
42209,42183,23,Acris,8
42218,42183,23,Buzaiel,8
42227,42183,23,Dalghiu,8
42236,83,3,Vistea,8
42245,42236,22,Vistea De Jos,8
42254,42480,22,Dragus,8
42263,42236,23,Oltet,8
42272,42236,23,Rucar,8
42281,42236,23,Vistea De Sus,8
42290,42236,23,Vistisoara,8
42307,83,3,Voila,8
42316,42307,22,Voila,8
42325,42307,23,Cincsor,8
42334,42307,23,Dridif,8
42343,42307,23,Ludisor,8
42352,42307,23,Simbata De Jos,8
42361,42464,22,Sambata De Sus,8
42370,42464,23,Statiunea Climaterica Simbata,8
42389,42307,23,Voivodeni,8
42398,83,3,Vulcan,8
42405,42398,22,Vulcan,8
42414,42398,23,Colonia 1 Mai,8
42423,42472,22,Holbav,8
42682,92,1,Mun. Braila,9
42691,42682,9,Braila,9
42753,92,2,Oras Faurei,9
42762,42753,17,Faurei,9
43331,92,2,Oras Ianca,9
43340,43331,17,Ianca,9
43359,43331,19,Berlesti,9
43368,43331,19,Gara Ianca,9
43377,43331,19,Oprisenesti,9
43386,43331,19,Perisoru,9
43395,43331,19,Plopu,9
43402,43331,19,Tarlele Filiu,9
43411,92,2,Oras Insuratei,9
43420,43411,17,Insuratei,9
43439,43411,19,Lacu Rezii,9
43448,43411,19,Maru Rosu,9
43457,43411,19,Valea Calmatuiului,9
42824,92,3,Baraganul,9
42833,42824,22,Baraganul,9
42842,92,3,Bertestii De Jos,9
42851,42842,22,Bertestii De Jos,9
42860,42842,23,Bertestii De Sus,9
42879,42842,23,Gura Calmatui,9
42888,42842,23,Gura Girlutei,9
42897,42842,23,Nicolesti,9
42904,42842,23,Spiru Haret,9
42913,92,3,Bordei Verde,9
42922,42913,22,Bordei Verde,9
42931,42913,23,Constantin Gabrielescu,9
42940,42913,23,Filiu,9
42959,42913,23,Liscoteanca,9
42708,92,3,Chiscani,9
42717,42708,22,Chiscani,9
42726,42708,23,Lacu Sarat,9
42735,42708,23,Varsatura,9
42968,92,3,Ciocile,9
42977,42968,22,Ciocile,9
43000,42968,23,Chichinetu,9
42986,42968,23,Chioibasesti,9
42995,42968,23,Odaieni,9
43019,92,3,Ciresu,9
43028,43019,22,Ciresu,9
43037,43019,23,Batogu,9
43046,43019,23,Ionesti,9
43055,43019,23,Scarlatesti,9
43064,43019,23,Vultureni,9
43073,92,3,Dudesti,9
43082,43073,22,Dudesti,9
43091,43073,23,Bumbacari,9
43108,43073,23,Tataru,9
43117,92,3,Frecatei,9
43126,43117,22,Frecatei,9
43135,43117,23,Agaua,9
43144,43117,23,Cistia,9
43153,43117,23,Salcia,9
43162,43117,23,Stoienesti,9
43171,43117,23,Titcov,9
43180,92,3,Galbenu,9
43199,43180,22,Galbenu,9
43206,43180,23,Drogu,9
43215,43180,23,Pantecani,9
43224,43180,23,Satuc,9
43233,43180,23,Zamfiresti,9
43242,92,3,Gemenele,9
43251,43242,22,Gemenele,9
43260,43242,23,Gavani,9
43279,92,3,Gradistea,9
43288,43279,22,Gradistea,9
43297,43279,23,Ibrianu,9
43304,43279,23,Maraloiu,9
43313,92,3,Gropeni,9
43322,43313,22,Gropeni,9
43466,92,3,Jirlau,9
43475,43466,22,Jirlau,9
43484,43466,23,Bradeanca,9
43493,92,3,Marasu,9
43509,43493,22,Marasu,9
43518,43493,23,Bandoiu,9
43527,43493,23,Magureni,9
43536,43493,23,Nedeicu,9
43545,43493,23,Plopi,9
43554,43493,23,Tacau,9
43563,92,3,Maxineni,9
43572,43563,22,Maxineni,9
43581,43563,23,Corbu Nou,9
43590,43563,23,Corbu Vechi,9
43607,43563,23,Latinu,9
43616,43563,23,Voinesti,9
43625,92,3,Mircea Voda,9
43634,43625,22,Mircea Voda,9
43643,43625,23,Dedulesti,9
43652,92,3,Movila Miresii,9
43661,43652,22,Movila Miresii,9
43670,43652,23,Esna,9
43689,43652,23,Tepes Voda,9
43698,92,3,Racovita,9
43705,43698,22,Racovita,9
43714,43698,23,Corbeni,9
43723,43698,23,Custura,9
43732,92,3,Ramnicelu,9
43741,43732,22,Ramnicelu,9
43750,43732,23,Boarca,9
43769,43732,23,Constantinesti,9
43778,43732,23,Mihail Kogalniceanu,9
43787,92,3,Romanu,9
43796,43787,22,Romanu,9
43803,43787,23,Oancea,9
43812,92,3,Rosiori,9
43821,43812,22,Rosiori,9
43830,43812,23,Coltea,9
43849,43812,23,Florica,9
43858,43812,23,Pribeagu,9
43867,92,3,Salcia Tudor,9
43876,43867,22,Salcia Tudor,9
43885,43867,23,Ariciu,9
43894,43867,23,Cuza Voda,9
43901,43867,23,Gulianca,9
43910,43867,23,Olaneasca,9
43929,92,3,Scortaru Nou,9
43938,43929,22,Scortaru Nou,9
43947,43929,23,Desirati,9
43956,43929,23,Gurguieti,9
43965,43929,23,Nicolae Balcescu,9
43974,43929,23,Pitulati,9
43983,43929,23,Sihleanu,9
43992,92,3,Silistea,9
44006,43992,22,Silistea,9
44015,43992,23,Cotu Lung,9
44024,43992,23,Cotu Mihalea,9
44033,43992,23,Martacesti,9
44042,43992,23,Muchea,9
44051,43992,23,Vamesu,9
44060,92,3,Stancuta,9
44079,44060,22,Stancuta,9
44088,44060,23,Cuza Voda,9
44097,44060,23,Polizesti,9
44104,44060,23,Stanca,9
44113,92,3,Surdila-Gaiseanca,9
44122,44113,22,Surdila-Gaiseanca,9
44131,44113,23,Filipesti,9
42771,92,3,Surdila-Greci,9
42780,42771,22,Surdila-Greci,9
42799,42771,23,Bratesu Vechi,9
42806,42771,23,Faurei Sat,9
42815,42771,23,Horia,9
44140,92,3,Sutesti,9
44159,44140,22,Sutesti,9
44168,44140,23,Mihail Kogalniceanu,9
44177,92,3,Tichilesti,9
44186,44177,22,Tichilesti,9
44195,44177,23,Albina,9
44202,92,3,Traian,9
44211,44202,22,Traian,9
44220,44202,23,Caldarusa,9
44239,44202,23,Silistraru,9
44248,44202,23,Urleasca,9
44257,92,3,Tudor Vladimirescu,9
44266,44257,22,Tudor Vladimirescu,9
44275,44560,22,Cazasu,9
44284,44257,23,Comaneasca,9
44293,44257,23,Scortaru Vechi,9
44300,92,3,Tufesti,9
44319,44300,22,Tufesti,9
44328,92,3,Ulmu,9
44337,44328,22,Ulmu,9
44346,44328,23,Jugureanu,9
44355,92,3,Unirea,9
44364,44355,22,Unirea,9
44373,44355,23,Morotesti,9
44382,44355,23,Valea Canepii,9
44391,92,3,Vadeni,9
44408,44391,22,Vadeni,9
44417,44391,23,Baldovinesti,9
44426,44391,23,Pietroiu,9
44435,92,3,Victoria,9
44444,44435,22,Victoria,9
44453,44435,23,Mihai Bravu,9
44462,92,3,Visani,9
44471,44462,22,Visani,9
44480,44462,23,Caineni-Bai,9
44499,44462,23,Plasoiu,9
44505,92,3,Viziru,9
44514,44505,22,Viziru,9
44523,44505,23,Lanurile,9
44532,92,3,Zavoaia,9
44541,44532,22,Zavoaia,9
44550,44532,23,Dudescu,9
44818,109,1,Mun. Buzau,10
44827,44818,9,Buzau,10
44845,109,4,Mun. Ramnicu Sarat,10
44854,44845,9,Ramnicu Sarat,10
47916,109,2,Oras Nehoiu,10
47925,47916,17,Nehoiu,10
47934,47916,19,Basca Rozilei,10
47943,47916,19,Chirlesti,10
47952,47916,19,Curmatura,10
47961,47916,19,Lunca Priporului,10
47970,47916,19,Mlajet,10
47989,47916,19,Nehoiasu,10
47998,47916,19,Paltineni,10
48003,47916,19,Stanila,10
48012,47916,19,Vinetisu,10
48744,109,2,Oras Pogoanele,10
48753,48744,17,Pogoanele,10
48762,48744,18,Caldarasti,10
44863,109,3,Amaru,10
44872,44863,22,Amaru,10
44881,44863,23,Campeni,10
44890,44863,23,Dulbanu,10
44907,44863,23,Lacu Sinaia,10
44916,44863,23,Lunca,10
44925,44863,23,Scorteanca,10
44989,109,3,Balaceanu,10
44998,44989,22,Balaceanu,10
44934,109,3,Balta Alba,10
44943,44934,22,Balta Alba,10
44952,44934,23,Amara,10
44961,44934,23,Baile,10
44970,44934,23,Stavarasti,10
45003,109,3,Beceni,10
45012,45003,22,Beceni,10
45021,45003,23,Arbanasi,10
45030,45003,23,Carpinistea,10
45049,45003,23,Dogari,10
45058,45003,23,Floresti,10
45067,45003,23,Gura Dimienii,10
45076,45003,23,Izvoru Dulce,10
45085,45003,23,Margariti,10
45094,45003,23,Valea Parului,10
45101,109,3,Berca,10
45110,45101,22,Berca,10
45129,45101,23,Baceni,10
45138,45101,23,Cojanu,10
45147,45101,23,Joseni,10
45156,45101,23,Manastirea Ratesti,10
45165,45101,23,Paclele,10
45174,45101,23,Plescoi,10
45183,45101,23,Plesesti,10
45192,45101,23,Ratesti,10
45209,45101,23,Satuc,10
45218,45101,23,Tatarligu,10
45227,45101,23,Valea Nucului,10
45236,45101,23,Viforata,10
45245,109,3,Bisoca,10
45254,45245,22,Bisoca,10
45263,45245,23,Baltagari,10
45272,45245,23,Lacurile,10
45281,45245,23,Lopatareasa,10
45290,45245,23,Plesi,10
45307,45245,23,Recea,10
45316,45245,23,Sarile,10
45325,45245,23,Sindrila,10
45334,109,3,Blajani,10
45343,45334,22,Blajani,10
45352,45334,23,Soresti,10
45361,109,3,Boldu,10
45370,45361,22,Boldu,10
45389,109,3,Bozioru,10
45398,45389,22,Bozioru,10
45405,45389,23,Buduile,10
45414,45389,23,Fisici,10
45423,45389,23,Gavanele,10
45432,45389,23,Gresia,10
45441,45389,23,Izvoarele,10
45450,45389,23,Nucu,10
45469,45389,23,Scaeni,10
45478,45389,23,Ulmet,10
45487,45389,23,Vavalucile,10
45496,109,3,Bradeanu,10
45502,45496,22,Bradeanu,10
45511,45496,23,Mitropolia,10
45520,45496,23,Smardan,10
45539,109,3,Braesti,10
45548,45539,22,Braesti,10
45557,45539,23,Bratilesti,10
45566,45539,23,Goidesti,10
45575,45539,23,Ivanetu,10
45593,45539,23,Parscovelu,10
45584,45539,23,Pinu,10
45600,45539,23,Ruginoasa,10
45619,109,3,Breaza,10
45628,45619,22,Breaza,10
45637,45619,23,Badeni,10
45646,45619,23,Greceanca,10
45655,45619,23,Valeanca-Vilanesti,10
45664,45619,23,Vispesti,10
45673,109,3,Buda,10
45682,45673,22,Buda,10
45691,45673,23,Alexandru Odobescu,10
45708,45673,23,Danulesti,10
45717,45673,23,Mucesti-Danulesti,10
45726,45673,23,Spidele,10
45735,45673,23,Toropalesti,10
45744,45673,23,Valea Larga,10
45815,109,3,C.A. Rosetti,10
45824,45815,22,C.A. Rosetti,10
45842,45815,23,Balhacu,10
45833,45815,23,Balteni,10
45851,45815,23,Cotu Ciorii,10
45860,45815,23,Lunca,10
45879,45815,23,Vizireni,10
45753,109,3,Calvini,10
45762,45753,22,Calvini,10
45771,45753,23,Bascenii De Jos,10
45780,45753,23,Bascenii De Sus,10
45799,45753,23,Frasinet,10
45806,45753,23,Olari,10
45888,109,3,Canesti,10
45897,45888,22,Canesti,10
45904,45888,23,Gontesti,10
45913,45888,23,Negosina,10
45922,45888,23,Pacurile,10
45931,45888,23,Suchea,10
45940,45888,23,Valea Verzei,10
45959,109,3,Catina,10
45968,45959,22,Catina,10
45977,45959,23,Corbu,10
45986,45959,23,Slobozia,10
45995,45959,23,Valea Catinei,10
46000,45959,23,Zeletin,10
46019,109,3,Cernatesti,10
46028,46019,22,Cernatesti,10
46037,46019,23,Aldeni,10
46046,46019,23,Baesti,10
46055,46019,23,Caldarusa,10
46064,46019,23,Fulga,10
46073,46019,23,Manasia,10
46082,46019,23,Vladeni,10
46091,46019,23,Zarnestii De Slanic,10
46108,109,3,Chiliile,10
46117,46108,22,Chiliile,10
46126,46108,23,Budesti,10
46135,46108,23,Crevelesti,10
46144,46108,23,Ghiocari,10
46153,46108,23,Glodu-Petcari,10
46162,46108,23,Poiana Pletari,10
46171,46108,23,Trestioara,10
46180,109,3,Chiojdu,10
46199,46180,22,Chiojdu,10
46206,46180,23,Basca Chiojdului,10
46215,46180,23,Catiasu,10
46224,46180,23,Lera,10
46233,46180,23,Plescioara,10
46242,46180,23,Poenitele,10
46251,109,3,Cilibia,10
46260,46251,22,Cilibia,10
46279,46251,23,Gara Cilibia,10
46288,46251,23,Manzu,10
46297,46251,23,Movila Oii,10
46304,46251,23,Posta,10
46313,109,3,Cislau,10
46322,46313,22,Cislau,10
46331,46313,23,Barasti,10
46340,46313,23,Buda Craciunesti,10
46359,46313,23,Gura Bascei,10
46368,46313,23,Scarisoara,10
46377,109,3,Cochirleanca,10
46386,46377,22,Cochirleanca,10
46395,46377,23,Boboc,10
46402,46377,23,Gara Bobocu,10
46411,46377,23,Rosioru,10
46420,46377,23,Tarlele,10
46439,109,3,Colti,10
46448,46439,22,Colti,10
46457,46439,23,Alunis,10
46466,46439,23,Coltii De Jos,10
46475,46439,23,Muscelu Caramanesti,10
46484,109,3,Costesti,10
46493,46484,22,Costesti,10
46509,46484,23,Budisteni,10
46518,46484,23,Gomoesti,10
46527,46484,23,Grosani,10
46536,46484,23,Pietrosu,10
46545,46484,23,Spataru,10
46554,109,3,Cozieni,10
46563,46554,22,Cozieni,10
46572,46554,23,Anini,10
46581,46554,23,Balanesti,10
46590,46554,23,Bercesti,10
46607,46554,23,Ciocanesti,10
46616,46554,23,Cocirceni,10
46625,46554,23,Colteni,10
46634,46554,23,Fata Lui Nan,10
46643,46554,23,Glodurile,10
46652,46554,23,Izvoru,10
46661,46554,23,Lungesti,10
46670,46554,23,Nistoresti,10
46689,46554,23,Pietraru,10
46698,46554,23,Punga,10
46705,46554,23,Teisu,10
46714,46554,23,Trestia,10
46723,46554,23,Tulburea,10
46732,46554,23,Valea Banului,10
46741,46554,23,Valea Roatei,10
46750,46554,23,Zapodia,10
46769,109,3,Galbinasi,10
46778,46769,22,Galbinasi,10
46787,46769,23,Bentu,10
46796,46769,23,Tabarasti,10
46803,109,3,Gheraseni,10
46812,46803,22,Gheraseni,10
46821,46803,23,Suditi,10
46830,109,3,Ghergheasa,10
46849,46830,22,Ghergheasa,10
46858,46830,23,Salcioara,10
46867,109,3,Glodeanu Sarat,10
46876,46867,22,Glodeanu Sarat,10
46885,46867,23,Caldaruseanca,10
46894,46867,23,Ileana,10
46901,46867,23,Pitulicea,10
46910,109,3,Glodeanu-Silistea,10
46929,46910,22,Glodeanu-Silistea,10
46947,46910,23,Carligu Mare,10
46956,46910,23,Carligu Mic,10
46938,46910,23,Casota,10
46965,46910,23,Corbu,10
46974,46910,23,Cotorca,10
46983,46910,23,Satu Nou,10
46992,46910,23,Vacareasca,10
47006,109,3,Grebanu,10
47015,47006,22,Grebanu,10
47024,47006,23,Homesti,10
47033,47006,23,Livada,10
47042,47006,23,Livada Mica,10
47051,47006,23,Plevna,10
47060,47006,23,Zaplazi,10
47079,109,3,Gura Teghii,10
47088,47079,22,Gura Teghii,10
47097,47079,23,Furtunesti,10
47104,47079,23,Nemertea,10
47113,47079,23,Paltinis,10
47122,47079,23,Secuiu,10
47131,47079,23,Vadu Oii,10
47140,47079,23,Varlaam,10
47159,109,3,Largu,10
47168,47159,22,Largu,10
47177,47159,23,Scarlatesti,10
47186,109,3,Lopatari,10
47195,47186,22,Lopatari,10
47202,47186,23,Brebu,10
47211,47186,23,Fundata,10
47220,47186,23,Luncile,10
47239,47186,23,Pestritu,10
47248,47186,23,Plaiu Nucului,10
47257,47186,23,Plostina,10
47266,47186,23,Potecu,10
47275,47186,23,Sareni,10
47284,47186,23,Terca,10
47293,47186,23,Varteju,10
47300,109,3,Luciu,10
47319,47300,22,Luciu,10
47328,47300,23,Caragele,10
47337,109,3,Magura,10
47346,47337,22,Magura,10
47355,47337,23,Ciuta,10
47364,50549,22,Unguriu,10
47630,109,3,Manzalesti,10
47649,47630,22,Manzalesti,10
47658,47630,23,Beslii,10
47667,47630,23,Bustea,10
47676,47630,23,Ciresu,10
47685,47630,23,Ghizdita,10
47694,47630,23,Gura Badicului,10
47701,47630,23,Jghiab,10
47710,47630,23,Plavatu,10
47729,47630,23,Poiana Vilcului,10
47738,47630,23,Satu Vechi,10
47747,47630,23,Trestioara,10
47756,47630,23,Valea Cotoarei,10
47765,47630,23,Valea Ursului,10
47373,109,3,Maracineni,10
47382,47373,22,Maracineni,10
47391,47373,23,Capatanesti,10
47408,47373,23,Potoceni,10
47417,109,3,Margaritesti,10
47426,47417,22,Margaritesti,10
47435,47417,23,Campulungeanca,10
47444,47417,23,Fantanele,10
47453,109,3,Merei,10
47462,47453,22,Merei,10
47471,47453,23,Ciobanoaia,10
47480,47453,23,Dealul Viei,10
47499,47453,23,Dobrilesti,10
47505,47453,23,Gura Saratii,10
47514,47453,23,Izvoru Dulce,10
47523,47453,23,Lipia,10
47532,47453,23,Nenciulesti,10
47541,47453,23,Ograzile,10
47550,47453,23,Sarata-Monteoru,10
47569,47453,23,Valea Putului Merei,10
47578,109,3,Mihailesti,10
47587,47578,22,Mihailesti,10
47596,47578,23,Coltaneni,10
47603,50564,22,Florica,10
47612,47578,23,Margineanu,10
47621,47578,23,Satu Nou,10
47774,109,3,Movila Banului,10
47783,47774,22,Movila Banului,10
47792,47774,23,Cioranca,10
47809,47774,23,Limpezis,10
47818,109,3,Murgesti,10
47827,47818,22,Murgesti,10
47836,47818,23,Batogu,10
47845,47818,23,Valea Ratei,10
47854,109,3,Naeni,10
47863,47854,22,Naeni,10
47881,47854,23,Fantanele,10
47872,47854,23,Fintesti,10
47890,47854,23,Prosca,10
47907,47854,23,Varf,10
48021,109,3,Odaile,10
48030,48021,22,Odaile,10
48049,48021,23,Capu Satului,10
48058,48021,23,Corneanu,10
48067,48021,23,Gorani,10
48076,48021,23,Lacu,10
48085,48021,23,Piatra Alba,10
48094,48021,23,Posobesti,10
48101,48021,23,Scorosesti,10
48110,48021,23,Valea Fantanei,10
48129,48021,23,Valea Stefanului,10
48138,109,3,Padina,10
48147,48138,22,Padina,10
48156,48138,23,Tatulesti,10
48227,109,3,Panatau,10
48236,48227,22,Panatau,10
48245,48227,23,Begu,10
48254,48227,23,Lacu Cu Anini,10
48263,48227,23,Maguricea,10
48272,48227,23,Plaisor,10
48281,48227,23,Ripile,10
48290,48227,23,Sibiciu De Jos,10
48307,48227,23,Tega,10
48316,48227,23,Zaharesti,10
48165,109,3,Pardosi,10
48174,48165,22,Pardosi,10
48183,48165,23,Chiperu,10
48192,48165,23,Costomiru,10
48209,48165,23,Valea Lui Lalu,10
48218,48165,23,Valea Schiopului,10
48557,109,3,Parscov,10
48566,48557,22,Parscov,10
48575,48557,23,Badila,10
48584,48557,23,Curcanesti,10
48593,48557,23,Lunca Frumoasa,10
48600,48557,23,Olesesti,10
48619,48557,23,Parjolesti,10
48628,48557,23,Robesti,10
48637,48557,23,Runcu,10
48646,48557,23,Tarcov,10
48655,48557,23,Tocileni,10
48664,48557,23,Trestieni,10
48673,48557,23,Valea Purcarului,10
48325,109,2,Oras Patarlagele,10
48334,48325,17,Patarlagele,10
48343,48325,19,Calea Chiojdului,10
48352,48325,19,Crang,10
48361,48325,19,Fundaturile,10
48370,48325,19,Gornet,10
48389,48325,19,Lunca,10
48405,48325,19,Manastirea,10
48398,48325,19,Maruntisu,10
48414,48325,18,Muscel,10
48423,48325,18,Poienile,10
48432,48325,18,Sibiciu De Sus,10
48441,48325,18,Stroesti,10
48450,48325,18,Valea Lupului,10
48469,48325,18,Valea Sibiciului,10
48478,48325,18,Valea Viei,10
48487,109,3,Pietroasele,10
48496,48487,22,Pietroasele,10
48502,48487,23,Caltesti,10
48511,48487,23,Clondiru De Sus,10
48520,48487,23,Dara,10
48539,48487,23,Pietroasa Mica,10
48548,48487,23,Saranga,10
48682,109,3,Podgoria,10
48691,48682,22,Podgoria,10
48708,48682,23,Cotatcu,10
48717,48682,23,Oratia,10
48726,48682,23,Plesesti,10
48735,48682,23,Tabacari,10
48771,109,3,Posta Calnau,10
48780,48771,22,Posta Calnau,10
48799,48771,23,Aliceni,10
48806,48771,23,Coconari,10
48815,48771,23,Potarnichesti,10
48824,48771,23,Suditi,10
48833,48771,23,Zilisteanca,10
48842,109,3,Puiesti,10
48851,48842,22,Puiestii De Jos,10
48860,48842,23,Dascalesti,10
48879,48842,23,Lunca,10
48888,48842,23,Macrina,10
48897,48842,23,Nicolesti,10
48904,48842,23,Plopi,10
48913,48842,23,Puiestii De Sus,10
48922,109,3,Racoviteni,10
48931,48922,22,Racoviteni,10
48940,48922,23,Budrea,10
48959,48922,23,Petrisoru,10
48968,109,3,Ramnicelu,10
48977,48968,22,Ramnicelu,10
48986,48968,23,Colibasi,10
48995,48968,23,Fotin,10
49000,48968,23,Stiubei,10
49019,109,3,Robeasca,10
49028,49019,22,Robeasca,10
49037,49019,23,Mosesti,10
49046,109,3,Rusetu,10
49055,49046,22,Rusetu,10
49064,49046,23,Sergent Ionel Stefan,10
49073,109,3,Sageata,10
49082,49073,22,Sageata,10
49091,49073,23,Banita,10
49108,49073,23,Beilic,10
49117,49073,23,Bordusani,10
49126,49073,23,Dambroca,10
49135,49073,23,Gavanesti,10
49144,49073,23,Movilita,10
49153,109,3,Sahateni,10
49162,49153,22,Sahateni,10
49171,49153,23,Gageni,10
49180,49153,23,Istrita De Jos,10
49199,49153,23,Vintileanca,10
49206,109,3,Sapoca,10
49215,49206,22,Sapoca,10
49224,49206,23,Matesti,10
49233,109,3,Sarulesti,10
49242,49233,22,Sarulesti,10
49251,49233,23,Caratnau De Jos,10
49260,49233,23,Caratnau De Sus,10
49279,49233,23,Goicelu,10
49288,49233,23,Sarile-Catun,10
49297,49233,23,Valea Larga-Sarulesti,10
49304,49233,23,Valea Stinei,10
49313,109,3,Scortoasa,10
49322,49313,22,Scortoasa,10
49331,49313,23,Balta Tocila,10
49340,49313,23,Beciu,10
49359,49313,23,Deleni,10
49368,49313,23,Dalma,10
49377,49313,23,Golu Grabicina,10
49386,49313,23,Grabicina De Jos,10
49395,49313,23,Grabicina De Sus,10
49402,49313,23,Gura Vaii,10
49411,49313,23,Plopeasa,10
49420,49313,23,Policiori,10
49439,109,3,Scutelnici,10
49448,49439,22,Scutelnici,10
49457,49439,23,Arcanu,10
49466,49439,23,Bragareasa,10
49475,49439,23,Lipanescu,10
49484,109,3,Siriu,10
49493,49484,22,Lunca Jaristei,10
49518,49484,23,Casoca,10
49509,49484,23,Coltu Pietrii,10
49527,49484,23,Gura Siriului,10
49536,49484,23,Muscelusa,10
49545,109,3,Smeeni,10
49554,49545,22,Smeeni,10
49563,49545,23,Albesti,10
49572,49545,23,Balaia,10
49581,49545,23,Caltuna,10
49590,49545,23,Moisica,10
49607,49545,23,Udati-Lucieni,10
49616,49545,23,Udati-Manzu,10
49625,109,3,Stalpu,10
49634,49625,22,Stalpu,10
49849,109,3,Tintesti,10
49858,49849,22,Tintesti,10
49867,49849,23,Maxenu,10
49876,49849,23,Odaia Banului,10
49885,49849,23,Pogonele,10
49643,109,3,Tisau,10
49652,49643,22,Izvoru,10
49661,49643,23,Barbuncesti,10
49670,49643,23,Grajdana,10
49689,49643,23,Hales,10
49698,49643,23,Izvoranu,10
49705,49643,23,Leiculesti,10
49714,49643,23,Padurenii,10
49723,49643,23,Salcia,10
49732,49643,23,Strezeni,10
49741,49643,23,Tisau,10
49750,49643,23,Valea Salciilor,10
49769,109,3,Topliceni,10
49778,49769,22,Topliceni,10
49787,49769,23,Babeni,10
49796,49769,23,Ceairu,10
49803,49769,23,Dedulesti,10
49812,49769,23,Gura Fagetului,10
49821,49769,23,Posta,10
49830,49769,23,Raducesti,10
49894,109,3,Ulmeni,10
49901,49894,22,Ulmeni,10
49910,49894,23,Baltareti,10
49929,49894,23,Clondiru,10
49938,49894,23,Sarata,10
49947,49894,23,Valcele,10
49956,109,3,Vadu Pasii,10
49965,49956,22,Vadu Pasii,10
49974,49956,23,Bajani,10
49983,49956,23,Focsanei,10
49992,49956,23,Gura Calnaului,10
50004,49956,23,Scurtesti,10
50013,49956,23,Stancesti,10
50399,109,3,Valcelele,10
50406,50399,22,Valcelele,10
50022,109,3,Valea Ramnicului,10
50031,50022,22,Valea Ramnicului,10
50040,50022,23,Oreavul,10
50059,50022,23,Rubla,10
50068,109,3,Valea Salciei,10
50077,50068,22,Valea Salciei,10
50086,50068,23,Modreni,10
50095,50068,23,Valea Salciei-Catun,10
50102,109,3,Vernesti,10
50111,50102,22,Vernesti,10
50120,50102,23,Bradeanca,10
50139,50102,23,Candesti,10
50148,50102,23,Carlomanesti,10
50157,50102,23,Mierea,10
50166,50102,23,Nenciu,10
50175,50102,23,Niscov,10
50184,50102,23,Sasenii Noi,10
50193,50102,23,Sasenii Pe Vale,10
50200,50102,23,Sasenii Vechi,10
50219,50102,23,Zoresti,10
50228,109,3,Vintila Voda,10
50237,50228,22,Vintila Voda,10
50246,50228,23,Bodinesti,10
50255,50228,23,Coca-Antimiresti,10
50264,50228,23,Coca-Niculesti,10
50273,50228,23,Niculesti,10
50282,50228,23,Petrachesti,10
50291,50228,23,Podu Muncii,10
50308,50228,23,Sarbesti,10
50317,50228,23,Smeesti,10
50326,109,3,Viperesti,10
50335,50326,22,Viperesti,10
50344,50326,23,Muscel,10
50353,50326,23,Palici,10
50362,50326,23,Rusavat,10
50371,50326,23,Tronari,10
50380,50326,23,Ursoaia,10
50415,109,3,Zarnesti,10
50424,50415,22,Fundeni,10
50433,50415,23,Comisoaia,10
50442,50415,23,Pruneni,10
50451,50415,23,Vadu Soresti,10
50460,50415,23,Zarnesti,10
50479,109,3,Ziduri,10
50488,50479,22,Ziduri,10
50497,50479,23,Costieni,10
50503,50479,23,Cuculeasa,10
50512,50479,23,Heliade Radulescu,10
50521,50479,23,Lanurile,10
50530,50479,23,Zoita,10
50790,118,1,Mun. Resita,11
50807,50790,9,Resita,11
50816,50790,10,Calnic,11
50825,50790,10,Cuptoare,11
50834,50790,10,Doman,11
50861,50790,11,Moniom,11
50843,50790,10,Secu,11
50852,50790,10,Terova,11
51010,118,4,Mun. Caransebes,11
51029,51010,9,Caransebes,11
51038,51010,10,Jupa,11
50889,118,2,Oras Anina,11
50898,50889,17,Anina,11
50905,50889,18,Steierdorf,11
50923,118,2,Oras Baile Herculane,11
50932,50923,17,Baile Herculane,11
50941,50923,18,Pecinisca,11
50969,118,2,Oras Bocsa,11
50978,50969,17,Bocsa,11
51056,118,2,Oras Moldova Noua,11
51065,51056,17,Moldova Noua,11
51074,51056,18,Macesti,11
51083,51056,18,Moldova Veche,11
51092,51056,18,Moldovita,11
51118,118,2,Oras Oravita,11
51127,51118,17,Oravita,11
51154,51118,19,Agadici,11
51163,51118,19,Bradisoru De Jos,11
51172,51118,19,Brosteni,11
51136,51118,18,Ciclova Montana,11
51145,51118,18,Marila,11
51181,51118,19,Rachitova,11
51207,118,2,Oras Otelu Rosu,11
51216,51207,17,Otelu Rosu,11
51225,51207,18,Ciresa,11
51234,51207,19,Mal,11
51243,118,3,Armenis,11
51252,51243,22,Armenis,11
51261,51243,23,Fenes,11
51270,51243,23,Plopu,11
51289,51243,23,Sat Batran,11
51298,51243,23,Sub Margine,11
51305,118,3,Bania,11
51314,51305,22,Bania,11
51323,51305,23,Garbovat,11
51332,118,3,Bautar,11
51341,51332,22,Bautar,11
51350,51332,23,Bucova,11
51369,51332,23,Cornisoru,11
51378,51332,23,Preveciori,11
51387,118,3,Berliste,11
51396,51387,22,Berliste,11
51403,51387,23,Iam,11
51412,51387,23,Milcoveni,11
51421,51387,23,Rusova Noua,11
51430,51387,23,Rusova Veche,11
51449,118,3,Berzasca,11
51458,51449,22,Berzasca,11
51467,51449,23,Bigar,11
51476,51449,23,Cozla,11
51485,51449,23,Drencova,11
51494,51449,23,Liubcova,11
51500,118,3,Berzovia,11
51519,51500,22,Berzovia,11
51528,51500,23,Fizes,11
51537,51500,23,Ghertenis,11
51546,118,3,Bolvasnita,11
51555,51546,22,Bolvasnita,11
51564,51546,23,Varciorova,11
51573,118,3,Bozovici,11
51582,51573,22,Bozovici,11
51591,51573,23,Poneasca,11
51608,51573,23,Prilipet,11
51617,51573,23,Valea Minisului,11
51626,118,3,Brebu,11
51635,51626,22,Brebu,11
51644,51626,23,Apadia,11
51653,51626,23,Valeadeni,11
51662,118,3,Brebu Nou,11
51671,51662,22,Brebu Nou,11
51680,51662,23,Garana,11
51699,118,3,Buchin,11
51706,51699,22,Buchin,11
51715,51699,23,Lindenfeld,11
51724,51699,23,Poiana,11
51733,51699,23,Prisian,11
51742,51699,23,Valea Timisului,11
51751,118,3,Bucosnita,11
51760,51751,22,Bucosnita,11
51779,51751,23,Golet,11
51788,51751,23,Petrosnita,11
51797,51751,23,Valisoara,11
51804,118,3,Carasova,11
51813,51804,22,Carasova,11
51822,51804,23,Iabalcea,11
51831,51804,23,Nermed,11
51840,118,3,Carbunari,11
51859,51840,22,Carbunari,11
51868,51840,23,Stinapari,11
51948,118,3,Ciclova Romana,11
51957,51948,22,Ciclova Romana,11
51966,51948,23,Ilidia,11
51975,51948,23,Socolari,11
51984,118,3,Ciuchici,11
51993,51984,22,Ciuchici,11
52008,51984,23,Macoviste,11
52017,51984,23,Nicolint,11
52026,51984,23,Petrilova,11
52035,118,3,Ciudanovita,11
52044,52035,22,Ciudanovita,11
52053,52035,23,Jitin,11
51877,118,3,Constantin Daicoviciu,11
51886,51877,22,Cavaran,11
51895,51877,23,Maciova,11
51902,51877,23,Matnicu Mare,11
51911,51877,23,Pestere,11
51920,51877,23,Prisaca,11
51939,51877,23,Zagujeni,11
52062,118,3,Copacele,11
52071,52062,22,Copacele,11
52080,52062,23,Ohaba-Matnic,11
52099,52062,23,Ruginosu,11
52106,52062,23,Zorile,11
52115,118,3,Cornea,11
52124,52115,22,Cornea,11
52133,52115,23,Crusovat,11
52142,52115,23,Cuptoare,11
52151,52115,23,Macoviste,11
52160,118,3,Cornereva,11
52179,52160,22,Cornereva,11
52188,52160,23,Arsuri,11
52197,52160,23,Bogaltin,11
52204,52160,23,Bojia,11
52213,52160,23,Borugi,11
52222,52160,23,Camena,11
52231,52160,23,Ciresel,11
52240,52160,23,Costis,11
52259,52160,23,Cozia,11
52268,52160,23,Cracu Mare,11
52277,52160,23,Cracu Teiului,11
52286,52160,23,Dobraia,11
52295,52160,23,Dolina,11
52302,52160,23,Gruni,11
52311,52160,23,Hora Mare,11
52320,52160,23,Hora Mica,11
52339,52160,23,Inelet,11
52348,52160,23,Izvor,11
52357,52160,23,Lunca Florii,11
52366,52160,23,Lunca Zaicii,11
52375,52160,23,Mesteacan,11
52384,52160,23,Negiudin,11
52393,52160,23,Obita,11
52419,52160,23,Pogara,11
52400,52160,23,Pogara De Sus,11
52428,52160,23,Poiana Lunga,11
52437,52160,23,Prisacina,11
52446,52160,23,Prislop,11
52455,52160,23,Rustin,11
52464,52160,23,Scarisoara,11
52473,52160,23,Strugasca,11
52482,52160,23,Studena,11
52491,52160,23,Sub Crang,11
52507,52160,23,Sub Plai,11
52525,52160,23,Tatu,11
52516,52160,23,Topla,11
52534,52160,23,Zanogi,11
52543,52160,23,Zbegu,11
52552,52160,23,Zmogotin,11
52561,52160,23,Zoina,11
53489,118,3,Coronini,11
53498,53489,22,Coronini,11
53504,53489,23,Sfanta Elena,11
52570,118,3,Dalboset,11
52589,52570,22,Dalboset,11
52598,52570,23,Barz,11
52605,52570,23,Boina,11
52614,52570,23,Boinita,11
52623,52570,23,Prislop,11
52632,52570,23,Resita Mica,11
52641,52570,23,Sopotu Vechi,11
52650,118,3,Doclin,11
52669,52650,22,Doclin,11
52678,52650,23,Binis,11
52687,52650,23,Tirol,11
52696,118,3,Dognecea,11
52703,52696,22,Dognecea,11
52712,52696,23,Calina,11
52721,118,3,Domasnea,11
52730,52721,22,Domasnea,11
52749,52721,23,Canicea,11
53700,118,3,Eftimie Murgu,11
53719,53700,22,Eftimie Murgu,11
52758,118,3,Ezeris,11
52767,52758,22,Ezeris,11
52776,52758,23,Soceni,11
52785,118,3,Farliug,11
52794,52785,22,Farliug,11
52801,52785,23,Dezesti,11
52810,52785,23,Duleu,11
52829,52785,23,Remetea-Poganici,11
52838,52785,23,Scaius,11
52847,52785,23,Valea Mare,11
52856,118,3,Forotic,11
52865,52856,22,Forotic,11
52874,52856,23,Brezon,11
52883,52856,23,Comoraste,11
52892,52856,23,Surducu Mare,11
52909,118,3,Garnic,11
52918,52909,22,Garnic,11
52927,52909,23,Padina Matei,11
52936,118,3,Glimboca,11
52945,52936,22,Glimboca,11
52954,118,3,Goruia,11
52963,52954,22,Goruia,11
52981,52954,23,Garliste,11
52972,52954,23,Giurgiova,11
52990,118,3,Gradinari,11
53005,52990,22,Gradinari,11
53014,52990,23,Greoni,11
53023,118,3,Iablanita,11
53032,53023,22,Iablanita,11
53041,53023,23,Globu Craiovei,11
53050,53023,23,Petnic,11
53069,118,3,Lapusnicel,11
53078,53069,22,Lapusnicel,11
53087,53069,23,Parvova,11
53096,53069,23,Sumita,11
53103,118,3,Lapusnicu Mare,11
53112,53103,22,Lapusnicu Mare,11
53121,53103,23,Moceris,11
53130,118,3,Luncavita,11
53149,53130,22,Luncavita,11
53158,53130,23,Verendin,11
53167,118,3,Lupac,11
53176,53167,22,Lupac,11
53185,53167,23,Clocotici,11
53194,53167,23,Rafnic,11
53201,53167,23,Vodnic,11
53210,118,3,Marga,11
53229,53210,22,Marga,11
53238,53210,23,Vama Marga,11
53247,118,3,Maureni,11
53256,53247,22,Maureni,11
53265,53247,23,Sosdea,11
53274,118,3,Mehadia,11
53283,53274,22,Mehadia,11
53292,53274,23,Globurau,11
53309,53274,23,Plugova,11
53318,53274,23,Valea Bolvasnita,11
53327,118,3,Mehadica,11
53336,53327,22,Mehadica,11
53345,118,3,Naidas,11
53354,53345,22,Naidas,11
53363,53345,23,Lescovita,11
53372,118,3,Obreja,11
53381,53372,22,Obreja,11
53390,53372,23,Ciuta,11
53407,53372,23,Iaz,11
53416,53372,23,Var,11
50987,118,3,Ocna De Fier,11
50996,50987,22,Ocna De Fier,11
53425,118,3,Paltinis,11
53434,53425,22,Paltinis,11
53443,53425,23,Cornutel,11
53452,53425,23,Delinesti,11
53461,53425,23,Ohabita,11
53470,53425,23,Rugi,11
53513,118,3,Pojejena,11
53522,53513,22,Pojejena,11
53531,53513,23,Belobresca,11
53540,53513,23,Divici,11
53559,53513,23,Radimna,11
53568,53513,23,Susca,11
53577,118,3,Prigor,11
53586,53577,22,Prigor,11
53595,53577,23,Borlovenii Noi,11
53602,53577,23,Borlovenii Vechi,11
53611,53577,23,Patas,11
53620,53577,23,Putna,11
53675,118,3,Racasdia,11
53684,53675,22,Racasdia,11
53693,53675,23,Vraniut,11
53639,118,3,Ramna,11
53648,53639,22,Ramna,11
53657,53639,23,Barbosu,11
53666,53639,23,Valeapai,11
53728,118,3,Rusca Montana,11
53737,53728,22,Rusca Montana,11
53746,53728,23,Ruschita,11
53755,118,3,Sacu,11
53764,53755,22,Sacu,11
53773,53755,23,Salbagelu Nou,11
53782,53755,23,Tincova,11
53791,118,3,Sasca Montana,11
53808,53791,22,Sasca Montana,11
53817,53791,23,Bogodint,11
53826,53791,23,Potoc,11
53835,53791,23,Sasca Romana,11
53844,53791,23,Slatina-Nera,11
53853,118,3,Sichevita,11
53862,53853,22,Sichevita,11
53871,53853,23,Brestelnic,11
53880,53853,23,Camenita,11
53899,53853,23,Carsie,11
53906,53853,23,Cracu Almaj,11
53915,53853,23,Crusovita,11
53924,53853,23,Curmatura,11
53933,53853,23,Frasinis,11
53942,53853,23,Gornea,11
53951,53853,23,Liborajdea,11
53960,53853,23,Lucacevat,11
53979,53853,23,Martinovat,11
53988,53853,23,Ogasu Podului,11
53997,53853,23,Streneac,11
54001,53853,23,Valea Orevita,11
54010,53853,23,Valea Ravensca,11
54029,53853,23,Valea Sichevitei,11
54038,53853,23,Zanou,11
54047,53853,23,Zasloane,11
54056,118,3,Slatina-Timis,11
54065,54056,22,Slatina-Timis,11
54074,54056,23,Ilova,11
54083,54056,23,Sadova Noua,11
54092,54056,23,Sadova Veche,11
54109,118,3,Socol,11
54118,54109,22,Socol,11
54127,54109,23,Bazias,11
54136,54109,23,Campia,11
54145,54109,23,Parneaura,11
54154,54109,23,Zlatita,11
54163,118,3,Sopotu Nou,11
54172,54163,22,Sopotu Nou,11
54181,54163,23,Carsa Rosie,11
54190,54163,23,Dristie,11
54207,54163,23,Poienile Boinei,11
54225,54163,23,Rachita,11
54216,54163,23,Ravensca,11
54234,54163,23,Stancilova,11
54243,54163,23,Urcu,11
54252,54163,23,Valea Rachitei,11
54261,54163,23,Valea Rosie,11
54350,118,3,Tarnova,11
54369,54350,22,Tarnova,11
54378,54350,23,Bratova,11
54270,118,3,Teregova,11
54289,54270,22,Teregova,11
54298,54270,23,Rusca,11
54305,118,3,Ticvaniu Mare,11
54314,54305,22,Ticvaniu Mare,11
54323,54305,23,Carnecea,11
54332,54305,23,Secaseni,11
54341,54305,23,Ticvaniu Mic,11
54387,118,3,Toplet,11
54396,54387,22,Toplet,11
54403,54387,23,Barza,11
54412,118,3,Turnu Ruieni,11
54421,54412,22,Turnu Ruieni,11
54430,54412,23,Borlova,11
54449,54412,23,Cicleni,11
54458,54412,23,Dalci,11
54467,54412,23,Zervesti,11
54476,54412,23,Zlagna,11
54485,118,3,Valiug,11
54494,54485,22,Valiug,11
54500,118,3,Varadia,11
54519,54500,22,Varadia,11
54528,54500,23,Mercina,11
54537,118,3,Vermes,11
54546,54537,22,Vermes,11
54555,54537,23,Ersig,11
54564,54537,23,Izgar,11
54573,118,3,Vrani,11
54582,54573,22,Vrani,11
54591,54573,23,Ciortea,11
54608,54573,23,Iertof,11
54617,118,3,Zavoi,11
54626,54617,22,Zavoi,11
54680,54617,23,23-Aug,11
54635,54617,23,Magura,11
54644,54617,23,Maru,11
54653,54617,23,Poiana Marului,11
54662,54617,23,Valea Bistrei,11
54671,54617,23,Voislova,11
54699,118,3,Zorlentu Mare,11
54706,54699,22,Zorlentu Mare,11
54715,54699,23,Zorlencior,11
92569,519,1,Mun. Calarasi,51
92578,92569,9,Calarasi,51
101458,519,2,Oras Budesti,51
101467,101458,17,Budesti,51
101476,101458,19,Aprozi,51
101485,101458,19,Buciumeni,51
101494,180055,22,Crivat,51
101500,101458,19,Gruiu,51
103032,519,2,Oras Fundulea,51
103041,103032,17,Fundulea,51
103050,103032,19,Alexandru I. Cuza,51
103078,103032,19,Gostilele,51
93888,519,2,Oras Lehliu Gara,51
93897,93888,17,Lehliu-Gara,51
93904,93888,19,Buzoeni,51
93913,93888,19,Razvani,51
93922,93888,19,Valea Seaca,51
100610,519,4,Mun. Oltenita,51
100629,100610,9,Oltenita,51
94125,519,3,Alexandru Odobescu,51
94134,94125,22,Nicolae Balcescu,51
94143,94125,23,Alexandru Odobescu,51
94152,94125,23,Galatui,51
101083,519,3,Belciugatele,51
101092,101083,22,Belciugatele,51
101109,101083,23,Candeasca,51
101118,101083,23,Cojesti,51
101136,101083,23,Mariuta,51
101127,101083,23,Mataraua,51
92961,519,3,Borcea,51
92970,92961,22,Borcea,51
101724,519,3,Cascioarele,51
101733,101724,22,Cascioarele,51
101804,519,3,Chirnogi,51
101813,101804,22,Chirnogi,51
101822,519,3,Chiselet,51
101831,101822,22,Chiselet,51
93085,519,3,Ciocanesti,51
93094,93085,22,Ciocanesti,51
102419,519,3,Curcani,51
102428,102419,22,Curcani,51
102437,102419,23,Salcioara,51
93281,519,3,Cuza Voda,51
93290,93281,22,Ceacu,51
93307,93281,23,Calarasii Vechi,51
93316,93281,23,Cuza Voda,51
93325,519,3,Dichiseni,51
93334,93325,22,Dichiseni,51
93343,93325,23,Coslogeni,51
93352,93325,23,Libertatea,51
93361,93325,23,Satnoeni,51
93370,519,3,Dor Marunt,51
93389,93370,22,Dor Marunt,51
93398,93370,23,Dalga,51
93405,93370,23,Dalga-Gara,51
93414,93370,23,Infratirea,51
93423,93370,23,Ogoru,51
93432,93370,23,Pelinu,51
93441,519,3,Dorobantu,51
93450,93441,22,Dorobantu,51
93469,93441,23,Bosneagu,51
93478,93441,23,Varasti,51
93487,519,3,Dragalina,51
93496,93487,22,Dragalina,51
93502,93487,23,Constantin Brancoveanu,51
93511,93487,23,Drajna Noua,51
93539,519,3,Dragos Voda,51
93548,93539,22,Dragos Voda,51
93557,93539,23,Bogdana,51
93566,93539,23,Socoalele,51
102838,519,3,Frasinet,51
102847,102838,22,Frasinet,51
102856,102838,23,Curatesti,51
102865,102838,23,Danesti,51
102874,102838,23,Frasinetu De Jos,51
102883,102838,23,Luptatori,51
102892,102838,23,Tariceni,51
102945,519,3,Frumusani,51
102954,102945,22,Frumusani,51
102963,102945,23,Orasti,51
102981,102945,23,Padurisu,51
102972,102945,23,Pasarea,51
102990,102945,23,Pitigaia,51
103005,102945,23,Postavari,51
103014,519,3,Fundeni,51
103023,103014,22,Fundeni,51
93664,519,3,Gradistea,51
93673,93664,22,Gradistea,51
93682,93664,23,Bogata,51
93691,93664,23,Cunesti,51
93708,93664,23,Rasa,51
103568,519,3,Gurbanesti,51
103577,103568,22,Gurbanesti,51
103586,103568,23,Codreni,51
103595,103568,23,Cotofanca,51
103602,103568,23,Preasna,51
103611,103568,23,Preasna Veche,51
103620,103568,23,Valea Presnei,51
103764,519,3,Ileana,51
103773,103764,22,Ileana,51
103782,103764,23,Artari,51
103791,103764,23,Florica,51
103808,103764,23,Podari,51
103817,103764,23,Rasurile,51
103826,103764,23,Razoarele,51
103835,103764,23,Satu Nou,51
103844,103764,23,Stefanesti,51
103853,103764,23,Vlaiculesti,51
93771,519,3,Independenta,51
93780,93771,22,Independenta,51
93799,93771,23,Potcoava,51
93806,93771,23,Visinii,51
93815,519,3,Jegalia,51
93824,93815,22,Jegalia,51
93833,93815,23,Galdau,51
93842,93815,23,Iezeru,51
93851,519,3,Lehliu,51
93860,93851,22,Lehliu,51
93879,93851,23,Sapunari,51
104083,519,3,Luica,51
104092,104083,22,Luica,51
104109,104083,23,Valea Stanii,51
93931,519,3,Lupsanu,51
93940,93931,22,Lupsanu,51
93959,93931,23,Nucetu,51
93968,93931,23,Plevna,51
93977,93931,23,Radu Voda,51
93986,93931,23,Valea Rusului,51
104181,519,3,Manastirea,51
104190,104181,22,Manastirea,51
104207,104181,23,Coconi,51
104216,104181,23,Sultana,51
100638,519,3,Mitreni,51
100647,100638,22,Mitreni,51
100656,100638,23,Clatesti,51
100665,100638,23,Valea Rosie,51
92587,519,3,Modelu,51
92596,92587,22,Modelu,51
92612,92587,23,Radu Negru,51
92621,92587,23,Stoenesti,51
92630,92587,23,Tonea,51
104323,519,3,Nana,51
104332,104323,22,Nana,51
104341,519,3,Nicolae Balcescu,51
104350,104341,22,Nicolae Balcescu,51
104369,104341,23,Fantana Doamnei,51
104378,104341,23,Paicu,51
94223,519,3,Perisoru,51
94232,94223,22,Perisoru,51
94241,94223,23,Marculesti-Gara,51
94250,94223,23,Tudor Vladimirescu,51
104635,519,3,Plataresti,51
104644,104635,22,Plataresti,51
104653,104635,23,Cucuieti,51
104662,104635,23,Dorobantu,51
104671,104635,23,Podu Pitarului,51
104751,519,3,Radovanu,51
104760,104751,22,Radovanu,51
104779,104751,23,Valea Popii,51
94312,519,3,Roseti,51
94321,94312,22,Roseti,51
104886,519,3,Sarulesti,51
104895,104886,22,Sarulesti,51
104902,104886,23,Magureni,51
104911,104886,23,Polcesti,51
104920,104886,23,Sandulita,51
104939,104886,23,Sarulesti-Gara,51
104957,104886,23,Satucu,51
104966,104886,23,Solacolu,51
105222,519,3,Sohatu,51
105231,105222,22,Sohatu,51
105240,105222,23,Progresu,51
105384,519,3,Soldanu,51
105393,105384,22,Soldanu,51
105400,105384,23,Negoesti,51
105259,519,3,Spantov,51
105268,105259,22,Spantov,51
105277,105259,23,Cetatea Veche,51
105286,105259,23,Stancea,51
94562,519,3,Stefan Cel Mare,51
94571,94562,22,Stefan Cel Mare,51
94580,519,3,Stefan Voda,51
94599,94580,22,Stefan Voda,51
105455,519,3,Tamadau Mare,51
105464,105455,22,Tamadau Mare,51
105473,105455,23,Calareti,51
105482,105455,23,Darvari,51
105491,105455,23,Plumbuita,51
105507,105455,23,Sacele,51
105516,105455,23,Seinoiu,51
105525,105455,23,Tamadau Mic,51
105605,519,3,Ulmeni,51
105614,105605,22,Ulmeni,51
94606,519,3,Ulmu,51
94615,94606,22,Ulmu,51
94624,94606,23,Chirnogi,51
94633,94606,23,Faurei,51
94642,94606,23,Zimbru,51
94651,519,3,Unirea,51
94660,94651,22,Unirea,51
94679,94651,23,Oltina,51
94731,519,3,Valcelele,51
94740,94731,22,Valcelele,51
94759,94731,23,Floroaica,51
105712,519,3,Valea Argovei,51
105721,105712,22,Valea Argovei,51
105730,105712,23,Lunca,51
105749,105712,23,Ostrovu,51
105758,105712,23,Silistea,51
105767,105712,23,Vladiceasca,51
105829,519,3,Vasilati,51
105838,105829,22,Vasilati,51
105847,179962,22,Galbinasi,51
105856,105829,23,Nuci,51
105865,105829,23,Popesti,51
94768,519,3,Vlad Tepes,51
94777,94768,22,Vlad Tepes,51
94786,94768,23,Mihai Viteazu,51
54975,127,1,Mun. Cluj-Napoca,12
54984,54975,9,Cluj-Napoca,12
55008,127,4,Mun. Dej,12
55017,55008,9,Dej,12
55026,55008,10,Ocna Dejului,12
55035,55008,10,Pestera,12
55044,55008,10,Pintic,12
55053,55008,10,Somcutu Mic,12
55259,127,4,Mun. Turda,12
55268,55259,9,Turda,12
55357,127,4,Mun. Campia Turzii,12
55366,55357,9,Campia Turzii,12
55384,127,4,Mun. Gherla,12
55393,55384,9,Gherla,12
55400,55384,10,Baita,12
55419,55384,10,Hasdate,12
55428,55384,10,Silivas,12
55446,127,2,Oras Huedin,12
55455,55446,17,Huedin,12
55464,55446,18,Bicalatu,12
55473,127,3,Aghiresu,12
55482,55473,22,Aghiresu,12
55491,55473,23,Aghiresu-Fabrici,12
55507,55473,23,Arghisu,12
55516,55473,23,Bagara,12
55525,55473,23,Dancu,12
55534,55473,23,Doroltu,12
55543,55473,23,Inucu,12
55552,55473,23,Leghia,12
55561,55473,23,Macau,12
55570,55473,23,Ticu,12
55589,55473,23,Ticu-Colonie,12
55598,127,3,Aiton,12
55605,55598,22,Aiton,12
55614,55598,23,Rediu,12
55623,127,3,Alunis,12
55632,55623,22,Alunis,12
55641,55623,23,Corneni,12
55650,55623,23,Ghirolt,12
55669,55623,23,Pruneni,12
55678,55623,23,Vale,12
55687,127,3,Apahida,12
55696,55687,22,Apahida,12
55703,55687,23,Bodrog,12
55712,55687,23,Campenesti,12
55721,55687,23,Corpadea,12
55730,55687,23,Dezmir,12
55749,55687,23,Pata,12
55758,55687,23,Sannicoara,12
55767,55687,23,Sub Coasta,12
55776,127,3,Aschileu,12
55785,55776,22,Aschileu Mare,12
55794,55776,23,Aschileu Mic,12
55801,55776,23,Cristorel,12
55810,55776,23,Dorna,12
55829,55776,23,Fodora,12
55838,127,3,Baciu,12
55847,55838,22,Baciu,12
55856,55838,23,Corusu,12
55865,55838,23,Mera,12
55874,55838,23,Popesti,12
55883,55838,23,Radaia,12
55892,55838,23,Salistea Noua,12
55909,55838,23,Suceagu,12
55918,127,3,Baisoara,12
55927,55918,22,Baisoara,12
55936,55918,23,Frasinet,12
55945,55918,23,Moara De Padure,12
55954,55918,23,Muntele Baisorii,12
55963,55918,23,Muntele Bocului,12
55972,55918,23,Muntele Cacovei,12
55981,55918,23,Muntele Filii,12
55990,55918,23,Muntele Sacelului,12
56005,55918,23,Sacel,12
56014,127,3,Belis,12
56023,56014,22,Belis,12
56032,56014,23,Balcesti,12
56041,56014,23,Dealu Botii,12
56050,56014,23,Giurcuta De Jos,12
56069,56014,23,Giurcuta De Sus,12
56078,56014,23,Poiana Horea,12
56087,56014,23,Smida,12
56096,127,3,Bobalna,12
56103,56096,22,Bobalna,12
56112,56096,23,Antas,12
56121,56096,23,Babdiu,12
56130,56096,23,Blidaresti,12
56149,56096,23,Cremenea,12
56158,56096,23,Maia,12
56167,56096,23,Osorhel,12
56176,56096,23,Pruni,12
56185,56096,23,Razbuneni,12
56194,56096,23,Suaras,12
56201,56096,23,Valcelele,12
56210,127,3,Bontida,12
56229,56210,22,Bontida,12
56238,56210,23,Coasta,12
56247,56210,23,Rascruci,12
56256,56210,23,Tauseni,12
56265,127,3,Borsa,12
56274,56265,22,Borsa,12
56283,56265,23,Borsa-Catun,12
56292,56265,23,Borsa-Crestaia,12
56309,56265,23,Ciumafaia,12
56318,56265,23,Giula,12
56327,127,3,Buza,12
56336,56327,22,Buza,12
56345,56327,23,Rotunda,12
56354,127,3,Caianu,12
56363,56354,22,Caianu,12
56372,56354,23,Barai,12
56381,56354,23,Caianu Mic,12
56390,56354,23,Caianu-Vama,12
56407,56354,23,Vaida-Camaras,12
56416,56354,23,Valeni,12
56425,127,3,Calarasi,12
56434,56425,22,Calarasi,12
56443,56425,23,Bogata,12
56452,56425,23,Calarasi-Gara,12
56461,127,3,Calatele,12
56470,56461,22,Calatele,12
56489,56461,23,Calata,12
56498,56461,23,Dealu Negru,12
56504,56461,23,Finciu,12
56513,56461,23,Valeni,12
56522,127,3,Camarasu,12
56531,56522,22,Camarasu,12
56540,56522,23,Naoiu,12
56559,56522,23,Samboleni,12
56568,127,3,Capusu Mare,12
56577,56568,22,Capusu Mare,12
56586,56568,23,Agarbiciu,12
56595,56568,23,Balcesti,12
56602,56568,23,Capusu Mic,12
56611,56568,23,Dangau Mare,12
56620,56568,23,Dangau Mic,12
56639,56568,23,Dumbrava,12
56648,56568,23,Paniceni,12
56657,56568,23,Straja,12
56666,127,3,Caseiu,12
56675,56666,22,Caseiu,12
56684,56666,23,Comorita,12
56693,56666,23,Coplean,12
56700,56666,23,Custura,12
56719,56666,23,Garbau Dejului,12
56728,56666,23,Guga,12
56737,56666,23,Leurda,12
56746,56666,23,Rugasesti,12
56755,56666,23,Salatruc,12
56764,56666,23,Urisor,12
57314,127,3,Catcau,12
57323,57314,22,Catcau,12
57332,57314,23,Muncel,12
57341,57314,23,Salisca,12
56773,127,3,Catina,12
56782,56773,22,Catina,12
56791,56773,23,Copru,12
56808,56773,23,Feldioara,12
56817,56773,23,Hagau,12
56826,56773,23,Hodaie,12
56835,56773,23,Valea Calda,12
56844,127,3,Ceanu Mare,12
56853,56844,22,Ceanu Mare,12
56862,56844,23,Andici,12
56871,56844,23,Boian,12
56880,56844,23,Boldut,12
56899,56844,23,Ciurgau,12
56906,56844,23,Dosu Napului,12
56915,56844,23,Fanate,12
56924,56844,23,Hodai Boian,12
56933,56844,23,Iacobeni,12
56942,56844,23,Mortesti,12
56951,56844,23,Starcu,12
56960,56844,23,Strucut,12
56979,56844,23,Valea Lui Cati,12
56988,127,3,Chinteni,12
56997,56988,22,Chinteni,12
57001,56988,23,Deusu,12
57010,56988,23,Feiurdeni,12
57029,56988,23,Macicasu,12
57038,56988,23,Padureni,12
57056,56988,23,Salistea Veche,12
57065,56988,23,Sanmartin,12
57047,56988,23,Satu Lung,12
57074,56988,23,Vechea,12
57083,127,3,Chiuiesti,12
57092,57083,22,Chiuiesti,12
57109,57083,23,Dosu Bricii,12
57118,57083,23,Huta,12
57127,57083,23,Magoaja,12
57136,57083,23,Strambu,12
57145,57083,23,Valea Caseielului,12
57154,57083,23,Valea Lui Opris,12
57163,127,3,Ciucea,12
57172,57163,22,Ciucea,12
57181,60169,23,Bucea,12
57190,60169,22,Negreni,12
57207,60169,23,Prelucele,12
57216,57163,23,Vanatori,12
57225,127,3,Ciurila,12
57234,57225,22,Ciurila,12
57243,57225,23,Filea De Jos,12
57252,57225,23,Filea De Sus,12
57261,57225,23,Padureni,12
57270,57225,23,Prunis,12
57289,57225,23,Salicea,12
57298,57225,23,Saliste,12
57305,57225,23,Sutu,12
57350,127,3,Cojocna,12
57369,57350,22,Cojocna,12
57378,57350,23,Boj-Catun,12
57387,57350,23,Boju,12
57396,57350,23,Cara,12
57403,57350,23,Huci,12
57412,57350,23,Iuriu De Campie,12
57421,57350,23,Moristi,12
57430,57350,23,Straja,12
57449,127,3,Cornesti,12
57458,57449,22,Cornesti,12
57467,57449,23,Barlea,12
57476,57449,23,Igritia,12
57485,57449,23,Lujerdiu,12
57494,57449,23,Morau,12
57500,57449,23,Stoiana,12
57519,57449,23,Tiocu De Jos,12
57528,57449,23,Tiocu De Sus,12
57537,57449,23,Tioltiur,12
55062,127,3,Cuzdrioara,12
55071,55062,22,Cuzdrioara,12
55080,55062,23,Manasturel,12
55099,55062,23,Valea Garboului,12
57546,127,3,Dabaca,12
57555,57546,22,Dabaca,12
57564,57546,23,Luna De Jos,12
57573,57546,23,Paglisa,12
57582,127,3,Feleacu,12
57591,57582,22,Feleacu,12
57608,57582,23,Casele Micesti,12
57617,57582,23,Gheorghieni,12
57626,57582,23,Saradis,12
57635,57582,23,Valcele,12
57644,127,3,Fizesu Gherlii,12
57653,57644,22,Fizesu Gherlii,12
57662,57644,23,Bont,12
57671,57644,23,Lunca Bontului,12
57680,57644,23,Nicula,12
57699,57644,23,Sacalaia,12
57706,127,3,Floresti,12
57715,57706,22,Floresti,12
57724,57706,23,Luna De Sus,12
57733,57706,23,Tauti,12
57742,127,3,Frata,12
57751,57742,22,Frata,12
57760,57742,23,Berchiesu,12
57779,57742,23,Oas,12
57788,57742,23,Olariu,12
57797,57742,23,Padurea Iacobeni,12
57804,57742,23,Poiana Fratii,12
57813,57742,23,Razoare,12
57822,57742,23,Soporu De Campie,12
57948,127,3,Garbau,12
57957,57948,22,Garbau,12
57966,57948,23,Cornesti,12
57975,57948,23,Nadaselu,12
57993,57948,23,Turea,12
57984,57948,23,Vistea,12
57831,127,3,Geaca,12
57840,57831,22,Geaca,12
57859,57831,23,Chiris,12
57868,57831,23,Lacu,12
57877,57831,23,Legii,12
57886,57831,23,Puini,12
57895,57831,23,Sucutard,12
57902,127,3,Gilau,12
57911,57902,22,Gilau,12
57920,57902,23,Somesu Cald,12
57939,57902,23,Somesu Rece,12
58008,127,3,Iara,12
58017,58008,22,Iara,12
58026,58008,23,Agris,12
58035,58008,23,Borzesti,12
58044,58008,23,Buru,12
58053,58008,23,Cacova Ierii,12
58062,58008,23,Fagetu Ierii,12
58071,58008,23,Lungesti,12
58099,58008,23,Magura Ierii,12
58080,58008,23,Masca,12
58106,58008,23,Ocolisel,12
58115,58008,23,Surduc,12
58124,58008,23,Valea Agrisului,12
58133,58008,23,Valea Vadului,12
58142,127,3,Iclod,12
58151,58142,22,Iclod,12
58160,58142,23,Fundatura,12
58179,58142,23,Iclozel,12
58188,58142,23,Livada,12
58197,58142,23,Orman,12
58204,127,3,Izvoru Crisului,12
58213,58204,22,Izvoru Crisului,12
58222,58204,23,Nadasu,12
58231,58204,23,Nearsova,12
58240,58204,23,Saula,12
55106,127,3,Jichisu De Jos,12
55115,55106,22,Jichisu De Jos,12
55124,55106,23,Codor,12
55133,55106,23,Jichisu De Sus,12
55142,55106,23,Sigau,12
55151,55106,23,Tarpiu,12
58259,127,3,Jucu,12
58268,58259,22,Jucu De Sus,12
58277,58259,23,Gadalin,12
58286,58259,23,Juc-Herghelie,12
58295,58259,23,Jucu De Mijloc,12
58302,58259,23,Visea,12
58311,127,3,Luna,12
58320,58311,22,Luna,12
58339,58311,23,Gligoresti,12
58348,58311,23,Luncani,12
58357,127,3,Maguri-Racatau,12
58366,58357,22,Maguri-Racatau,12
58375,58357,23,Maguri,12
58384,58357,23,Muntele Rece,12
58393,127,3,Manastireni,12
58400,58393,22,Manastireni,12
58419,58393,23,Ardeova,12
58428,58393,23,Bedeciu,12
58437,58393,23,Bica,12
58446,58393,23,Dretea,12
58455,58393,23,Manasturu Romanesc,12
58464,127,3,Margau,12
58473,58464,22,Margau,12
58482,58464,23,Bociu,12
58491,58464,23,Buteni,12
58507,58464,23,Ciuleni,12
58516,58464,23,Rachitele,12
58525,58464,23,Scrind-Frasinet,12
58534,127,3,Marisel,12
58543,58534,22,Marisel,12
55160,127,3,Mica,12
55179,55160,22,Mica,12
55188,55160,23,Dambu Mare,12
55197,55160,23,Manastirea,12
55204,55160,23,Nires,12
55213,55160,23,Sanmarghita,12
55222,55160,23,Valea Ciresoii,12
55231,55160,23,Valea Luncii,12
55277,127,3,Mihai Viteazu,12
55286,55277,22,Mihai Viteazu,12
55295,55277,23,Cheia,12
55302,55277,23,Cornesti,12
58552,127,3,Mintiu Gherlii,12
58561,58552,22,Mintiu Gherlii,12
58570,58552,23,Bunesti,12
58589,58552,23,Nima,12
58598,58552,23,Padurenii,12
58605,58552,23,Petresti,12
58614,58552,23,Salatiu,12
58623,127,3,Mociu,12
58632,58623,22,Mociu,12
58641,58623,23,Boteni,12
58650,58623,23,Chesau,12
58669,58623,23,Criseni,12
58678,58623,23,Falca,12
58687,58623,23,Ghirisu Roman,12
58696,58623,23,Rosieni,12
58703,58623,23,Turmasi,12
58712,58623,23,Zorenii De Vale,12
58721,127,3,Moldovenesti,12
58730,58721,22,Moldovenesti,12
58749,58721,23,Badeni,12
58758,58721,23,Pietroasa,12
58767,58721,23,Plaiesti,12
58776,58721,23,Podeni,12
58785,58721,23,Stejeris,12
58794,127,3,Palatca,12
58801,58794,22,Palatca,12
58810,58794,23,Bagaciu,12
58829,58794,23,Muresenii De Campie,12
58838,58794,23,Petea,12
58847,58794,23,Sava,12
58856,127,3,Panticeu,12
58865,58856,22,Panticeu,12
58874,58856,23,Catalina,12
58883,58856,23,Cublesu Somesan,12
58892,58856,23,Darja,12
58909,58856,23,Sarata,12
58918,127,3,Petrestii De Jos,12
58927,58918,22,Petrestii De Jos,12
58936,58918,23,Craesti,12
58945,58918,23,Deleni,12
58954,58918,23,Livada,12
58963,58918,23,Petrestii De Mijloc,12
58972,58918,23,Petrestii De Sus,12
58981,58918,23,Plaiuri,12
58990,127,3,Ploscos,12
59005,58990,22,Ploscos,12
59014,58990,23,Crairat,12
59023,58990,23,Lobodas,12
59032,58990,23,Valea Florilor,12
59041,127,3,Poieni,12
59050,59041,22,Poieni,12
59069,59041,23,Bologa,12
59078,59041,23,Cerbesti,12
59087,59041,23,Hodisu,12
59096,59041,23,Lunca Visagului,12
59103,59041,23,Morlaca,12
59112,59041,23,Tranisu,12
59121,59041,23,Valea Draganului,12
59130,127,3,Recea-Cristur,12
59149,59130,22,Recea-Cristur,12
59158,59130,23,Caprioara,12
59167,59130,23,Ciubanca,12
59176,59130,23,Ciubancuta,12
59185,59130,23,Elciu,12
59194,59130,23,Escu,12
59201,59130,23,Jurca,12
59210,59130,23,Osoi,12
59229,59130,23,Pustuta,12
59238,127,3,Risca,12
59247,59238,22,Risca,12
59256,59238,23,Dealu Mare,12
59265,59238,23,Lapustesti,12
59274,59238,23,Marcesti,12
59283,127,3,Sacuieu,12
59292,59283,22,Sacuieu,12
59309,59283,23,Rogojel,12
59318,59283,23,Visagu,12
59434,127,3,Sancraiu,12
59443,59434,22,Sancraiu,12
59452,59434,23,Alunisu,12
59461,59434,23,Braisoru,12
59470,59434,23,Domosu,12
59489,59434,23,Horlacea,12
55311,127,3,Sandulesti,12
55320,55311,22,Sandulesti,12
55339,55311,23,Copaceni,12
59498,127,3,Sanmartin,12
59504,59498,22,Sanmartin,12
59513,59498,23,Ceaba,12
59522,59498,23,Cutca,12
59531,59498,23,Diviciorii Mari,12
59540,59498,23,Diviciorii Mici,12
59559,59498,23,Mahal,12
59568,59498,23,Samboieni,12
59577,59498,23,Targusor,12
59586,127,3,Sanpaul,12
59595,59586,22,Sanpaul,12
59602,59586,23,Berindu,12
59611,59586,23,Mihaiesti,12
59639,59586,23,Sardu,12
59620,59586,23,Sumurducu,12
59648,59586,23,Topa Mica,12
59327,127,3,Savadisla,12
59336,59327,22,Savadisla,12
59345,59327,23,Finisel,12
59354,59327,23,Hasdate,12
59363,59327,23,Lita,12
59372,59327,23,Liteni,12
59381,59327,23,Stolna,12
59390,59327,23,Valisoara,12
59407,59327,23,Vlaha,12
59416,127,3,Sic,12
59425,59416,22,Sic,12
59657,127,3,Suatu,12
59666,59657,22,Suatu,12
59675,59657,23,Aruncuta,12
59684,59657,23,Damburile,12
59826,127,3,Taga,12
59835,59826,22,Taga,12
59844,59826,23,Nasal,12
59853,59826,23,Santejude,12
59862,59826,23,Santejude Vale,12
59871,59826,23,Santioana,12
59693,127,3,Tritenii De Jos,12
59700,59693,22,Tritenii De Jos,12
59719,59693,23,Clapa,12
59728,59693,23,Colonia,12
59737,59693,23,Padureni,12
59746,59693,23,Tritenii De Sus,12
59755,59693,23,Tritenii-Hotar,12
59764,127,3,Tureni,12
59773,59764,22,Tureni,12
59782,59764,23,Ceanu Mic,12
59791,59764,23,Comsesti,12
59808,59764,23,Martinesti,12
59817,59764,23,Micesti,12
59880,127,3,Unguras,12
59899,59880,22,Unguras,12
59906,59880,23,Batin,12
59915,59880,23,Darot,12
59924,59880,23,Sicfa,12
59933,59880,23,Valea Ungurasului,12
59942,127,3,Vad,12
59951,59942,22,Vad,12
59960,59942,23,Bogata De Jos,12
59979,59942,23,Bogata De Sus,12
59988,59942,23,Calna,12
59997,59942,23,Cetan,12
60008,59942,23,Curtuiusu Dejului,12
60017,59942,23,Valea Grosilor,12
60026,127,3,Valea Ierii,12
60035,60026,22,Valea Ierii,12
60044,60026,23,Cerc,12
60053,60026,23,Plopi,12
60062,127,3,Viisoara,12
60071,60062,22,Viisoara,12
60080,60062,23,Urca,12
60099,127,3,Vultureni,12
60106,60099,22,Vultureni,12
60115,60099,23,Babutiu,12
60124,60099,23,Badesti,12
60133,60099,23,Chidea,12
60142,60099,23,Faureni,12
60151,60099,23,Soimeni,12
60419,136,1,Mun. Constanta,13
60428,60419,9,Constanta,13
63223,60482,10,Cap Aurora,13
63214,60482,10,Jupiter,13
60437,60419,10,Mamaia,13
63205,60482,10,Neptun,13
63143,60482,10,Olimp,13
60446,60419,10,Palazu Mare,13
63241,60482,10,Saturn,13
63232,60482,10,Venus,13
60482,136,4,Mun. Mangalia,13
60491,60482,9,Mangalia,13
60847,136,4,Mun. Medgidia,13
60856,60847,9,Medgidia,13
60865,60847,10,Remus Opreanu,13
60874,60847,10,Valea Dacilor,13
62360,136,2,Oras Basarabi,13
62379,62360,17,Basarabi,13
62388,62360,19,Siminoc,13
60776,136,2,Oras Cernavoda,13
60785,60776,17,Cernavoda,13
60455,136,2,Oras Eforie,13
60473,60455,18,Eforie Nord,13
60464,60455,17,Eforie Sud,13
60801,136,2,Oras Harsova,13
60810,60801,17,Harsova,13
60829,60801,18,Vadu Oii,13
60507,136,2,Oras Navodari,13
60516,60507,17,Navodari,13
60525,60507,18,Mamaia-Sat,13
62397,136,2,Oras Negru Voda,13
62404,62397,17,Negru Voda,13
62413,62397,19,Darabani,13
62422,62397,19,Graniceru,13
62431,62397,19,Valcelele,13
60687,136,2,Oras Ovidiu,13
60696,60687,17,Ovidiu,13
60712,60687,19,Poiana,13
60534,136,2,Oras Techirghiol,13
60543,60534,17,Techirghiol,13
60598,136,3,23-Aug,13
60605,60598,22,23-Aug,13
60614,60598,23,Dulcesti,13
60623,60598,23,Mosneni,13
60883,136,3,Adamclisi,13
60892,60883,22,Adamclisi,13
60909,60883,23,Abrud,13
60918,60883,23,Hateg,13
60927,60883,23,Urluia,13
60936,60883,23,Zorile,13
60570,136,3,Agigea,13
63269,60570,22,Agigea,13
60589,60570,23,Lazu,13
60552,60570,23,Sanatoriul Agigea,13
60561,60570,23,Statiunea Zoologica Marina Agigea,13
60945,136,3,Albesti,13
60954,60945,22,Albesti,13
60963,60945,23,Arsa,13
60972,60945,23,Coroana,13
60981,60945,23,Cotu Vaii,13
60990,60945,23,Vartop,13
61005,136,3,Aliman,13
61014,61005,22,Aliman,13
61032,61005,23,Dunareni,13
61041,61005,23,Floriile,13
61050,61005,23,Vlahii,13
63198,136,3,Amzacea,13
63090,63198,22,Amzacea,13
61470,63198,23,Casicea,13
61489,63198,23,General Scarisoreanu,13
61069,136,2,Oras Baneasa,13
61078,61069,17,Baneasa,13
61087,61069,19,Faurei,13
61096,61069,19,Negureni,13
61103,61069,19,Tudor Vladimirescu,13
61121,136,3,Castelu,13
61130,61121,22,Castelu,13
61149,63300,22,Cuza Voda,13
61158,61121,23,Nisipari,13
61167,136,3,Cerchezu,13
61176,61167,22,Cerchezu,13
61185,61167,23,Cascioarele,13
61194,61167,23,Magura,13
61201,61167,23,Viroaga,13
61210,136,3,Chirnogeni,13
61229,61210,22,Chirnogeni,13
61238,61210,23,Credinta,13
61247,61210,23,Plopeni,13
61256,136,3,Ciobanu,13
61265,61256,22,Ciobanu,13
61274,61256,23,Miorita,13
61283,136,3,Ciocarlia,13
61292,61283,22,Ciocarlia,13
61309,61283,23,Ciocarlia De Sus,13
61318,136,3,Cobadin,13
61327,61318,22,Cobadin,13
61336,61318,23,Conacu,13
61345,61318,23,Curcani,13
61354,61318,23,Negresti,13
61363,61318,23,Viisoara,13
61372,136,3,Cogealac,13
61381,61372,22,Cogealac,13
61407,63334,22,Fantanele,13
61416,61372,23,Gura Dobrogei,13
61425,61372,23,Ramnicu De Jos,13
61434,61372,23,Ramnicu De Sus,13
61443,61372,23,Tariverde,13
61452,136,3,Comana,13
61461,61452,22,Comana,13
61498,61452,23,Pelinu,13
61504,61452,23,Tataru,13
61513,136,3,Corbu,13
61522,61513,22,Corbu,13
61531,61513,23,Luminita,13
61540,61513,23,Vadu,13
61559,136,3,Crucea,13
61568,61559,22,Crucea,13
61577,61559,23,Baltagesti,13
61586,61559,23,Crisan,13
61595,61559,23,Galbiori,13
61611,61559,23,Siriu,13
61602,61559,23,Stupina,13
61620,136,3,Cumpana,13
61639,61620,22,Cumpana,13
61666,61620,23,Straja,13
61675,136,3,Deleni,13
61684,61675,22,Deleni,13
61693,61675,23,Petrosani,13
61700,61675,23,Pietreni,13
61728,61675,23,Sipotele,13
61737,136,3,Dobromir,13
61746,61737,22,Dobromir,13
61755,61737,23,Cetatea,13
61764,61737,23,Dobromiru Din Deal,13
61773,61737,23,Lespezi,13
61782,61737,23,Padureni,13
61791,61737,23,Valeni,13
63161,136,3,Dumbraveni,13
61899,63161,22,Dumbraveni,13
61915,63161,23,Furnica,13
61808,136,3,Garliciu,13
61817,61808,22,Garliciu,13
61826,136,3,Ghindaresti,13
61835,63278,22,Horia,13
61844,63278,23,Closca,13
61853,61826,22,Ghindaresti,13
61862,63278,23,Tichilesti,13
61871,136,3,Independenta,13
61880,61871,22,Independenta,13
61906,61871,23,Fantana Mare,13
61924,61871,23,Movila Verde,13
61933,61871,23,Olteni,13
61942,61871,23,Tufani,13
61951,136,3,Ion Corvin,13
61960,61951,22,Ion Corvin,13
61979,61951,23,Brebeni,13
61988,61951,23,Crangu,13
62002,61951,23,Raristea,13
62011,61951,23,Viile,13
62020,136,3,Istria,13
62039,62020,22,Istria,13
62048,62020,23,Nuntasi,13
60632,136,3,Limanu,13
60641,60632,22,Limanu,13
60669,60632,23,2 Mai,13
60650,60632,23,Hagieni,13
60678,60632,23,Vama Veche,13
62057,136,3,Lipnita,13
62066,62057,22,Lipnita,13
62075,62057,23,Canlia,13
62084,62057,23,Carvan,13
62093,62057,23,Coslugea,13
62100,62057,23,Cuiugiuc,13
62119,62057,23,Goruni,13
62128,62057,23,Izvoarele,13
63152,136,3,Lumina,13
60703,63152,22,Lumina,13
62217,63152,23,Oituz,13
62244,63152,23,Sibioara,13
62137,136,3,Mereni,13
62146,62137,22,Mereni,13
61648,63294,22,Baraganu,13
62155,62137,23,Ciobanita,13
62164,63294,23,Lanurile,13
62173,62137,23,Miristea,13
62182,62137,23,Osmancea,13
62253,136,3,Mihai Viteazu,13
62262,62253,22,Mihai Viteazu,13
62271,62253,23,Sinoie,13
62191,136,3,Mihail Kogalniceanu,13
62208,62191,22,Mihail Kogalniceanu,13
62226,62191,23,Palazu Mic,13
62235,62191,23,Piatra,13
62280,136,3,Mircea Voda,13
62299,62280,22,Mircea Voda,13
62306,63318,23,Faclia,13
62315,62280,23,Gherghina,13
62324,63318,22,Saligny,13
62333,62280,23,Satu Nou,13
62342,63318,23,Stefan Cel Mare,13
62351,62280,23,Tibrinu,13
62440,136,3,Nicolae Balcescu,13
62459,62440,22,Nicolae Balcescu,13
62468,62440,23,Dorobantu,13
62486,136,3,Oltina,13
62495,62486,22,Oltina,13
62501,62486,23,Razoarele,13
62510,62486,23,Satu Nou,13
62529,62486,23,Strunga,13
62538,136,3,Ostrov,13
62547,62538,22,Ostrov,13
62556,62538,23,Almalau,13
62565,62538,23,Bugeac,13
62574,62538,23,Esechioi,13
62583,62538,23,Galita,13
62592,62538,23,Garlita,13
62609,136,3,Pantelimon,13
62618,62609,22,Pantelimon,13
62627,62609,23,Calugareni,13
62636,62609,23,Nistoresti,13
62645,62609,23,Pantelimon De Jos,13
62654,62609,23,Runcu,13
62672,136,3,Pecineaga,13
62681,62672,22,Pecineaga,13
62690,62672,23,Vanatori,13
62707,136,3,Pestera,13
62716,62707,22,Pestera,13
62725,62707,23,Ivrinezu Mare,13
62734,62707,23,Ivrinezu Mic,13
62743,62707,23,Izvoru Mare,13
62752,62707,23,Veteranu,13
62761,136,3,Poarta Alba,13
62770,62761,22,Poarta Alba,13
62789,62761,23,Nazarcea,13
62798,136,3,Rasova,13
62805,62798,22,Rasova,13
62814,62798,23,Cochirleni,13
62878,136,3,Sacele,13
62887,62878,22,Sacele,13
62896,62878,23,Traian,13
62823,136,3,Saraiu,13
62832,62823,22,Saraiu,13
62850,62823,23,Dulgheru,13
62869,62823,23,Stejaru,13
62903,136,3,Seimeni,13
62912,62903,22,Seimeni,13
62921,62903,23,Dunarea,13
62930,62903,23,Seimenii Mici,13
62949,136,3,Silistea,13
62958,62949,22,Silistea,13
62976,62949,23,Tepes Voda,13
62985,136,3,Targusor,13
62994,62985,22,Targusor,13
63009,63326,23,Casian,13
63018,63326,23,Cheia,13
63027,63326,22,Gradina,13
63036,62985,23,Mireasa,13
63045,136,3,Topalu,13
63054,63045,22,Topalu,13
63063,63045,23,Capidava,13
63072,136,3,Topraisar,13
63081,63072,22,Topraisar,13
63107,63072,23,Biruinta,13
63116,63072,23,Movilita,13
61657,63072,23,Potarnichea,13
63189,136,3,Tortoman,13
62967,63189,22,Tortoman,13
62477,63189,23,Dropia,13
60721,136,3,Tuzla,13
60730,60721,22,Tuzla,13
60749,63286,22,Costinesti,13
60758,63286,23,Schitu,13
63125,136,3,Valu Lui Traian,13
63134,63125,22,Valu Lui Traian,13
63170,136,3,Vulturu,13
62663,63170,22,Vulturu,13
63394,145,1,Mun. Sfantu Gheorghe,14
63401,63394,9,Sfantu Gheorghe,14
63410,63394,11,Chilieni,14
63429,63394,11,Coseni,14
63447,145,2,Oras Baraolt,14
63456,63447,17,Baraolt,14
63465,63447,19,Biborteni,14
63474,63447,19,Bodos,14
63483,63447,19,Capeni,14
63492,63447,19,Miclosoara,14
63508,63447,19,Racosul De Sus,14
63526,145,2,Oras Covasna,14
63535,63526,17,Covasna,14
63544,63526,18,Chiurus,14
63580,145,2,Oras Intorsura Buzaului,14
63599,63580,17,Intorsura Buzaului,14
63606,63580,19,Bradet,14
63615,63580,19,Floroaia,14
63624,63580,19,Scradoasa,14
63740,145,4,Mun. Targu Secuiesc,14
63759,63740,9,Targu Secuiesc,14
63768,63740,11,Lunga,14
63777,145,3,Aita Mare,14
63786,63777,22,Aita Mare,14
63795,63777,23,Aita Medie,14
63633,145,3,Barcani,14
63642,63633,22,Barcani,14
63651,63633,23,Ladauti,14
63660,63633,23,Saramas,14
63679,65099,22,Valea Mare,14
63802,145,3,Batani,14
63811,63802,22,Batanii Mari,14
63820,63802,23,Aita Seaca,14
63839,63802,23,Batanii Mici,14
63848,63802,23,Herculian,14
63857,63802,23,Ozunca-Bai,14
63866,145,3,Belin,14
63875,63866,22,Belin,14
63884,63866,23,Belin-Vale,14
63893,145,3,Bodoc,14
63900,63893,22,Bodoc,14
63919,63893,23,Olteni,14
63928,63893,23,Zalan,14
63937,145,3,Borosneu Mare,14
63946,63937,22,Borosneu Mare,14
63955,63937,23,Borosneu Mic,14
63964,63937,23,Dobolii De Sus,14
63973,63937,23,Let,14
63982,63937,23,Tufalau,14
63991,63937,23,Valea Mica,14
64041,145,3,Bradut,14
64050,64041,22,Bradut,14
64069,64041,23,Doboseni,14
64078,64041,23,Filia,14
64087,64041,23,Talisoara,14
64005,145,3,Brates,14
64014,64005,22,Brates,14
64023,64005,23,Pachia,14
64032,64005,23,Telechia,14
64096,145,3,Bretcu,14
64103,64096,22,Bretcu,14
64112,64096,23,Martanus,14
64121,64096,23,Oituz,14
64130,145,3,Catalina,14
64149,64130,22,Catalina,14
64158,64130,23,Hatuica,14
64167,64130,23,Imeni,14
64185,64130,23,Marcusa,14
64176,64130,23,Martineni,14
64194,145,3,Cernat,14
64201,64194,22,Cernat,14
64210,64194,23,Albis,14
64229,64194,23,Icafalau,14
64238,145,3,Chichis,14
64247,64238,22,Chichis,14
64256,64238,23,Bacel,14
63553,145,3,Comandau,14
63562,63553,22,Comandau,14
64265,145,3,Dobarlau,14
64274,64265,22,Dobarlau,14
64283,64265,23,Lunca Marcusului,14
64292,64265,23,Marcus,14
64309,64265,23,Valea Dobarlaului,14
64318,145,3,Ghelinta,14
64327,64318,22,Ghelinta,14
64336,64318,23,Harale,14
64345,145,3,Ghidfalau,14
64354,64345,22,Ghidfalau,14
64363,64345,23,Anghelus,14
64372,64345,23,Fotos,14
64381,64345,23,Zoltan,14
64390,145,3,Haghig,14
64407,64390,22,Haghig,14
64416,64390,23,Iaras,14
64425,145,3,Ilieni,14
64434,64425,22,Ilieni,14
64443,64425,23,Dobolii De Jos,14
64452,64425,23,Sancraiu,14
64461,145,3,Lemnia,14
64470,64461,22,Lemnia,14
64489,65105,23,Lutoasa,14
64498,65105,22,Mereni,14
64504,145,3,Malnas,14
64513,65139,22,Micfalau,14
64522,65121,22,Bixad,14
64531,64504,22,Malnas,14
64540,64504,23,Malnas-Bai,14
64559,64504,23,Valea Zalanului,14
64568,145,3,Moacsa,14
64577,64568,22,Moacsa,14
64586,65147,22,Dalnic,14
64595,64568,23,Padureni,14
64602,145,3,Ojdula,14
64611,64602,22,Ojdula,14
64620,64602,23,Hilib,14
64639,145,3,Ozun,14
64648,64639,22,Ozun,14
64657,64639,23,Bicfalau,14
64666,64639,23,Lisnau,14
64675,64639,23,Lisnau-Vale,14
64684,64639,23,Lunca Ozunului,14
64693,64639,23,Magherus,14
64700,64639,23,Santionlunca,14
64719,145,3,Poian,14
64728,64719,22,Poian,14
64737,64719,23,Belani,14
64746,65154,23,Carpinenii,14
64755,65154,22,Estelnic,14
64764,65154,23,Valea Scurta,14
64773,145,3,Reci,14
64782,64773,22,Reci,14
64791,64773,23,Aninoasa,14
64808,64773,23,Bita,14
64817,64773,23,Saciova,14
64826,145,3,Sanzieni,14
64835,64826,22,Sanzieni,14
64844,64826,23,Casinu Mic,14
64853,64826,23,Petriceni,14
64862,64826,23,Valea Seaca,14
63688,145,3,Sita Buzaului,14
63697,63688,22,Sita Buzaului,14
63704,63688,23,Crasna,14
63713,63688,23,Merisor,14
63722,63688,23,Zabratau,14
64871,145,3,Turia,14
64880,64871,22,Turia,14
64899,64871,23,Alungeni,14
64942,145,3,Valcele,14
64951,64942,22,Araci,14
64960,64942,23,Ariusd,14
64979,64942,23,Hetea,14
64988,64942,23,Valcele,14
64906,145,3,Valea Crisului,14
64915,64906,22,Valea Crisului,14
64924,65113,22,Arcus,14
64933,64906,23,Calnic,14
64997,145,3,Varghis,14
65002,64997,22,Varghis,14
65048,145,3,Zabala,14
65057,65048,22,Zabala,14
65066,65048,23,Peteni,14
65075,65048,23,Surcea,14
65084,65048,23,Tamasfalau,14
65011,145,3,Zagon,14
65020,65011,22,Zagon,14
65039,65011,23,Papauti,14
65342,154,1,Mun. Targoviste,15
65351,65342,9,Targoviste,15
65360,65342,10,Priseaca,15
65609,154,2,Oras Fieni,15
65618,65609,17,Fieni,15
65627,65609,19,Berevoesti,15
65636,65609,19,Costesti,15
65681,154,2,Oras Gaesti,15
65690,65681,17,Gaesti,15
65841,154,4,Mun.  Moreni,15
65850,65841,9,Moreni,15
65921,154,2,Oras Pucioasa,15
65930,65921,17,Pucioasa,15
65949,65921,18,Bela,15
65958,65921,18,Diaconesti,15
65967,65921,18,Glodeni,15
65976,65921,18,Malurile,15
65985,65921,18,Miculesti,15
65994,65921,18,Pucioasa-Sat,15
66081,154,2,Oras Titu,15
66090,66081,17,Titu,15
66107,66081,19,Fusea,15
66116,66081,19,Hagioaica,15
66125,66081,19,Mereni,15
66134,66081,19,Plopu,15
66143,66081,19,Salcuta,15
65379,154,3,Aninoasa,15
65388,65379,22,Aninoasa,15
65397,65379,23,Sateni,15
65404,65379,23,Viforata,15
66198,154,3,Baleni,15
66205,66198,22,Baleni-Romani,15
66214,66198,23,Baleni-Sarbi,15
66223,154,3,Barbuletu,15
66232,66223,23,Gura Barbuletului,15
66241,179908,23,Alunis,15
66250,66223,22,Barbuletu,15
66269,66223,23,Cetatuia,15
66278,179908,23,Dupa Deal,15
66287,179908,22,Pietrari,15
66296,179917,22,Rau Alb De Jos,15
66303,179917,23,Rau Alb De Sus,15
66312,179908,23,Sipot,15
66321,179908,23,Valea,15
66330,154,3,Bezdead,15
66349,66330,22,Bezdead,15
66358,66330,23,Brosteni,15
66367,66330,23,Costisata,15
66376,66330,23,Magura,15
66385,66330,23,Tunari,15
66394,66330,23,Valea Morii,15
66401,154,3,Bilciuresti,15
66410,66401,22,Bilciuresti,15
66429,66401,23,Suseni Socetu,15
66009,154,3,Branesti,15
66018,66009,22,Branesti,15
66027,179640,23,Gura Vulcanei,15
66036,179640,23,Laculete-Gara,15
66045,66009,23,Priboiu,15
66054,179640,23,Toculesti,15
66063,179640,22,Vulcana-Pandele,15
66152,154,3,Branistea,15
66161,66152,22,Branistea,15
66170,66152,23,Dambovicioara,15
66189,66152,23,Savesti,15
101341,154,3,Brezoaele,15
101350,101341,22,Brezoaele,15
101369,101341,23,Brezoaia,15
66438,154,3,Buciumeni,15
66447,66438,22,Buciumeni,15
66456,66438,23,Dealu Mare,15
66465,66438,23,Valea Leurzii,15
66474,154,3,Bucsani,15
66483,66474,22,Bucsani,15
66492,66474,23,Habeni,15
66508,66474,23,Racovita,15
66517,66474,23,Ratoaia,15
101564,154,3,Butimanu,15
101573,101564,22,Butimanu,15
101582,101564,23,Barbuceanu,15
101591,101564,23,Lucianca,15
101608,101564,23,Ungureni,15
66526,154,3,Candesti,15
66535,66526,22,Candesti-Vale,15
66544,66526,23,Aninosani,15
66553,66526,23,Candesti Deal,15
66562,66526,23,Dragodanesti,15
66571,66526,23,Valea Mare,15
101840,154,3,Ciocanesti,15
101859,101840,22,Ciocanesti,15
101868,101840,23,Cretu,15
101877,101840,23,Decindea,15
101886,101840,23,Urziceanca,15
101895,101840,23,Vizuresti,15
66580,154,3,Cobia,15
66599,66580,22,Gherghitesti,15
66606,66580,23,Blidari,15
66615,66580,23,Calugareni,15
66624,66580,23,Capsuna,15
66633,66580,23,Cobiuta,15
66642,66580,23,Craciunesti,15
66651,66580,23,Frasin Deal,15
66660,66580,23,Frasin Vale,15
66688,66580,23,Manastirea,15
66679,66580,23,Mislea,15
66697,154,3,Cojasca,15
66704,66697,22,Cojasca,15
66713,66697,23,Fantanele,15
66722,66697,23,Iazu,15
66731,154,3,Comisani,15
66740,66731,22,Comisani,15
66759,66731,23,Lazuri,15
66768,154,3,Contesti,15
66777,66768,22,Contesti,15
66786,66768,23,Balteni,15
66795,66768,23,Boteni,15
66802,66768,23,Calugareni,15
66811,66768,23,Crangasi,15
66820,66768,23,Gamanesti,15
66839,66768,23,Helesteu,15
66848,66768,23,Mereni,15
66857,154,3,Corbii Mari,15
66866,66857,22,Corbii Mari,15
66875,66857,23,Baraceni,15
66884,66857,23,Grozavesti,15
66893,66857,23,Moara Din Groapa,15
66900,66857,23,Petresti,15
66919,66857,23,Podu Corbencii,15
66928,66857,23,Satu Nou,15
66937,66857,23,Ungureni,15
66946,66857,23,Vadu Stanchii,15
66955,154,3,Cornatelu,15
66964,66955,22,Cornatelu,15
66973,66955,23,Alunisu,15
66982,66955,23,Bolovani,15
66991,66955,23,Corni,15
67005,66955,23,Slobozia,15
67014,154,3,Cornesti,15
67023,67014,22,Cornesti,15
67032,67014,23,Bujoreanca,15
67041,67014,23,Catunu,15
67050,67014,23,Cristeasca,15
67069,67014,23,Crivatu,15
67078,67014,23,Frasinu,15
67087,67014,23,Hodarasti,15
67096,67014,23,Ibrianu,15
67103,67014,23,Postarnacu,15
67112,67014,23,Ungureni,15
67121,154,3,Costestii Din Vale,15
67130,67121,22,Costestii Din Vale,15
67149,67121,23,Maruntisu,15
67158,67121,23,Tomsani,15
67167,154,3,Crangurile,15
67176,67167,22,Badulesti,15
67185,67167,23,Crangurile De Jos,15
67194,67167,23,Crangurile De Sus,15
67201,67167,23,Patroaia Deal,15
67210,67167,23,Patroaia Vale,15
67229,67167,23,Potlogeni Vale,15
67238,67167,23,Ratesti,15
67247,67167,23,Voia,15
102286,154,3,Crevedia,15
102295,102286,22,Crevedia,15
102302,102286,23,Cocani,15
102311,102286,23,Darza,15
102320,102286,23,Manastirea,15
102339,102286,23,Samurcasi,15
67256,154,3,Darmanesti,15
67265,67256,22,Darmanesti,15
67274,67256,23,Marginenii De Sus,15
67283,179711,22,Vladeni,15
67292,154,3,Dobra,15
67309,67292,22,Dobra,15
67318,67292,23,Marcesti,15
65413,154,3,Doicesti,15
65422,65413,22,Doicesti,15
67327,154,3,Dragodana,15
67336,67327,22,Dragodana,15
67345,67327,23,Boboci,15
67354,67327,23,Burduca,15
67363,67327,23,Cuparu,15
67372,67327,23,Padureni,15
67381,67327,23,Picior De Munte,15
67390,67327,23,Straosti,15
67407,154,3,Dragomiresti,15
67416,67407,22,Dragomiresti,15
67425,67407,23,Decindeni,15
67434,67407,23,Geangoesti,15
67443,67407,23,Mogosesti,15
67452,67407,23,Rancaciov,15
67461,67407,23,Ungureni,15
67470,154,3,Finta,15
67489,67470,22,Finta Mare,15
67498,67470,23,Bechinesti,15
67504,67470,23,Finta Veche,15
67513,67470,23,Gheboaia,15
67522,154,3,Glodeni,15
67531,67522,22,Glodeni,15
67540,67522,23,Gusoiu,15
67559,67522,23,Laculete,15
67568,67522,23,Livezile,15
67577,67522,23,Malu Mierii,15
67586,67522,23,Schela,15
65707,154,3,Gura Foii,15
65716,65707,22,Gura Foii,15
65725,65707,23,Bumbuia,15
65734,65707,23,Catanele,15
65743,65707,23,Fagetu,15
67595,154,3,Gura Ocnitei,15
67602,67595,22,Gura Ocnitei,15
67611,67595,23,Adanca,15
67620,67595,23,Ochiuri,15
67639,67595,23,Sacueni,15
67648,154,3,Gura Sutii,15
67657,67648,22,Gura Sutii,15
67666,67648,23,Sperieteni,15
67675,154,3,Hulubesti,15
67684,67675,22,Hulubesti,15
67693,67675,23,Butoiu De Jos,15
67700,67675,23,Butoiu De Sus,15
67719,67675,23,Magura,15
67728,67675,23,Valea Dadei,15
67737,154,3,I. L. Caragiale,15
67746,67737,22,Ghirdoveni,15
67755,67737,23,I. L. Caragiale,15
67764,67737,23,Mija,15
65869,154,3,Iedera,15
65878,65869,22,Iedera De Jos,15
65887,65869,23,Colibasi,15
65896,65869,23,Cricovu Dulce,15
65903,65869,23,Iedera De Sus,15
67773,154,3,Lucieni,15
67782,67773,22,Lucieni,15
67791,67773,23,Olteni,15
67808,179891,22,Raciu,15
67817,179891,23,Silistea,15
67826,179891,23,Suta Seaca,15
67835,154,3,Ludesti,15
67844,67835,22,Ludesti,15
67853,67835,23,Milosari,15
67862,67835,23,Potocelu,15
67871,67835,23,Scheiu De Jos,15
67880,67835,23,Scheiu De Sus,15
67899,67835,23,Telesti,15
67906,154,3,Lunguletu,15
67915,67906,22,Lunguletu,15
67924,67906,23,Oreasca,15
67933,67906,23,Serdanu,15
67942,154,3,Malu Cu Flori,15
67951,67942,22,Malu Cu Flori,15
67960,67942,23,Capu Coastei,15
67979,67942,23,Copaceni,15
67988,67942,23,Miclosanii Mari,15
67997,67942,23,Miclosanii Mici,15
68002,154,3,Manesti,15
68011,68002,22,Manesti,15
68020,68002,23,Dragaesti Pamanteni,15
68039,68002,23,Dragaesti Ungureni,15
68048,154,3,Matasaru,15
68057,68048,22,Tetcoiu,15
68066,68048,23,Cretulesti,15
68075,68048,23,Matasaru,15
68084,68048,23,Odaia Turcului,15
68093,68048,23,Poroinica,15
68100,68048,23,Putu Cu Salcie,15
68119,68048,23,Salcioara,15
68128,154,3,Mogosani,15
68137,68128,22,Mogosani,15
68146,68128,23,Chirca,15
68155,68128,23,Cojocaru,15
68164,68128,23,Merii,15
68173,68128,23,Zavoiu,15
68182,154,3,Moroeni,15
68191,68182,22,Moroeni,15
68208,68182,23,Dobresti,15
68217,68182,23,Glod,15
68226,68182,23,Lunca,15
68235,68182,23,Muscel,15
68244,68182,23,Pucheni,15
68253,154,3,Morteni,15
68262,68253,22,Morteni,15
68271,68253,23,Neajlovu,15
65645,154,3,Motaieni,15
65654,65645,22,Motaieni,15
65663,65645,23,Cucuteni,15
104387,154,3,Niculesti,15
104396,104387,22,Niculesti,15
104403,104387,23,Ciocanari,15
104412,104387,23,Movila,15
68280,154,3,Nucet,15
68299,68280,22,Nucet,15
68306,68280,23,Cazaci,15
68315,68280,23,Ilfoveni,15
68324,154,3,Ocnita,15
68333,68324,22,Ocnita,15
68342,154,3,Odobesti,15
68351,68342,22,Odobesti,15
68360,68342,23,Brancoveanu,15
68379,68342,23,Crovu,15
68388,68342,23,Miulesti,15
68397,68342,23,Zidurile,15
65752,154,3,Petresti,15
65761,65752,22,Petresti,15
65770,65752,23,Coada Izvorului,15
65789,65752,23,Gherghesti,15
65798,65752,23,Greci,15
65805,65752,23,Ionesti,15
65814,65752,23,Potlogeni-Deal,15
65823,65752,23,Puntea De Greci,15
68404,154,3,Pietrosita,15
68413,68404,22,Pietrosita,15
68422,68404,23,Dealu Frumos,15
68431,154,3,Poiana,15
68440,68431,22,Poiana,15
68459,68431,23,Poienita,15
68468,154,3,Potlogi,15
68477,68468,22,Potlogi,15
68486,68468,23,Pitaru,15
68495,68468,23,Podu Cristinii,15
68501,68468,23,Romanesti,15
68510,68468,23,Vlasceni,15
68529,154,3,Produlesti,15
68538,68529,22,Produlesti,15
68547,68529,23,Brosteni,15
68556,68529,23,Costestii Din Deal,15
68565,154,3,Pucheni,15
68574,68565,22,Pucheni,15
68583,68565,23,Bradatel,15
68592,68565,23,Meisoare,15
68609,68565,23,Valea Larga,15
68618,68565,23,Varfureni,15
68627,154,2,Oras Racari,15
68636,68627,17,Racari,15
68645,68627,18,Balanesti,15
68654,68627,18,Colacu,15
68663,68627,18,Ghergani,15
68672,68627,18,Ghimpati,15
68681,68627,18,Mavrodin,15
68690,68627,18,Sabiesti,15
68707,68627,18,Stanesti,15
65431,154,3,Razvad,15
65440,65431,22,Razvad,15
65459,65431,23,Gorgota,15
65468,65431,23,Valea Voivozilor,15
68716,154,3,Runcu,15
68725,68716,22,Runcu,15
68734,68716,23,Badeni,15
68743,68716,23,Brebu,15
68752,68716,23,Ferestre,15
68761,68716,23,Piatra,15
68770,68716,23,Silistea,15
68789,154,3,Salcioara,15
68798,68789,22,Banesti,15
68805,68789,23,Catunu,15
68814,68789,23,Cuza Voda,15
68823,68789,23,Ghinesti,15
68832,68789,23,Mircea Voda,15
68841,68789,23,Moara Noua,15
68850,68789,23,Movila,15
68869,68789,23,Podu Rizii,15
68878,68789,23,Salcioara,15
68887,154,3,Selaru,15
68896,68887,22,Selaru,15
68903,68887,23,Fierbinti,15
68912,68887,23,Glogoveanu,15
105142,154,3,Slobozia Moara,15
105151,105142,22,Slobozia Moara,15
65477,154,3,Sotanga,15
65486,65477,22,Sotanga,15
65495,65477,23,Teis,15
105534,154,3,Tartasesti,15
105543,105534,22,Tartasesti,15
105552,105534,23,Baldana,15
105561,105534,23,Gulia,15
68921,154,3,Tatarani,15
68930,68921,22,Tatarani,15
68949,68921,23,Caprioru,15
68958,68921,23,Gheboieni,15
68967,68921,23,Priboiu,15
68976,154,3,Uliesti,15
68985,68976,22,Uliesti,15
68994,68976,23,Croitori,15
69009,68976,23,Hanu Lui Pala,15
69018,68976,23,Jugureni,15
69027,68976,23,Manastioara,15
69036,68976,23,Olteni,15
69045,68976,23,Ragu,15
69054,68976,23,Stavropolia,15
65501,154,3,Ulmi,15
65510,65501,22,Ulmi,15
65529,65501,23,Colanu,15
65538,65501,23,Dimoiu,15
65547,65501,23,Dumbrava,15
65556,65501,23,Matraca,15
65565,65501,23,Nisipurile,15
65574,65501,23,Udresti,15
65583,65501,23,Viisoara,15
69250,154,3,Vacaresti,15
69269,69250,22,Vacaresti,15
69278,69250,23,Bratestii De Jos,15
69287,69250,23,Bungetu,15
69296,179935,22,Persinari,15
69063,154,3,Valea Lunga,15
69072,69063,22,Valea Lunga-Cricov,15
69081,69063,23,Bacesti,15
69090,69063,23,Izvoru,15
69107,69063,23,Mosia Mica,15
69116,69063,23,Serbaneasa,15
69125,69063,23,Stubeie Tisa,15
69134,69063,23,Valea Lui Dan,15
69143,69063,23,Valea Lunga Gorgota,15
69152,69063,23,Valea Lunga Ogrea,15
69161,69063,23,Valea Mare,15
69170,154,3,Valea Mare,15
69189,69170,22,Valea Mare,15
69198,69170,23,Feteni,15
69205,69170,23,Garleni,15
69214,69170,23,Livezile,15
69223,69170,23,Saru,15
69232,69170,23,Stratonesti,15
69241,69170,23,Valea Caselor,15
69303,154,3,Valeni-Dimbovita,15
69312,69303,22,Valeni-Dambovita,15
69321,69303,23,Mesteacan,15
69447,154,3,Virfuri,15
69456,69447,22,Varfuri,15
69465,69447,23,Carlanesti,15
69474,69447,23,Cojoiu,15
69483,69447,23,Merisoru,15
69492,69447,23,Statesti,15
69508,69447,23,Suvita,15
69517,69447,23,Ulmetu,15
69330,154,3,Visina,15
69349,69330,22,Visina,15
69358,69330,23,Brosteni,15
69367,69330,23,Izvoru,15
69376,179926,22,Rascaeti,15
69385,179926,23,Vultureanca,15
69394,154,3,Visinesti,15
69401,69394,22,Visinesti,15
69410,69394,23,Dospinesti,15
69429,69394,23,Sultanu,15
69438,69394,23,Urseiu,15
69526,154,3,Voinesti,15
69535,69526,22,Voinesti,15
69544,69526,23,Gemenea Bratulesti,15
69553,69526,23,Izvoarele,15
69562,69526,23,Lunca,15
69571,69526,23,Manga,15
69580,69526,23,Minjina,15
69599,69526,23,Oncesti,15
69606,69526,23,Suduleni,15
69615,154,3,Vulcana-Bai,15
69624,69615,22,Vulcana-Bai,15
69633,69615,23,Nicolaesti,15
69642,69615,23,Vulcana De Sus,15
69900,163,1,Mun. Craiova,16
69919,69900,9,Craiova,16
70058,69900,11,Cernele,16
70067,69900,11,Cernelele De Sus,16
69928,69900,10,Facai,16
70076,69900,11,Izvorul Rece,16
69937,69900,10,Mofleni,16
69946,69900,10,Popoveni,16
70085,69900,11,Rovine,16
69955,69900,10,Simnicu De Jos,16
70316,163,4,Mun.  Bailesti,16
70325,70316,9,Bailesti,16
70334,70316,10,Balasan,16
70352,163,4,Mun. Calafat,16
70361,70352,9,Calafat,16
70370,70352,11,Basarabi,16
70389,70352,11,Ciupercenii Vechi,16
70398,70352,11,Golenti,16
70414,163,2,Oras Filiasi,16
70423,70414,17,Filiasi,16
70432,70414,19,Almajel,16
70441,70414,19,Balta,16
70450,70414,19,Braniste,16
70469,70414,19,Fratostita,16
70478,70414,19,Racarii De Sus,16
70487,70414,19,Uscaci,16
70502,163,2,Oras Segarcea,16
70511,70502,17,Segarcea,16
70520,163,3,Afumati,16
70539,70520,22,Afumati,16
70548,70520,23,Boureni,16
70557,70520,23,Covei,16
70566,163,3,Almaj,16
70575,70566,22,Almaj,16
70584,74875,23,Beharca,16
70593,70566,23,Bogea,16
70600,74875,22,Cotofenii Din Fata,16
70619,70566,23,Mosneni,16
70628,70566,23,Sitoaia,16
70637,163,3,Amarastii De Jos,16
70646,70637,22,Amarastii De Jos,16
70655,70637,23,Ocolna,16
70664,70637,23,Prapor,16
70673,163,3,Amarastii De Sus,16
70682,70673,22,Amarastii De Sus,16
70691,74883,22,Dobrotesti,16
70708,74883,23,Nisipuri,16
70717,70673,23,Zvorsca,16
70726,163,3,Apele Vii,16
70735,70726,22,Apele Vii,16
70744,163,3,Argetoaia,16
70753,70744,22,Argetoaia,16
70762,70744,23,Baranu,16
70771,70744,23,Berbesu,16
70780,70744,23,Iordachesti,16
70799,70744,23,Leordoasa,16
70806,70744,23,Malumnic,16
70815,70744,23,Novac,16
70824,70744,23,Piria,16
70833,70744,23,Poiana Fantinii,16
70842,70744,23,Salcia,16
70851,70744,23,Teascu Din Deal,16
70860,70744,23,Ursoaia,16
70879,163,2,Oras Bechet,16
70888,70879,17,Bechet,16
70940,163,3,Birca,16
70959,70940,22,Barca,16
70897,163,3,Bistret,16
70904,70897,22,Bistret,16
70913,70897,23,Bistretu Nou,16
70922,70897,23,Brandusa,16
70931,70897,23,Plosca,16
70968,163,3,Botosesti-Paia,16
70977,70968,22,Botosesti-Paia,16
70986,163,3,Brabova,16
70995,70986,22,Brabova,16
71000,70986,23,Caraiman,16
71019,70986,23,Mosna,16
71028,70986,23,Rachita De Jos,16
71037,70986,23,Urdinita,16
71046,70986,23,Voita,16
71055,163,3,Bradesti,16
71064,71055,22,Bradesti,16
71073,71055,23,Bradestii Batrini,16
71082,71055,23,Meteu,16
71091,71055,23,Piscani,16
71108,71055,23,Racarii De Jos,16
71117,71055,23,Tatomiresti,16
71126,163,3,Bralostita,16
71135,71126,22,Bralostita,16
71144,71126,23,Ciocanele,16
71153,71126,23,Racovita,16
71162,71126,23,Schitu,16
71171,71126,23,Sfarcea,16
71180,71126,23,Valea Fintinilor,16
71199,163,3,Bratovoesti,16
71206,71199,22,Bratovoesti,16
71215,71199,23,Badosi,16
71224,71199,23,Georocu Mare,16
71233,71199,23,Prunet,16
71242,74949,22,Rojiste,16
71251,74949,23,Tamburesti,16
71260,163,3,Breasta,16
71279,71260,22,Breasta,16
71288,71260,23,Cotu,16
71297,71260,23,Crovna,16
71304,71260,23,Faget,16
71313,71260,23,Obedin,16
71322,71260,23,Rosieni,16
71331,71260,23,Valea Lungului,16
69964,163,3,Bucovat,16
69973,69964,22,Bucovat,16
69982,69964,23,Carligei,16
69991,69964,23,Italieni,16
70003,69964,23,Leamna De Jos,16
70012,69964,23,Leamna De Sus,16
70021,69964,23,Palilula,16
70030,69964,23,Sarbatoarea,16
71340,163,3,Bulzesti,16
71359,71340,22,Prejoi,16
71368,71340,23,Bulzesti,16
71377,71340,23,Fratila,16
71386,71340,23,Gura Racului,16
71395,71340,23,Infratirea,16
71402,71340,23,Piscu Lung,16
71411,71340,23,Poienile,16
71420,71340,23,Saliste,16
71439,71340,23,Seculesti,16
71448,71340,23,Stoicesti,16
71607,163,3,Calarasi,16
71616,71607,22,Calarasi,16
71625,71607,23,Sarata,16
71457,163,3,Calopar,16
71466,71457,22,Calopar,16
71484,71457,23,Bazdana,16
71475,71457,23,Belcinu,16
71493,71457,23,Panaghia,16
71509,71457,23,Salcuta,16
71518,163,3,Caraula,16
71527,71518,22,Caraula,16
71536,163,3,Carpen,16
71545,71536,22,Carpen,16
71554,71536,23,Cleanov,16
71563,71536,23,Geblesti,16
71572,163,3,Castranova,16
71581,71572,22,Castranova,16
71590,71572,23,Puturi,16
71634,163,3,Celaru,16
71643,71634,22,Celaru,16
71652,71634,23,Ghizdavesti,16
71661,71634,23,Marotinu De Jos,16
71670,71634,23,Marotinu De Sus,16
71689,71634,23,Soreni,16
71698,163,3,Cerat,16
71705,71698,22,Cerat,16
71714,71698,23,Malaica,16
71723,163,3,Cernatesti,16
71732,71723,22,Cernatesti,16
71741,71723,23,Cornita,16
71750,71723,23,Rasnicu Batrin,16
71769,71723,23,Rasnicu Oghian,16
71778,71723,23,Tiu,16
71787,163,3,Cetate,16
71796,71787,22,Cetate,16
71803,71787,23,Moreni,16
71812,163,3,Cioroiasi,16
71821,71812,22,Cioroiasi,16
71830,71812,23,Cetatuia,16
71849,71812,23,Cioroiu Nou,16
71858,163,3,Ciupercenii Noi,16
71867,71858,22,Ciupercenii Noi,16
71876,71858,23,Smardan,16
71885,163,3,Cosoveni,16
71894,71885,22,Cosoveni,16
71901,74859,22,Carcea,16
71910,163,3,Cotofenii Din Dos,16
71929,71910,22,Cotofenii Din Dos,16
71938,71910,23,Mihaita,16
71947,71910,23,Potmeltu,16
72007,163,2,Oras Dabuleni,16
72016,72007,17,Dabuleni,16
72025,72007,19,Chiasu,16
71956,163,3,Daneti,16
71965,71956,22,Daneti,16
71974,71956,23,Brabeti,16
71983,71956,23,Braniste,16
71992,71956,23,Locusteni,16
72034,163,3,Desa,16
72043,72034,22,Desa,16
72052,163,3,Diosti,16
72061,72052,22,Diosti,16
72070,72052,23,Ciocanesti,16
72089,72052,23,Radomir,16
72098,163,3,Dobresti,16
72105,72098,22,Dobresti,16
72114,72098,23,Caciulatesti,16
72123,72098,23,Georocel,16
72132,72098,23,Murta,16
72141,72098,23,Toceni,16
72150,163,3,Dragotesti,16
72169,72150,22,Dragotesti,16
72178,72150,23,Benesti,16
72187,72150,23,Bobeanu,16
72196,72150,23,Buzduc,16
72203,72150,23,Popanzalesti,16
72212,72150,23,Viisoara,16
72221,163,3,Dranic,16
72230,72221,22,Dranic,16
72249,72221,23,Booveni,16
72258,72221,23,Foisor,16
72267,72221,23,Padea,16
72276,163,3,Farcas,16
72285,72276,22,Farcas,16
72294,72276,23,Amarasti,16
72301,72276,23,Golumbelu,16
72310,72276,23,Golumbu,16
72329,74956,23,Moflesti,16
72338,74956,23,Nistoi,16
72347,72276,23,Plopu Amarasti,16
72356,74956,23,Putinei,16
72365,74956,23,Soceni,16
72374,74956,22,Talpas,16
72383,163,3,Galicea Mare,16
72392,72383,22,Galicea Mare,16
72409,163,3,Ghercesti,16
72418,72409,22,Ghercesti,16
72427,72409,23,Garlesti,16
72436,72409,23,Luncsoru,16
72445,72409,23,Ungureni,16
72454,72409,23,Ungurenii Mici,16
72463,163,3,Gighera,16
72472,72463,22,Gighera,16
72481,72463,23,Nedeia,16
72490,72463,23,Zaval,16
72579,163,3,Gingiova,16
72588,72579,22,Gangiova,16
72597,72579,23,Comosteni,16
72506,163,3,Giubega,16
72515,72506,22,Giubega,16
72524,74891,22,Galiciuica,16
72533,163,3,Giurgita,16
72542,72533,22,Giurgita,16
72551,72533,23,Curmatura,16
72560,72533,23,Filaret,16
72604,163,3,Gogosu,16
72613,72604,22,Gogosu,16
72622,72604,23,Gogosita,16
72631,72604,23,Stefanel,16
72640,163,3,Goicea,16
72659,72640,22,Goicea,16
72668,74867,22,Carna,16
72677,163,3,Goiesti,16
72686,72677,22,Goiesti,16
72695,72677,23,Adancata,16
72702,72677,23,Fantani,16
72711,72677,23,Gruita,16
72720,72677,23,Malaesti,16
72739,72677,23,Mogosesti,16
72748,72677,23,Muereni,16
72757,72677,23,Pioresti,16
72766,72677,23,Pometesti,16
72775,72677,23,Popeasa,16
72784,72677,23,Tandara,16
72793,72677,23,Vladimir,16
72800,72677,23,Zlatari,16
72819,163,3,Grecesti,16
72828,72819,22,Grecesti,16
72837,72819,23,Barboi,16
72846,72819,23,Busu,16
72855,72819,23,Busuletu,16
72864,72819,23,Gradistea,16
72873,72819,23,Gropanele,16
70094,163,3,Isalnita,16
70101,70094,22,Isalnita,16
72882,163,3,Izvoare,16
72891,72882,22,Izvoare,16
72908,72882,23,Corlate,16
72917,72882,23,Domnu Tudor,16
72926,163,3,Leu,16
72935,72926,22,Leu,16
72944,72926,23,Zanoaga,16
72953,163,3,Lipovu,16
72962,72953,22,Lipovu,16
72971,72953,23,Lipovu De Sus,16
72980,163,3,Macesu De Jos,16
72999,72980,22,Macesu De Jos,16
73004,72980,23,Sapata,16
73013,163,3,Macesu De Sus,16
73022,73013,22,Macesu De Sus,16
73031,163,3,Maglavit,16
73040,73031,22,Maglavit,16
73059,73031,23,Hunia,16
73068,163,3,Malu Mare,16
73077,73068,22,Malu Mare,16
73086,74915,22,Ghindeni,16
73095,73068,23,Preajba,16
73317,163,3,Marsani,16
73326,73317,22,Marsani,16
73102,163,3,Melinesti,16
73111,73102,22,Melinesti,16
73120,73102,23,Bodaiesti,16
73139,73102,23,Bodaiestii De Sus,16
73148,73102,23,Godeni,16
73157,73102,23,Muierusu,16
73166,73102,23,Negoiesti,16
73175,73102,23,Odoleni,16
73184,73102,23,Ohaba,16
73193,73102,23,Plostina,16
73200,73102,23,Popesti,16
73219,73102,23,Spineni,16
73228,73102,23,Valea Mare,16
73237,73102,23,Valea Muierii De Jos,16
73246,163,3,Mischii,16
73255,73246,22,Mischii,16
73264,73246,23,Calinesti,16
73273,73246,23,Gogosesti,16
73282,73246,23,Mlecanesti,16
73291,73246,23,Motoci,16
73308,73246,23,Urechesti,16
73335,163,3,Motatei,16
73344,73335,22,Motatei,16
73353,73335,23,Dobridor,16
73362,73335,23,Motatei Gara,16
73371,163,3,Murgasi,16
73380,73371,22,Balota De Jos,16
73399,73371,23,Balota De Sus,16
73406,73371,23,Busteni,16
73415,73371,23,Gaia,16
73424,73371,23,Murgasi,16
73433,73371,23,Picaturile,16
73442,73371,23,Rupturile,16
73451,73371,23,Velesti,16
73460,163,3,Negoi,16
73479,73460,22,Negoi,16
73488,74842,22,Catane,16
73497,74842,23,Catanele Noi,16
73503,163,3,Orodel,16
73512,73503,22,Orodel,16
73521,73503,23,Bechet,16
73530,73503,23,Calugarei,16
73549,73503,23,Cornu,16
73558,73503,23,Teiu,16
73567,163,3,Ostroveni,16
73576,73567,22,Ostroveni,16
73585,73567,23,Listeava,16
73594,163,3,Perisor,16
73601,73594,22,Perisor,16
73610,73594,23,Maracinele,16
73629,163,3,Pielesti,16
73638,73629,22,Pielesti,16
73647,73629,23,Campeni,16
73656,73629,23,Langa,16
73665,163,3,Piscu Vechi,16
73674,73665,22,Piscu Vechi,16
73683,74907,22,Ghidici,16
73692,73665,23,Pisculet,16
73709,163,3,Plenita,16
73718,73709,22,Plenita,16
73727,73709,23,Castrele Traiane,16
70110,163,3,Podari,16
70129,70110,22,Podari,16
70138,70110,23,Balta Verde,16
70147,70110,23,Braniste,16
70156,70110,23,Gura Vaii,16
70165,70110,23,Livezi,16
73736,163,3,Poiana Mare,16
73745,73736,22,Poiana Mare,16
73754,73736,23,Tunarii Noi,16
73763,73736,23,Tunarii Vechi,16
73772,163,3,Predesti,16
73781,73772,22,Predesti,16
73790,73772,23,Bucicani,16
73807,74931,23,Carstovani,16
73816,74931,23,Frasin,16
73825,74931,23,Milovan,16
73834,74931,22,Plesoi,16
73843,73772,23,Predestii Mici,16
73852,163,3,Radovan,16
73861,73852,22,Radovan,16
73870,73852,23,Fantinele,16
73889,74923,22,Intorsura,16
73898,73852,23,Tirnava,16
73905,163,3,Rast,16
73914,73905,22,Rast,16
73923,163,3,Robanesti,16
73932,73923,22,Robanestii De Jos,16
73941,73923,23,Bojoiu,16
73950,73923,23,Golfin,16
73969,73923,23,Lacrita Mare,16
73978,73923,23,Lacrita Mica,16
73987,73923,23,Robanestii De Sus,16
73996,163,3,Sadova,16
74000,73996,22,Sadova,16
74019,73996,23,Piscu Sadovei,16
74028,163,3,Salcuta,16
74037,74028,22,Salcuta,16
74046,74028,23,Marza,16
74055,74028,23,Plopsor,16
74064,74028,23,Tencanau,16
74073,163,3,Scaesti,16
74082,74073,22,Scaesti,16
74091,74073,23,Valea Lui Patru,16
74108,163,3,Seaca De Camp,16
74117,74108,22,Seaca De Camp,16
74126,74108,23,Piscu Nou,16
74135,163,3,Seaca De Padure,16
74144,74135,22,Seaca De Padure,16
74153,74135,23,Rachita De Sus,16
74162,74135,23,Veleni,16
74171,163,3,Secu,16
74180,74171,22,Secu,16
74199,74171,23,Comanicea,16
74206,74171,23,Smadovicioara De Secu,16
74215,74171,23,Sumandra,16
74224,163,3,Silistea Crucii,16
74233,74224,22,Silistea Crucii,16
70174,163,3,Simnicu De Sus,16
70183,70174,22,Simnicu De Sus,16
70192,70174,23,Albesti,16
70209,70174,23,Cornetu,16
70218,70174,23,Deleni,16
70227,70174,23,Dudovicesti,16
70236,70174,23,Dutulesti,16
70245,70174,23,Floresti,16
70254,70174,23,Izvor,16
70263,70174,23,Jieni,16
70272,70174,23,Lesile,16
70281,70174,23,Milesti,16
70290,70174,23,Romanesti,16
74242,163,3,Sopot,16
74251,74242,22,Sopot,16
74260,74242,23,Bascov,16
74279,74242,23,Belot,16
74288,74242,23,Cernat,16
74297,74242,23,Pereni,16
74304,74242,23,Pietroaia,16
74313,74242,23,Sarsca,16
74322,163,3,Teasc,16
74331,74322,22,Teasc,16
74340,74322,23,Secui,16
74359,163,3,Terpezita,16
74368,74359,22,Terpezita,16
74386,74359,23,Caciulatu,16
74377,74359,23,Caruia,16
74395,74359,23,Floran,16
74402,74359,23,Lazu,16
74411,163,3,Teslui,16
74420,74411,22,Teslui,16
74439,74411,23,Cosereni,16
74448,74411,23,Fantinele,16
74457,74411,23,Preajba De Jos,16
74466,74411,23,Preajba De Padure,16
74475,74411,23,Tartal,16
74484,74411,23,Urieni,16
74493,74411,23,Viisoara Mosneni,16
74509,163,3,Tuglui,16
74518,74509,22,Tuglui,16
74527,74509,23,Jiul,16
74536,163,3,Unirea,16
74545,74536,22,Unirea,16
74554,163,3,Urzicuta,16
74563,74554,22,Urzicuta,16
74572,74554,23,Urzica Mare,16
74581,163,3,Valea Stanciului,16
74590,74581,22,Valea Stanciului,16
74607,74581,23,Horezu Poenari,16
74732,163,3,Vartop,16
74741,74732,22,Vartop,16
74750,163,3,Varvoru De Jos,16
74769,74750,22,Varvoru De Jos,16
74778,74750,23,Bujor,16
74787,74750,23,Ciutura,16
74796,74750,23,Criva,16
74803,74750,23,Dobromira,16
74812,74750,23,Dragoaia,16
74821,74750,23,Gabru,16
74830,74750,23,Varvor,16
74616,163,3,Vela,16
74625,74616,22,Vela,16
74634,74616,23,Bucovicior,16
74643,74616,23,Cetatuia,16
74652,74616,23,Desnatui,16
74661,74616,23,Gubaucea,16
74670,74616,23,Seglet,16
74698,74616,23,Stiubei,16
74689,74616,23,Suharu,16
74705,163,3,Verbita,16
74714,74705,22,Verbita,16
74723,74705,23,Verbicioara,16
75098,172,1,Mun. Galati,17
75105,75098,9,Galati,17
75203,172,4,Mun. Tecuci,17
75212,75203,9,Tecuci,17
75338,172,2,Oras Beresti,17
75347,75338,17,Beresti,17
75472,172,2,Oras Targu Bujor,17
75481,75472,17,Targu Bujor,17
75490,75472,19,Moscu,17
75506,75472,19,Umbraresti,17
75542,172,3,Balabanesti,17
75551,75542,22,Balabanesti,17
75560,75542,23,Bursucani,17
75579,77561,23,Cruceanu,17
75588,75542,23,Lungesti,17
75597,77561,22,Radesti,17
75604,75542,23,Zimbru,17
75613,172,3,Balasesti,17
75622,75613,22,Balasesti,17
75631,75613,23,Ciuresti,17
75640,75613,23,Ciurestii Noi,17
75659,75613,23,Pupezeni,17
75668,172,3,Baleni,17
75677,75668,22,Baleni,17
75686,172,3,Baneasa,17
75695,75686,22,Baneasa,17
75702,75686,23,Roscani,17
75515,172,3,Barcea,17
75524,75515,22,Barcea,17
75533,75515,23,Podoleni,17
75356,172,3,Beresti-Meria,17
75365,75356,22,Beresti-Meria,17
75374,75356,23,Aldesti,17
75383,75356,23,Balintesti,17
75392,75356,23,Onciu,17
75409,75356,23,Plesa,17
75418,75356,23,Prodanesti,17
75427,75356,23,Puricani,17
75436,75356,23,Saseni,17
75454,75356,23,Sipote,17
75445,75356,23,Slivna,17
75766,172,3,Brahasesti,17
75775,75766,22,Brahasesti,17
75784,75766,23,Corcioveni,17
75793,75766,23,Cositeni,17
75800,75766,23,Toflea,17
75711,172,3,Branistea,17
75720,75711,22,Branistea,17
75739,75711,23,Lozova,17
75748,75711,23,Traian,17
75757,75711,23,Vasile Alecsandri,17
75819,172,3,Buciumeni,17
75828,75819,22,Buciumeni,17
75837,75819,23,Hantesti,17
75846,75819,23,Tecucelu Sec,17
75855,75819,23,Vizuresti,17
75864,172,3,Cavadinesti,17
75873,75864,22,Cavadinesti,17
75882,75864,23,Comanesti,17
75891,75864,23,Ganesti,17
75908,75864,23,Vadeni,17
75917,172,3,Certesti,17
75926,75917,22,Certesti,17
75935,75917,23,Carlomanesti,17
75944,75917,23,Cotoroaia,17
76004,172,3,Corni,17
76013,76004,22,Corni,17
76022,76004,23,Maciseni,17
76031,76004,23,Urlesti,17
75953,172,3,Corod,17
75962,75953,22,Corod,17
75971,75953,23,Blanzi,17
75980,75953,23,Bratulesti,17
75999,75953,23,Carapcesti,17
76040,172,3,Cosmesti,17
76059,76040,22,Cosmesti,17
76068,76040,23,Baltareti,17
76077,76040,23,Cosmestii-Vale,17
76086,76040,23,Furcenii Noi,17
76095,76040,23,Furcenii Vechi,17
76102,76040,23,Satu Nou,17
76111,172,3,Costache Negri,17
76120,76111,22,Costache Negri,17
76139,172,3,Cuca,17
76148,76139,22,Cuca,17
76157,172,3,Cudalbi,17
76166,76157,22,Cudalbi,17
75221,172,3,Draganesti,17
75230,75221,22,Draganesti,17
75249,75221,23,Malu Alb,17
76175,172,3,Draguseni,17
76184,76175,22,Draguseni,17
76193,76175,23,Adam,17
76200,76175,23,Cauiesti,17
76219,76175,23,Fundeanu,17
76228,76175,23,Ghinghesti,17
76237,76175,23,Nicopole,17
76246,76175,23,Stietesti,17
76255,172,3,Fartanesti,17
76264,76255,22,Fartanesti,17
76273,76255,23,Viile,17
76282,172,3,Foltesti,17
76291,76282,22,Foltesti,17
76308,76282,23,Stoicani,17
76317,172,3,Frumusita,17
76326,76317,22,Frumusita,17
76335,76317,23,Ijdileni,17
76344,76317,23,Tamaoani,17
76353,172,3,Fundeni,17
76362,76353,22,Fundenii Noi,17
76371,76353,23,Fundeni,17
76380,76353,23,Hanu Conachi,17
76399,76353,23,Lungoci,17
76406,172,3,Ghidigeni,17
76415,76406,22,Ghidigeni,17
76424,76406,23,Gara Ghidigeni,17
76442,76406,23,Garbovat,17
76433,76406,23,Gefu,17
76451,76406,23,Gura Garbovatului,17
76460,76406,23,Slobozia Corni,17
76479,76406,23,Talpigi,17
76488,76406,23,Taplau,17
76497,172,3,Gohor,17
76503,76497,22,Gohor,17
76512,76497,23,Gara Berheci,17
76521,76497,23,Ireasca,17
76530,76497,23,Nartesti,17
76549,76497,23,Posta,17
76558,172,3,Grivita,17
76567,76558,22,Grivita,17
76576,76558,23,Calmatui,17
76585,172,3,Independenta,17
76594,76585,22,Independenta,17
76601,172,3,Ivesti,17
76610,76601,22,Ivesti,17
76629,76601,23,Bucesti,17
76638,172,3,Jorasti,17
76647,76638,22,Jorasti,17
76656,76638,23,Lunca,17
76665,76638,23,Zarnesti,17
76674,172,3,Liesti,17
76683,76674,22,Liesti,17
76718,172,3,Mastacani,17
76727,76718,22,Mastacani,17
76736,76718,23,Chiraftei,17
76692,172,3,Matca,17
76709,76692,22,Matca,17
76745,172,3,Movileni,17
76754,76745,22,Movileni,17
75258,172,3,Munteni,17
75267,75258,22,Munteni,17
75276,75258,23,Frunzeasca,17
75285,77579,22,Negrilesti,17
75294,77579,23,Slobozia Blaneasa,17
75301,75258,23,Tiganesti,17
75310,75258,23,Ungureni,17
76763,172,3,Namoloasa,17
76772,76763,22,Namoloasa,17
76781,76763,23,Crangeni,17
76790,76763,23,Namoloasa Sat,17
76807,172,3,Nicoresti,17
76816,76807,22,Nicoresti,17
76825,76807,23,Branistea,17
76834,76807,23,Coasta Lupei,17
76843,76807,23,Dobrinesti,17
76852,76807,23,Fantani,17
76861,76807,23,Grozavesti,17
76870,76807,23,Ionasesti,17
76889,76807,23,Malureni,17
76898,76807,23,Piscu Corbului,17
76905,77587,22,Poiana,17
76914,76807,23,Sarbi,17
76923,77587,23,Visina,17
76932,172,3,Oancea,17
76941,76932,22,Oancea,17
76950,76932,23,Slobozia Oancea,17
76969,172,3,Pechea,17
76978,76969,22,Pechea,17
76987,76969,23,Lupele,17
76996,172,3,Piscu,17
77000,76996,22,Piscu,17
77019,76996,23,Vames,17
77028,172,3,Priponesti,17
77037,77028,22,Priponesti,17
77046,77028,23,Ciorasti,17
77055,77028,23,Hustiu,17
77064,77028,23,Liesti,17
77073,77028,23,Priponestii De Jos,17
77082,172,3,Rediu,17
77091,77082,22,Rediu,17
77108,77082,23,Plevna,17
77117,77082,23,Suhurlui,17
77126,172,3,Scanteiesti,17
77135,77126,22,Scanteiesti,17
77144,77126,23,Fantanele,17
77153,172,3,Schela,17
77162,77153,22,Schela,17
77171,77153,23,Negrea,17
75114,172,3,Sendreni,17
75123,75114,22,Sendreni,17
75132,75114,23,Movileni,17
75141,75114,23,Serbestii Vechi,17
77180,172,3,Slobozia Conachi,17
77199,77180,22,Slobozia Conachi,17
77206,77595,22,Cuza Voda,17
77215,77180,23,Izvoarele,17
77224,172,3,Smardan,17
77233,77224,22,Smardan,17
77242,77224,23,Cismele,17
77251,77224,23,Mihail Kogalniceanu,17
77260,172,3,Smulti,17
77279,77260,22,Smulti,17
77288,172,3,Suceveni,17
77297,77288,22,Suceveni,17
77304,77288,23,Rogojeni,17
77377,172,3,Tepu,17
77386,77377,22,Tepu,17
77395,77377,23,Tepu De Sus,17
77313,172,3,Tudor Vladimirescu,17
77322,77313,22,Tudor Vladimirescu,17
77331,172,3,Tulucesti,17
77340,77331,22,Tulucesti,17
77359,77331,23,Sivita,17
77368,77331,23,Tatarca,17
77402,172,3,Umbraresti,17
77411,77402,22,Umbraresti,17
77420,77402,23,Condrea,17
77439,77402,23,Salcia,17
77448,77402,23,Silistea,17
77457,77402,23,Torcesti,17
77466,77402,23,Umbraresti-Deal,17
77475,172,3,Valea Marului,17
77484,77475,22,Valea Marului,17
77493,77475,23,Mandresti,17
75150,172,3,Vanatori,17
75169,75150,22,Vanatori,17
75178,75150,23,Costi,17
75187,75150,23,Odaia Manolache,17
77509,172,3,Varlezi,17
77518,77509,22,Varlezi,17
77527,77509,23,Craiesti,17
77536,172,3,Vladesti,17
77545,77536,22,Vladesti,17
77554,77536,23,Branesti,17
100521,528,1,Mun. Giurgiu,52
100530,100521,9,Giurgiu,52
101190,528,2,Oras Bolintin-Vale,52
101207,101190,17,Bolintin-Vale,52
101216,101190,19,Crivina,52
101225,101190,19,Malu Spart,52
101234,101190,19,Suseni,52
104136,528,2,Oras Mihailesti,52
104145,104136,17,Mihailesti,52
104154,104136,19,Draganescu,52
104163,104136,19,Novaci,52
104172,104136,19,Popesti,52
100781,528,3,Adunatii-Copaceni,52
100790,100781,22,Adunatii-Copaceni,52
100807,100781,23,Darasti-Vlasca,52
100816,100781,23,Mogosesti,52
100825,100781,23,Varlaam,52
101001,528,3,Baneasa,52
101010,101001,22,Baneasa,52
101029,101001,23,Frasinu,52
101038,101001,23,Pietrele,52
101047,101001,23,Sfantu Gheorghe,52
101163,528,3,Bolintin-Deal,52
101172,101163,22,Bolintin-Deal,52
101181,101163,23,Mihai Voda,52
101378,528,3,Bucsani,52
101387,101378,22,Bucsani,52
101396,101378,23,Anghelesti,52
101403,101378,23,Goleasca,52
101412,101378,23,Obedeni,52
101421,101378,23,Podisor,52
101449,101378,23,Uiesti,52
101430,101378,23,Vadu Lat,52
101519,528,3,Bulbucata,52
101528,101519,22,Bulbucata,52
101537,101519,23,Coteni,52
101546,101519,23,Facau,52
101555,101519,23,Teisori,52
101617,528,3,Buturugeni,52
101626,101617,22,Buturugeni,52
101635,101617,23,Padureni,52
101644,101617,23,Podu Ilfovatului,52
101653,101617,23,Posta,52
101662,528,3,Calugareni,52
101671,101662,22,Calugareni,52
101680,101662,23,Branistari,52
101699,101662,23,Crucea De Piatra,52
101706,101662,23,Hulubesti,52
101715,101662,23,Uzunu,52
101984,528,3,Clejani,52
101993,101984,22,Clejani,52
102008,101984,23,Neajlov,52
102017,101984,23,Podu Doamnei,52
102026,101984,23,Sterea,52
102071,528,3,Colibasi,52
102080,102071,22,Colibasi,52
102099,102071,23,Campurelu,52
102106,528,3,Comana,52
102115,102106,22,Comana,52
102124,102106,23,Budeni,52
102133,102106,23,Falastoaca,52
102142,102106,23,Gradistea,52
102151,102106,23,Vlad Tepes,52
102348,528,3,Crevedia Mare,52
102357,102348,22,Crevedia Mare,52
102366,102348,23,Crevedia Mica,52
102375,102348,23,Dealu,52
102384,102348,23,Gaiseanca,52
102393,102348,23,Priboiu,52
102400,102348,23,Sfantu Gheorghe,52
102446,528,3,Daia,52
102455,102446,22,Daia,52
102464,102446,23,Plopsoru,52
102794,528,3,Floresti-Stoenesti,52
102801,102794,22,Stoenesti,52
102810,102794,23,Floresti,52
102829,102794,23,Palanca,52
102909,528,3,Fratesti,52
102918,102909,22,Fratesti,52
102927,102909,23,Cetatea,52
102936,102909,23,Remus,52
103087,528,3,Gaiseni,52
103096,103087,22,Gaiseni,52
103103,103087,23,Carpenisu,52
103112,103087,23,Cascioarele,52
103121,103087,23,Podu Popa Nae,52
103194,528,3,Gaujani,52
103201,103194,22,Gaujani,52
103210,103194,23,Cetatuia,52
103229,103194,23,Pietrisu,52
103238,528,3,Ghimpati,52
103247,103238,22,Ghimpati,52
103256,103238,23,Copaciu,52
103265,103238,23,Naipu,52
103274,103238,23,Valea Plopilor,52
103309,528,3,Gogosari,52
103318,103309,22,Gogosari,52
103327,103309,23,Draghiceanu,52
103336,103309,23,Izvoru,52
103345,103309,23,Ralesti,52
103372,528,3,Gostinari,52
103381,103372,22,Gostinari,52
103390,103372,23,Mironesti,52
103354,528,3,Gostinu,52
103363,103354,22,Gostinu,52
103407,528,3,Gradinari,52
103416,103407,22,Gradinari,52
103425,103407,23,Tantava,52
103434,103407,23,Zorile,52
103470,528,3,Greaca,52
103489,103470,22,Greaca,52
103498,103470,23,Putu Greci,52
103504,103470,23,Zboiu,52
103639,528,3,Hotarele,52
103648,103639,22,Hotarele,52
103657,179757,22,Herasti,52
103666,179766,22,Isvoarele,52
103675,179757,23,Milosesti,52
103684,179766,23,Teiusu,52
103693,528,3,Iepuresti,52
103700,103693,22,Iepuresti,52
103719,103693,23,Banesti,52
103728,103693,23,Chirculesti,52
103737,103693,23,Gorneni,52
103746,103693,23,Stalpu,52
103755,103693,23,Valter Maracineanu,52
103899,528,3,Izvoarele,52
103906,103899,22,Izvoarele,52
103915,103899,23,Chiriacu,52
103924,103899,23,Dimitrie Cantemir,52
103933,103899,23,Petru Rares,52
103942,103899,23,Radu Voda,52
103951,103899,23,Valea Bujorului,52
103997,528,3,Joita,52
104001,103997,22,Joita,52
104010,103997,23,Bacu,52
104029,179748,22,Cosoba,52
104038,179775,22,Sabareni,52
104047,528,3,Letca Noua,52
104056,104047,22,Letca Noua,52
104065,104047,23,Letca Veche,52
104074,104047,23,Milcovatu,52
104225,528,3,Marsa,52
104234,104225,22,Marsa,52
104118,528,3,Mihai Bravu,52
104127,104118,22,Mihai Bravu,52
104485,528,3,Ogrezeni,52
104494,104485,22,Ogrezeni,52
104500,104485,23,Hobaia,52
104519,528,3,Oinacu,52
104528,104519,22,Oinacu,52
104537,104519,23,Branistea,52
104680,528,3,Prundu,52
104699,104680,22,Prundu,52
104706,104680,23,Puieni,52
104715,528,3,Putineiu,52
104724,104715,22,Putineiu,52
104733,104715,23,Hodivoaia,52
104742,104715,23,Vieru,52
104788,528,3,Rasuceni,52
104797,104788,22,Rasuceni,52
104804,104788,23,Carapancea,52
104813,104788,23,Cucuruzu,52
104822,104788,23,Satu Nou,52
104831,528,3,Roata De Jos,52
104840,104831,22,Roata De Jos,52
104859,104831,23,Cartojani,52
104868,104831,23,Roata Mica,52
104877,104831,23,Sadina,52
104975,528,3,Schitu,52
104984,104975,22,Schitu,52
104993,104975,23,Bila,52
105008,104975,23,Camineasca,52
105017,104975,23,Vlasin,52
105106,528,3,Singureni,52
105115,105106,22,Singureni,52
105124,105106,23,Cranguri,52
105133,105106,23,Stejaru,52
100549,528,3,Slobozia,52
100558,100549,22,Slobozia,52
105295,528,3,Stanesti,52
105302,105295,22,Stanesti,52
105311,105295,23,Balanu,52
105320,105295,23,Ghizdaru,52
105339,105295,23,Oncesti,52
105348,528,3,Stoenesti,52
105357,105348,22,Stoenesti,52
105366,105348,23,Ianculesti,52
105375,105348,23,Mirau,52
154709,528,3,Toporu,52
154718,154709,22,Toporu,52
154727,154709,23,Tomulesti,52
105623,528,3,Ulmi,52
105632,105623,22,Ulmi,52
105641,105623,23,Cascioarele,52
105650,105623,23,Draganeasca,52
105669,105623,23,Ghionea,52
105678,105623,23,Icoana,52
105687,105623,23,Mosteni,52
105696,105623,23,Poenari,52
105703,105623,23,Trestieni,52
105776,528,3,Valea Dragului,52
105785,105776,22,Valea Dragului,52
105972,528,3,Vanatorii Mici,52
105981,105972,22,Vanatorii Mici,52
105990,105972,23,Corbeanca,52
106005,105972,23,Cupele,52
106014,105972,23,Izvoru,52
106023,105972,23,Poiana Lui Stanga,52
106032,105972,23,Valcele,52
106041,105972,23,Vanatorii Mari,52
106050,105972,23,Zadariciu,52
105874,528,3,Varasti,52
105883,105874,22,Varasti,52
105892,105874,23,Dobreni,52
105909,528,3,Vedea,52
105918,105909,22,Vedea,52
105927,179739,22,Malu,52
77812,181,1,Mun. Targu Jiu,18
77821,77812,9,Targu Jiu,18
77830,77812,10,Barsesti,18
77849,77812,10,Dragoeni,18
77858,77812,10,Iezureni,18
77867,77812,10,Polata,18
77876,77812,10,Preajba Mare,18
77885,77812,10,Romanesti,18
77894,77812,10,Slobozia,18
77901,77812,10,Ursati,18
79308,181,2,Oras Bumbesti-Jiu,18
79317,79308,17,Bumbesti-Jiu,18
79326,79308,19,Curtisoara,18
79335,79308,19,Lazaresti,18
79344,79308,19,Plesa,18
79353,79308,19,Tetila,18
78141,181,4,Mun. Motru,18
78150,78141,9,Motru,18
78169,78141,10,Dealu Pomilor,18
78178,78141,10,Horasti,18
78187,78141,10,Insuratei,18
78196,78141,10,Leurda,18
78212,78141,11,Lupoita,18
78203,78141,10,Plostina,18
78230,78141,11,Rapa,18
78221,78141,11,Rosiuta,18
78258,181,2,Oras Novaci,18
78267,78258,17,Novaci,18
78276,78258,19,Bercesti,18
78285,78258,19,Hirisesti,18
78294,78258,19,Pociovalistea,18
78301,78258,19,Sitesti,18
82895,181,2,Oras Rovinari,18
79059,82895,17,Rovinari,18
82902,82895,18,Vart,18
78454,181,2,Oras Ticleni,18
78463,78454,17,Ticleni,18
78329,181,2,Oras Targu Carbunesti,18
78338,78329,17,Targu Carbunesti,18
78347,78329,19,Blahnita De Jos,18
78356,78329,19,Carbunesti-Sat,18
78365,78329,19,Cojani,18
78374,78329,19,Cretesti,18
78383,78329,19,Curteana,18
78392,78329,19,Floresteni,18
78409,78329,19,Macesu,18
78418,78329,19,Pojogeni,18
78427,78329,19,Rogojeni,18
78436,78329,19,Stefanesti,18
78472,181,3,Albeni,18
78481,78472,22,Albeni,18
78490,78472,23,Barzeiu De Gilort,18
78506,78472,23,Bolbocesti,18
78515,78472,23,Doseni,18
78524,78472,23,Mirosloveni,18
78533,78472,23,Prunesti,18
78542,181,3,Alimpesti,18
78551,78542,22,Alimpesti,18
78560,78542,23,Ciupercenii De Oltet,18
78579,78542,23,Corsoru,18
78588,78542,23,Nistoresti,18
78597,78542,23,Sarbesti,18
78604,181,3,Aninoasa,18
78613,78604,22,Aninoasa,18
78622,78604,23,Bobaia,18
78631,78604,23,Costesti,18
78640,78604,23,Groserea,18
78659,78604,23,Sterpoaia,18
78668,181,3,Arcani,18
78677,78668,22,Arcani,18
78686,78668,23,Campofeni,18
78695,78668,23,Sanatesti,18
78702,78668,23,Stroiesti,18
78711,181,3,Baia De Fier,18
78720,78711,22,Baia De Fier,18
78739,78711,23,Cernadia,18
78748,181,3,Balanesti,18
78757,78748,22,Voitestii De Vale,18
78766,78748,23,Balanesti,18
78775,78748,23,Blidari,18
78784,78748,23,Canepesti,18
78793,78748,23,Glodeni,18
78800,78748,23,Ohaba,18
78819,78748,23,Voitestii Din Deal,18
77910,181,3,Balesti,18
77929,77910,22,Balesti,18
77938,77910,23,Ceauru,18
77947,77910,23,Cornesti,18
77956,77910,23,Gavanesti,18
77965,77910,23,Rasova,18
77974,77910,23,Stolojani,18
77983,77910,23,Talpasesti,18
77992,77910,23,Tamasesti,18
78007,77910,23,Voinigesti,18
79004,181,3,Balteni,18
79013,79004,22,Balteni,18
79022,79004,23,Cocoreni,18
79031,79004,23,Moi,18
79040,79004,23,Pesteana Jiu,18
79068,79004,23,Vladuleni,18
78828,181,3,Barbatesti,18
78837,78828,22,Barbatesti,18
78846,78828,23,Musculesti,18
78855,78828,23,Petresti,18
78864,78828,23,Socu,18
78873,181,3,Bengesti-Ciocadia,18
78882,78873,22,Bengesti,18
78891,78873,23,Balcesti,18
78908,78873,23,Bircii,18
78917,78873,23,Ciocadia,18
78926,181,3,Berlesti,18
78935,78926,22,Berlesti,18
78944,78926,23,Barzeiu,18
78953,78926,23,Galcesti,18
78962,78926,23,Lihulesti,18
78971,78926,23,Parau Viu,18
78980,78926,23,Scrada,18
78999,78926,23,Scurtu,18
79077,181,3,Bolbosi,18
79086,79077,22,Bolbosi,18
79095,79077,23,Balacesti,18
79102,79077,23,Bolboasa,18
79111,79077,23,Igirosu,18
79120,79077,23,Miclosu,18
79139,79077,23,Ohaba Jiu,18
79148,79077,23,Valea,18
79157,181,3,Borascu,18
79166,79157,22,Borascu,18
79175,79157,23,Baniu,18
79184,79157,23,Calaparu,18
79193,79157,23,Gura Menti,18
79200,79157,23,Mentii Din Dos,18
79219,79157,23,Miluta,18
79228,79157,23,Scorusu,18
79237,181,3,Branesti,18
79246,79237,22,Branesti,18
79255,79237,23,Badesti,18
79264,79237,23,Brebenei,18
79273,79237,23,Capu Dealului,18
79282,79237,23,Gilortu,18
79291,79237,23,Pariu,18
79362,181,3,Bumbesti-Pitic,18
79371,79362,22,Bumbesti-Pitic,18
79380,79362,23,Carligei,18
79399,79362,23,Poienari,18
79406,181,3,Bustuchin,18
79415,79406,22,Bustuchin,18
79424,79406,23,Cionti,18
79433,79406,23,Motorgi,18
79442,79406,23,Namete,18
79460,79406,23,Poiana Seciuri,18
79451,79406,23,Poienita,18
79479,79406,23,Pojaru,18
79488,79406,23,Valea Pojarului,18
79736,181,3,Calnic,18
79745,79736,22,Calnic,18
79754,79736,23,Calnicu De Sus,18
79763,79736,23,Didilesti,18
79772,79736,23,Galesoaia,18
79781,79736,23,Hodoreasca,18
79790,79736,23,Pieptani,18
79807,79736,23,Pinoasa,18
79816,79736,23,Stejerei,18
79825,79736,23,Valceaua,18
79497,181,3,Capreni,18
79503,79497,22,Capreni,18
79512,79497,23,Alunis,18
79521,79497,23,Bratesti,18
79530,79497,23,Bulbuceni,18
79549,79497,23,Cetatea,18
79558,79497,23,Cornetu,18
79567,79497,23,Dealu Spirei,18
79576,79497,23,Satu Nou,18
79585,181,3,Catunele,18
79594,79585,22,Catunele,18
79601,79585,23,Dealu Viilor,18
79610,79585,23,Lupoaia,18
79629,79585,23,Steic,18
79638,79585,23,Valea Manastirii,18
79647,79585,23,Valea Perilor,18
79656,181,3,Ciuperceni,18
79665,79656,22,Ciuperceni,18
79674,79656,23,Boboiesti,18
79683,79656,23,Pesteana Vulcan,18
79692,79656,23,Priporu,18
79709,79656,23,Stramba Vulcan,18
79718,79656,23,Vartopu,18
79727,79656,23,Zorzila,18
79834,181,3,Crasna,18
79843,79834,22,Crasna,18
79852,79834,23,Aninisu Din Deal,18
79861,79834,23,Aninisu Din Vale,18
79870,79834,23,Buzesti,18
79889,79834,23,Carpinis,18
79898,79834,23,Crasna Din Deal,18
79905,79834,23,Dragoiesti,18
79914,79834,23,Dumbraveni,18
79923,79834,23,Radosi,18
79932,181,3,Cruset,18
79941,79932,22,Cruset,18
79950,79932,23,Bojinu,18
79978,79932,23,Maiag,18
79969,79932,23,Marinesti,18
79987,79932,23,Mierea,18
79996,79932,23,Miericeaua,18
80007,79932,23,Slamnesti,18
80016,79932,23,Slavuta,18
80025,79932,23,Urda De Jos,18
80034,79932,23,Valuta,18
80043,181,3,Danciulesti,18
80052,80043,22,Danciulesti,18
80061,80043,23,Bibulesti,18
80070,80043,23,Halangesti,18
80089,80043,23,Obarsia,18
80098,80043,23,Petrachei,18
80105,80043,23,Radinesti,18
80114,80043,23,Zaicoiu,18
80123,181,3,Danesti,18
80132,80123,22,Danesti,18
80141,80123,23,Barza,18
80150,80123,23,Botorogi,18
80169,80123,23,Bratuia,18
80178,80123,23,Bucureasa,18
80187,80123,23,Merfulesti,18
80196,80123,23,Sasa,18
80212,80123,23,Tarculesti,18
80203,80123,23,Trocani,18
80221,80123,23,Ungureni,18
80230,80123,23,Vacarea,18
80249,181,3,Dragotesti,18
80258,80249,22,Dragotesti,18
80267,80249,23,Corobai,18
80276,80249,23,Trestioara,18
78016,181,3,Dragutesti,18
78025,78016,22,Dragutesti,18
78034,78016,23,Carbesti,18
78043,78016,23,Dambova,18
78052,78016,23,Iasi-Gorj,18
78061,78016,23,Talvesti,18
78070,78016,23,Urechesti,18
80285,181,3,Farcasesti,18
80294,80285,22,Farcasesti,18
80301,80285,23,Farcasesti Mosneni,18
80310,80285,23,Pesteana De Jos,18
80329,80285,23,Rogojel,18
80338,80285,23,Rosia Jiu,18
80347,80285,23,Timiseni,18
80356,80285,23,Valea Cu Apa,18
80365,181,3,Glogova,18
80374,80365,22,Iormanesti,18
80383,80365,23,Camuiesti,18
80392,80365,23,Clesnesti,18
80409,80365,23,Glogova,18
80418,80365,23,Olteanu,18
80427,181,3,Godinesti,18
80436,80427,22,Godinesti,18
80445,80427,23,Arjoci,18
80463,80427,23,Calcesti,18
80454,80427,23,Chiliu,18
80472,80427,23,Parau De Pripor,18
80481,80427,23,Parau De Vale,18
80490,80427,23,Ratez,18
80506,181,3,Hurezani,18
80515,80506,22,Hurezani,18
80524,80506,23,Busuioci,18
80533,80506,23,Pegeni,18
80542,80506,23,Plopu,18
80551,80506,23,Totea De Hurezani,18
80560,181,3,Ionesti,18
80579,80560,22,Ionesti,18
80588,80560,23,Gura Susitei,18
80597,80560,23,Iliesti,18
80604,80560,23,Picu,18
80613,181,3,Jupanesti,18
80622,80613,22,Jupanesti,18
80631,80613,23,Boia,18
80640,80613,23,Pariu Boia,18
80659,80613,23,Vidin,18
80668,80613,23,Viersani,18
80677,181,3,Lelesti,18
80686,80677,22,Lelesti,18
80695,80677,23,Fratesti,18
80702,80677,23,Rasovita,18
80711,181,3,Licurici,18
80720,80711,22,Licurici,18
80739,80711,23,Frumusei,18
80748,80711,23,Negreni,18
80757,80711,23,Totea,18
80766,181,3,Logresti,18
80775,80766,22,Targu Logresti,18
80784,80766,23,Coltesti,18
80793,80766,23,Frunza,18
80800,80766,23,Logresti Mosteni,18
80819,80766,23,Maru,18
80828,80766,23,Popesti,18
80837,80766,23,Seaca,18
80846,181,3,Matasari,18
80855,80846,22,Matasari,18
80864,80846,23,Bradet,18
80873,80846,23,Bradetel,18
80882,80846,23,Croici,18
80891,80846,23,Runcurel,18
80908,181,3,Musetesti,18
80917,80908,22,Musetesti,18
80926,80908,23,Arseni,18
80935,80908,23,Barcaciu,18
80944,80908,23,Gamani,18
80953,80908,23,Grui,18
80962,80908,23,Stancesti,18
80971,80908,23,Stancesti Larga,18
80980,181,3,Negomir,18
80999,80980,22,Negomir,18
81004,80980,23,Artanu,18
81013,80980,23,Bohorel,18
81022,80980,23,Condeiesti,18
81031,80980,23,Nucetu,18
81040,80980,23,Orzu,18
81059,80980,23,Paltinu,18
81068,80980,23,Raci,18
81077,80980,23,Ursoaia,18
81086,80980,23,Valea Racilor,18
81095,181,3,Pades,18
81102,81095,22,Calugareni,18
81111,81095,23,Apa Neagra,18
81120,81095,23,Cerna Sat,18
81139,81095,23,Closani,18
81148,81095,23,Motru Sec,18
81157,81095,23,Orzesti,18
81166,81095,23,Pades,18
81175,81095,23,Vaieni,18
81184,181,3,Pestisani,18
81193,81184,22,Pestisani,18
81200,81184,23,Borosteni,18
81219,81184,23,Bradiceni,18
81228,81184,23,Francesti,18
81237,81184,23,Gureni,18
81246,81184,23,Hobita,18
81255,81184,23,Seuca,18
81264,181,3,Plopsoru,18
81273,81264,22,Plopsoru,18
81282,81264,23,Brosteni,18
81291,81264,23,Brostenii De Sus,18
81308,81264,23,Ceplea,18
81317,81264,23,Cursaru,18
81326,81264,23,Deleni,18
81335,81264,23,Izvoarele,18
81344,81264,23,Olari,18
81353,81264,23,Piscuri,18
81362,81264,23,Sardanesti,18
81371,81264,23,Valeni,18
81380,181,3,Polovragi,18
81399,81380,22,Polovragi,18
81406,81380,23,Racovita,18
81415,181,3,Prigoria,18
81424,81415,22,Prigoria,18
81433,81415,23,Bucsana,18
81442,81415,23,Burlani,18
81451,81415,23,Calugareasa,18
81460,81415,23,Dobrana,18
81479,81415,23,Negoiesti,18
81488,81415,23,Zorlesti,18
81497,181,3,Rosia De Amaradia,18
81503,81497,22,Rosia De Amaradia,18
81512,81497,23,Becheni,18
81521,81497,23,Dealu Viei,18
81530,81497,23,Ruget,18
81549,81497,23,Seciurile,18
81567,81497,23,Sitoaia,18
81558,81497,23,Stejaru,18
81576,181,3,Runcu,18
81585,81576,22,Runcu,18
81594,81576,23,Balta,18
81601,81576,23,Baltisoara,18
81610,81576,23,Dobrita,18
81629,81576,23,Rachiti,18
81638,81576,23,Suseni,18
81647,81576,23,Valea Mare,18
81754,181,3,Sacelu,18
81763,81754,22,Sacelu,18
81772,81754,23,Blahnita De Sus,18
81781,81754,23,Haiesti,18
81790,81754,23,Jeristea,18
81807,81754,23,Magheresti,18
81656,181,3,Samarinesti,18
81665,81656,22,Samarinesti,18
81674,81656,23,Bazavani,18
81683,81656,23,Boca,18
81692,81656,23,Duculesti,18
81709,81656,23,Larga,18
81718,81656,23,Tirioi,18
81727,81656,23,Valea Bisericii,18
81736,81656,23,Valea Mica,18
81745,81656,23,Valea Poienii,18
81816,181,3,Saulesti,18
81825,81816,22,Saulesti,18
81834,81816,23,Bibesti,18
81843,81816,23,Dolcesti,18
81852,81816,23,Purcaru,18
81987,181,3,Schela,18
81996,81987,22,Sambotin,18
82001,81987,23,Arsuri,18
82010,81987,23,Gornacel,18
82029,81987,23,Pajistele,18
82038,81987,23,Schela,18
81861,181,3,Scoarta,18
81870,81861,22,Scoarta,18
81889,81861,23,Bobu,18
81898,81861,23,Budieni,18
81914,81861,23,Campu Mare,18
81905,81861,23,Ceratu De Copacioasa,18
81923,81861,23,Colibasi,18
81932,81861,23,Copacioasa,18
81941,81861,23,Lazuri,18
81950,81861,23,Lintea,18
81969,81861,23,Mogosani,18
81978,81861,23,Pistestii Din Deal,18
82047,181,3,Slivilesti,18
82056,82047,22,Slivilesti,18
82065,82047,23,Cojmanesti,18
82074,82047,23,Miculesti,18
82118,82047,23,Siacu,18
82083,82047,23,Stiucani,18
82092,82047,23,Stramtu,18
82109,82047,23,Sura,18
82127,82047,23,Tehomir,18
82136,181,3,Stanesti,18
82145,82136,22,Stanesti,18
82154,82136,23,Alexeni,18
82163,82136,23,Balani,18
82172,82136,23,Calesti,18
82181,82136,23,Curpen,18
82190,82136,23,Mazaroi,18
82207,82136,23,Obreja,18
82216,82136,23,Parvulesti,18
82225,82136,23,Vaidei,18
82234,82136,23,Valari,18
82243,181,3,Stejari,18
82252,82243,22,Stejari,18
82270,82243,23,Bacesti,18
82261,82243,23,Balosani,18
82289,82243,23,Dealu Leului,18
82298,82243,23,Piscoiu,18
82305,82243,23,Popesti Stejari,18
82314,181,3,Stoina,18
82323,82314,22,Stoina,18
82332,82314,23,Ciorari,18
82341,82314,23,Mielusei,18
82350,82314,23,Paisani,18
82369,82314,23,Toiaga,18
82378,82314,23,Ulmet,18
82387,82314,23,Urda De Sus,18
82680,181,3,Tantareni,18
82699,82680,22,Tantareni,18
82706,82680,23,Arpadia,18
82715,82680,23,Chiciora,18
82724,82680,23,Floresti,18
82396,181,3,Telesti,18
82403,82396,22,Telesti,18
82412,82396,23,Buduhala,18
82421,82396,23,Somanesti,18
82430,181,2,Oras Tismana,18
82449,82430,17,Tismana,18
82458,82430,19,Celei,18
82467,82430,19,Costeni,18
82476,82430,19,Gornovita,18
82485,82430,19,Isvarna,18
82494,82430,19,Pocruia,18
82500,82430,19,Racoti,18
82519,82430,19,Sohodol,18
82528,82430,19,Topesti,18
82537,82430,19,Valcele,18
82546,82430,19,Vanata,18
82555,181,3,Turburea,18
82564,82555,22,Turburea,18
82573,82555,23,Cocorova,18
82582,82555,23,Poiana,18
82608,82555,23,Sipotu,18
82591,82555,23,Spahii,18
82617,181,2,Oras Turceni,18
82626,82617,17,Turceni,18
82635,82617,19,Garbovu,18
82644,82617,18,Jiltu,18
82653,82617,19,Murgesti,18
82662,82617,19,Stramba Jiu,18
82671,82617,19,Valea Viei,18
78089,181,3,Turcinesti,18
78098,78089,22,Turcinesti,18
78105,78089,23,Cartiu,18
78114,78089,23,Horezu,18
78123,78089,23,Rugi,18
82733,181,3,Urdari,18
82742,82733,22,Urdari,18
82751,82733,23,Fantanele,18
82760,82733,23,Hotaroasa,18
82779,181,3,Vagiulesti,18
82788,82779,22,Vagiulesti,18
82797,82779,23,Carciu,18
82804,82779,23,Covrigi,18
82813,82779,23,Murgilesti,18
82822,82779,23,Valea Motrului,18
82831,181,3,Vladimir,18
82840,82831,22,Andreesti,18
82859,82831,23,Frasin,18
82868,82831,23,Valea Desului,18
82877,82831,23,Vladimir,18
83320,190,1,Mun. Miercurea Ciuc,19
83339,83320,9,Miercurea Ciuc,19
83348,83320,10,Ciba,19
83357,83320,10,Harghita-Bai,19
83366,83320,10,Jigodin-Bai,19
83133,190,4,Mun. Odorheiu Secuiesc,19
83142,83133,9,Odorheiu Secuiesc,19
83428,190,2,Oras Baile Tusnad,19
83437,83428,17,Baile Tusnad,19
83446,83428,18,Carpitus,19
83464,190,2,Oras Balan,19
83473,83464,17,Balan,19
83491,190,2,Oras Borsec,19
83507,83491,17,Borsec,19
83525,190,2,Oras Cristuru Secuiesc,19
83534,83525,17,Cristuru Secuiesc,19
83543,83525,18,Filias,19
83561,190,4,Mun.  Gheorgheni,19
83570,83561,9,Gheorgheni,19
83589,83561,10,Covacipeter,19
83598,83561,10,Lacu Rosu,19
83605,83561,10,Vargatac,19
83614,83561,10,Visafolio,19
83632,190,4,Mun.  Toplita,19
83641,83632,9,Toplita,19
83650,83632,10,Calimanel,19
83669,83632,10,Luncani,19
83678,83632,10,Magherus,19
83687,83632,10,Moglanesti,19
83696,83632,10,Secu,19
83712,83632,10,Vagani,19
83703,83632,10,Vale,19
83721,83632,10,Zencani,19
83749,190,2,Oras Vlahita,19
83758,83749,17,Vlahita,19
83767,83749,18,Baile Homorod,19
83776,83749,18,Minele Lueta,19
83785,190,3,Atid,19
83794,83785,22,Atid,19
83801,83785,23,Criseni,19
83810,83785,23,Cusmed,19
83829,83785,23,Inlaceni,19
83838,83785,23,Siclod,19
83847,190,3,Avramesti,19
83856,83847,22,Avramesti,19
83865,83847,23,Andreeni,19
83874,83847,23,Cechesti,19
83892,83847,23,Firtanus,19
83883,83847,23,Goagiu,19
83909,83847,23,Laz-Firtanus,19
83918,83847,23,Laz-Soimus,19
83927,83847,23,Medisoru Mic,19
83936,190,3,Bilbor,19
83945,83936,22,Bilbor,19
83954,83936,23,Rachitis,19
83151,190,3,Bradesti,19
83160,83151,22,Bradesti,19
83188,86501,22,Satu Mare,19
83179,83151,23,Tarnovita,19
83963,190,3,Capalnita,19
83972,83963,22,Capalnita,19
84102,190,3,Carta,19
84111,84102,22,Carta,19
84120,84102,23,Ineu,19
84139,86453,22,Tomesti,19
83981,190,3,Ciucsangeorgiu,19
83990,83981,22,Ciucsangeorgiu,19
84004,83981,23,Armaseni,19
84013,83981,23,Armasenii Noi,19
84022,83981,23,Bancu,19
84031,83981,23,Ciobanis,19
84040,83981,23,Cotormani,19
84059,83981,23,Eghersec,19
84068,83981,23,Ghiurche,19
84077,83981,23,Potiond,19
84086,190,3,Ciumani,19
84095,84086,22,Ciumani,19
84148,190,3,Corbu,19
84157,84148,22,Corbu,19
84166,84148,23,Capu Corbului,19
84175,190,3,Corund,19
84184,84175,22,Corund,19
84193,84175,23,Atia,19
84200,84175,23,Calonda,19
84219,84175,23,Fantana Brazilor,19
84228,84175,23,Valea Lui Pavel,19
84237,190,3,Danesti,19
84246,84237,22,Danesti,19
84255,86438,22,Madaras,19
84380,190,3,Darjiu,19
84399,84380,22,Darjiu,19
84406,84380,23,Mujna,19
84264,190,3,Dealu,19
84273,84264,22,Dealu,19
84282,84264,23,Fancel,19
84291,84264,23,Sancrai,19
84308,84264,23,Tamasu,19
84317,84264,23,Tibod,19
84326,84264,23,Ulcani,19
84335,84264,23,Valea Rotunda,19
84344,190,3,Ditrau,19
84353,84344,22,Ditrau,19
84362,84344,23,Jolotca,19
84371,84344,23,Tengheler,19
83197,190,3,Feliceni,19
83204,83197,22,Feliceni,19
83213,83197,23,Alexandrita,19
83222,83197,23,Arvateni,19
83231,83197,23,Cireseni,19
83240,83197,23,Forteni,19
83259,83197,23,Hoghia,19
83268,83197,23,Oteni,19
83277,83197,23,Polonita,19
83286,83197,23,Taureni,19
83295,83197,23,Teleac,19
83302,83197,23,Valeni,19
84415,190,3,Frumoasa,19
84424,84415,22,Frumoasa,19
84433,84415,23,Barzava,19
84442,84415,23,Fagetel,19
84451,84415,23,Nicolesti,19
84460,190,3,Galautas,19
84479,84460,22,Galautas,19
84488,84460,23,Dealu Armanului,19
84497,84460,23,Galautas-Pirau,19
84503,84460,23,Nuteni,19
84512,84460,23,Plopis,19
84521,84460,23,Preluca,19
84530,84460,23,Toleseni,19
84549,84460,23,Zapodea,19
84558,190,3,Joseni,19
84567,84558,22,Joseni,19
84576,84558,23,Borzont,19
84585,84558,23,Bucin,19
84594,190,3,Lazarea,19
84601,84594,22,Lazarea,19
84610,84594,23,Ghidut,19
84629,190,3,Lueta,19
84638,84629,22,Lueta,19
84647,84629,23,Baile Chirui,19
84656,190,3,Lunca De Jos,19
84665,84656,22,Lunca De Jos,19
84674,84656,23,Baratcos,19
84683,84656,23,Poiana Fagului,19
84692,84656,23,Puntea Lupului,19
84718,84656,23,Valea Boros,19
84727,84656,23,Valea Capelei,19
84736,84656,23,Valea Intunecoasa,19
84709,84656,23,Valea Lui Antaloc,19
84745,84656,23,Valea Rece,19
84754,190,3,Lunca De Sus,19
84763,84754,22,Lunca De Sus,19
84772,84754,23,Comiat,19
84781,84754,23,Izvorul Trotusului,19
84790,84754,23,Paltinis-Ciuc,19
84807,84754,23,Valea Garbea,19
84816,84754,23,Valea Ugra,19
84825,190,3,Lupeni,19
84834,84825,22,Lupeni,19
84843,84825,23,Bisericani,19
84852,84825,23,Bulgareni,19
84861,84825,23,Firtusu,19
84870,84825,23,Morareni,19
84889,84825,23,Paltinis,19
84898,84825,23,Pauleni,19
84914,84825,23,Sancel,19
84905,84825,23,Satu Mic,19
84923,190,3,Martinis,19
84932,84923,22,Martinis,19
84941,84923,23,Aldea,19
84950,84923,23,Badeni,19
84969,84923,23,Calugareni,19
84978,84923,23,Chinusu,19
84987,84923,23,Comanesti,19
84996,84923,23,Ghipes,19
85001,84923,23,Locodeni,19
85010,84923,23,Oraseni,19
85029,84923,23,Petreni,19
85038,84923,23,Rares,19
85047,84923,23,Sanpaul,19
85056,190,3,Meresti,19
85065,85056,22,Meresti,19
85074,190,3,Mihaileni,19
85083,85074,22,Mihaileni,19
85092,85074,23,Livezi,19
85109,85074,23,Nadejdea,19
85118,85074,23,Vacaresti,19
85127,190,3,Mugeni,19
85136,85127,22,Mugeni,19
85145,85127,23,Alunis,19
85154,85127,23,Beta,19
85163,83525,18,Betesti,19
85172,85127,23,Dejutiu,19
85181,85127,23,Dobeni,19
85190,85127,23,Lutita,19
85207,85127,23,Matiseni,19
85216,86487,22,Porumbenii Mari,19
85225,86487,23,Porumbenii Mici,19
85234,85127,23,Taietura,19
85243,190,3,Ocland,19
85252,85243,22,Ocland,19
85261,85243,23,Craciunel,19
85270,85243,23,Satu Nou,19
83375,190,3,Pauleni-Ciuc,19
83384,83375,22,Pauleni-Ciuc,19
83393,83375,23,Delnita,19
83400,83375,23,Soimeni,19
85289,190,3,Plaiesii De Jos,19
85298,85289,22,Plaiesii De Jos,19
85305,85289,23,Casinu Nou,19
85314,85289,23,Iacobeni,19
85323,85289,23,Imper,19
85332,85289,23,Plaiesii De Sus,19
85341,190,3,Praid,19
85350,85341,22,Praid,19
85369,85341,23,Becas,19
85378,85341,23,Bucin,19
85387,85341,23,Ocna De Jos,19
85396,85341,23,Ocna De Sus,19
85403,85341,23,Sasveres,19
85412,190,3,Remetea,19
85421,85412,22,Remetea,19
85430,85412,23,Fagetel,19
85449,85412,23,Martonca,19
85458,85412,23,Sineu,19
85467,190,3,Sacel,19
85476,85467,22,Sacel,19
85485,85467,23,Soimusu Mare,19
85494,85467,23,Soimusu Mic,19
85500,85467,23,Uilac,19
85519,85467,23,Vidacut,19
85680,190,3,Sancraieni,19
85699,85680,22,Sancraieni,19
85706,86479,23,Fitod,19
85715,86479,23,Hosasau,19
85724,86479,22,Leliceni,19
85733,86479,23,Misentea,19
85742,86519,22,Santimbru,19
85751,86519,23,Santimbru-Bai,19
85760,190,3,Sandominic,19
85779,85760,22,Sandominic,19
85788,190,3,Sanmartin,19
85797,85788,22,Sanmartin,19
85804,85788,23,Ciucani,19
85813,86446,22,Cozmeni,19
85822,86446,23,Lazaresti,19
85831,85788,23,Valea Uzului,19
85840,190,3,Sansimion,19
85859,85840,22,Sansimion,19
85868,85840,23,Cetatuia,19
85528,190,3,Sarmas,19
85537,85528,22,Sarmas,19
85546,85528,23,Fundoaia,19
85555,85528,23,Hodosa,19
85564,85528,23,Platonesti,19
85573,85528,23,Runc,19
85582,190,3,Secuieni,19
85591,85582,22,Secuieni,19
85608,85582,23,Bodogaia,19
85617,85582,23,Eliseni,19
85626,190,3,Siculeni,19
85635,85626,22,Siculeni,19
85644,86461,23,Ciaracio,19
85653,86461,22,Ciceu,19
85662,86495,22,Racu,19
85671,86495,23,Satu Nou,19
85984,190,3,Simonesti,19
85993,85984,22,Simonesti,19
86008,85984,23,Bentid,19
86017,85984,23,Cadaciu Mare,19
86026,85984,23,Cadaciu Mic,19
86035,85984,23,Cehetel,19
86044,85984,23,Chedia Mare,19
86053,85984,23,Chedia Mica,19
86062,85984,23,Cobatesti,19
86071,85984,23,Medisoru Mare,19
86080,85984,23,Mihaileni,19
86099,85984,23,Nicoleni,19
86106,85984,23,Ruganesti,19
86115,85984,23,Tarcesti,19
86124,85984,23,Turdeni,19
85877,190,3,Subcetate,19
85886,85877,22,Subcetate,19
85895,85877,23,Calnaci,19
85902,85877,23,Duda,19
85911,85877,23,Filpea,19
85920,190,3,Suseni,19
85939,85920,22,Suseni,19
85948,85920,23,Chileni,19
85957,85920,23,Liban,19
85966,85920,23,Senetea,19
85975,85920,23,Valea Stramba,19
86133,190,3,Tulghes,19
86142,86133,22,Tulghes,19
86151,86133,23,Hagota,19
86160,86133,23,Pintic,19
86179,86133,23,Recea,19
86188,190,3,Tusnad,19
86197,86188,22,Tusnad,19
86204,86188,23,Tusnadu Nou,19
86213,86188,23,Vrabia,19
86222,190,3,Ulies,19
86231,86222,22,Ulies,19
86240,86222,23,Daia,19
86259,86222,23,Iasu,19
86268,86222,23,Ighiu,19
86277,86222,23,Nicolesti,19
86286,86222,23,Obranesti,19
86295,86222,23,Petecu,19
86302,86222,23,Vasileni,19
86311,190,3,Varsag,19
86320,86311,22,Varsag,19
86339,190,3,Voslabeni,19
86348,86339,22,Voslabeni,19
86357,86339,23,Izvoru Muresului,19
86366,190,3,Zetea,19
86375,86366,22,Zetea,19
86384,86366,23,Desag,19
86393,86366,23,Izvoare,19
86400,86366,23,Poiana Tarnavei,19
86419,86366,23,Sicasau,19
86428,86366,23,Sub Cetate,19
86687,207,1,Mun. Deva,20
86696,86687,9,Deva,20
86712,86687,11,Archia,20
86721,86687,11,Barcea Mica,20
86730,86687,11,Cristur,20
86703,86687,10,Santuhalm,20
87291,207,4,Mun. Brad,20
87308,87291,9,Brad,20
87317,87291,11,Mesteacan,20
87326,87291,11,Potingani,20
87335,87291,11,Ruda-Brad,20
87344,87291,11,Taratel,20
87353,87291,11,Valea Bradului,20
86810,207,4,Mun. Hunedoara,20
86829,86810,9,Hunedoara,20
86847,86810,11,Bos,20
86856,86810,11,Gros,20
86865,86810,11,Hasdat,20
86874,86810,11,Pestisu Mare,20
86838,86810,10,Racastia,20
87638,207,4,Mun. Orastie,20
87647,87638,9,Orastie,20
86990,207,4,Mun. Petrosani,20
87004,86990,9,Petrosani,20
87013,86990,10,Dalja Mare,20
87022,86990,10,Dalja Mica,20
87031,86990,10,Pestera,20
87040,86990,10,Slatinioara,20
87219,207,2,Oras Aninoasa,20
87228,87219,17,Aninoasa,20
87237,87219,19,Iscroni,20
87424,207,2,Oras Calan,20
87433,87424,17,Calan,20
87451,87424,19,Batiz,20
87460,87424,19,Calanu Mic,20
87479,87424,19,Grid,20
87488,87424,19,Nadastia De Jos,20
87497,87424,19,Nadastia De Sus,20
87503,87424,19,Ohaba Straiului,20
87512,87424,19,Sancrai,20
87521,87424,19,Santamaria De Piatra,20
87530,87424,19,Strei,20
87549,87424,19,Strei-Sacel,20
87442,87424,18,Streisangeorgiu,20
87558,87424,19,Valea Sangeorgiului,20
87576,207,2,Oras Hateg,20
87585,87576,17,Hateg,20
87594,87576,18,Nalatvad,20
87601,87576,19,Silvasu De Jos,20
87610,87576,19,Silvasu De Sus,20
87059,207,4,Mun. Lupeni,20
87068,87059,9,Lupeni,20
87077,207,2,Oras Petrila,20
87086,87077,17,Petrila,20
87095,87077,18,Campa,20
87102,87077,18,Jiet,20
87111,87077,18,Rascoala,20
87120,87077,18,Tirici,20
87665,207,2,Oras Simeria,20
87674,87665,17,Simeria,20
87683,87665,19,Bircea Mare,20
87692,87665,19,Carpinis,20
87718,87665,19,Santandrei,20
87727,87665,19,Saulesti,20
87709,87665,19,Simeria Veche,20
87736,87665,19,Uroi,20
87139,207,2,Oras Uricani,20
87148,87139,17,Uricani,20
87157,87139,18,Campu Lui Neag,20
87166,87139,18,Valea De Brazi,20
87175,207,4,Mun.  Vulcan,20
87184,87175,9,Vulcan,20
87193,87175,10,Dealu Babii,20
87200,87175,10,Jiu-Paroseni,20
88047,207,3,Bacia,20
88056,88047,22,Bacia,20
88065,88047,23,Petreni,20
88074,88047,23,Tampa,20
88083,88047,23,Totia,20
87745,207,3,Baia De Cris,20
87754,87745,22,Baia De Cris,20
87763,87745,23,Baldovin,20
87772,87745,23,Caraci,20
87781,87745,23,Carastau,20
87790,87745,23,Lunca,20
87807,87745,23,Risca,20
87816,87745,23,Risculita,20
87825,87745,23,Tebea,20
87834,87745,23,Valeni,20
88092,207,3,Baita,20
88109,88092,22,Baita,20
88118,88092,23,Barbura,20
88127,88092,23,Cainelu De Sus,20
88136,88092,23,Craciunesti,20
88145,88092,23,Fizes,20
88154,88092,23,Hartagani,20
88163,88092,23,Lunca,20
88172,88092,23,Ormindea,20
88181,88092,23,Pestera,20
88190,88092,23,Saliste,20
88207,88092,23,Trestia,20
87843,207,3,Balsa,20
87852,87843,22,Balsa,20
87861,87843,23,Almasu Mic De Munte,20
87870,87843,23,Ardeu,20
87889,87843,23,Bunesti,20
87898,87843,23,Galbina,20
87905,87843,23,Mada,20
87914,87843,23,Oprisesti,20
87923,87843,23,Poiana,20
87932,87843,23,Poienita,20
87941,87843,23,Rosia,20
87950,87843,23,Stauini,20
87969,87843,23,Techereu,20
87978,87843,23,Valisoara,20
87987,87843,23,Voia,20
87246,207,3,Banita,20
87255,87246,22,Banita,20
87264,87246,23,Crivadia,20
87273,87246,23,Merisor,20
87996,207,3,Baru,20
88001,87996,22,Baru,20
88010,87996,23,Livadia,20
88029,87996,23,Petros,20
88038,87996,23,Valea Lupului,20
88216,207,3,Batrana,20
88225,88216,22,Batrana,20
88234,88216,23,Fata Rosie,20
88243,88216,23,Piatra,20
88252,88216,23,Rachitaua,20
88261,207,3,Beriu,20
88270,88261,22,Beriu,20
88289,88261,23,Castau,20
88298,88261,23,Cucuis,20
88305,88261,23,Magureni,20
88314,88261,23,Orastioara De Jos,20
88323,88261,23,Poieni,20
88332,88261,23,Sereca,20
88341,88261,23,Sibisel,20
88350,207,3,Blajeni,20
88369,88350,22,Blajeni,20
88378,88350,23,Blajeni-Vulcan,20
88387,88350,23,Cris,20
88396,88350,23,Dragu-Brad,20
88403,88350,23,Grosuri,20
88412,88350,23,Plai,20
88421,88350,23,Ret,20
88430,88350,23,Salatruc,20
88449,207,3,Bosorod,20
88458,88449,22,Bosorod,20
88467,88449,23,Alun,20
88476,88449,23,Bobaia,20
88485,88449,23,Chitid,20
88494,88449,23,Cioclovina,20
88500,88449,23,Luncani,20
88519,88449,23,Prihodiste,20
88537,88449,23,Tarsa,20
88528,88449,23,Ursici,20
88546,207,3,Branisca,20
88555,88546,22,Branisca,20
88573,88546,23,Barastii Iliei,20
88564,88546,23,Boz,20
88582,88546,23,Cabesti,20
88608,88546,23,Furcsoara,20
88591,88546,23,Gialacuta,20
88617,88546,23,Rovina,20
88626,88546,23,Tarnava,20
88635,88546,23,Tarnavita,20
88644,207,3,Bretea Romana,20
88653,88644,22,Bretea Romana,20
88662,88644,23,Batalar,20
88671,88644,23,Bercu,20
88680,88644,23,Bretea Streiului,20
88699,88644,23,Covragiu,20
88706,88644,23,Gantaga,20
88715,88644,23,Maceu,20
88724,88644,23,Ocolisu Mare,20
88733,88644,23,Plopi,20
88742,88644,23,Rusi,20
88751,88644,23,Valcele,20
88760,88644,23,Valcelele Bune,20
88779,88644,23,Valceluta,20
88788,207,3,Buces,20
88797,88788,22,Buces,20
88804,88788,23,Buces-Vulcan,20
88813,88788,23,Dupapiatra,20
88822,88788,23,Grohotele,20
88831,88788,23,Mihaileni,20
88840,88788,23,Stanija,20
88859,88788,23,Tarnita,20
88868,207,3,Bucuresci,20
88877,88868,22,Bucuresci,20
88886,88868,23,Curechiu,20
88895,88868,23,Merisor,20
88902,88868,23,Rovina,20
88911,88868,23,Sesuri,20
88920,207,3,Bulzestii De Sus,20
88939,88920,22,Bulzestii De Sus,20
88948,88920,23,Bulzestii De Jos,20
88957,88920,23,Giurgesti,20
88966,88920,23,Grohot,20
88975,88920,23,Paulesti,20
88984,88920,23,Rusesti,20
88993,88920,23,Stanculesti,20
89008,88920,23,Ticera,20
89017,88920,23,Tomnatec,20
89026,207,3,Bunila,20
89035,89026,22,Bunila,20
89044,89026,23,Alun,20
89053,89026,23,Cernisoara Florese,20
89062,89026,23,Poienita Voinii,20
89071,89026,23,Vadu Dobrii,20
89080,207,3,Burjuc,20
89099,89080,22,Burjuc,20
89106,89080,23,Bradatel,20
89115,89080,23,Glodghilesti,20
89124,89080,23,Petresti,20
89133,89080,23,Tatarasti,20
89142,89080,23,Tisa,20
86749,207,3,Carjiti,20
86758,86749,22,Carjiti,20
86767,86749,23,Almasu Sec,20
86776,86749,23,Cherghes,20
86785,86749,23,Cozia,20
86794,86749,23,Popesti,20
89151,207,3,Cerbal,20
89160,89151,22,Cerbal,20
89179,89151,23,Aranies,20
89188,89151,23,Feregi,20
89197,89151,23,Merisoru De Munte,20
89213,89151,23,Poiana Rachitelii,20
89204,89151,23,Poienita Tomii,20
89222,89151,23,Socet,20
89231,89151,23,Ulm,20
89240,207,3,Certeju De Sus,20
89259,89240,22,Certeju De Sus,20
89268,89240,23,Bocsa Mare,20
89277,89240,23,Bocsa Mica,20
89286,89240,23,Hondol,20
89295,89240,23,Magura-Toplita,20
89302,89240,23,Nojag,20
89311,89240,23,Sacaramb,20
89320,89240,23,Toplita Muresului,20
89339,89240,23,Varmaga,20
87362,207,3,Criscior,20
87371,87362,22,Criscior,20
87380,87362,23,Barza,20
87399,87362,23,Valea Arsului,20
87406,87362,23,Zdrapti,20
89348,207,3,Densus,20
89357,89348,22,Densus,20
89366,89348,23,Criva,20
89375,89348,23,Hatagel,20
89384,89348,23,Pesteana,20
89393,89348,23,Pestenita,20
89400,89348,23,Poieni,20
89419,89348,23,Stei,20
89428,207,3,Dobra,20
89437,89428,22,Dobra,20
89446,89428,23,Abucea,20
89455,89428,23,Bujoru,20
89464,89428,23,Fagetel,20
89473,89428,23,Lapusnic,20
89482,89428,23,Mihaiesti,20
89491,89428,23,Panc,20
89507,89428,23,Panc-Saliste,20
89516,89428,23,Radulesti,20
89525,89428,23,Roscani,20
89534,89428,23,Stancesti,20
89543,89428,23,Stancesti-Ohaba,20
89552,89428,23,Stretea,20
89561,207,2,Oras Geoagiu,20
89570,89561,17,Geoagiu,20
89589,89561,19,Aurel Vlaicu,20
89598,89561,19,Baciia,20
89605,89561,19,Bozes,20
89614,89561,19,Cigmau,20
89623,89561,19,Gelmar,20
89632,89561,19,Geoagiu-Bai,20
89641,89561,19,Homorod,20
89650,89561,19,Mermezeu-Valeni,20
89669,89561,19,Renghet,20
89678,89561,19,Valeni,20
86883,207,3,Ghelari,20
86892,86883,22,Ghelari,20
86909,86883,23,Govajdia,20
86918,86883,23,Plop,20
86927,86883,23,Ruda,20
89687,207,3,Gurasada,20
89696,89687,22,Gurasada,20
89703,89687,23,Boiu De Jos,20
89712,89687,23,Boiu De Sus,20
89730,89687,23,Campuri De Sus,20
89749,89687,23,Campuri-Surduc,20
89721,89687,23,Carmazanesti,20
89758,89687,23,Danulesti,20
89767,89687,23,Gothatea,20
89776,89687,23,Runcsor,20
89785,89687,23,Ulies,20
89794,89687,23,Vica,20
89801,207,3,Harau,20
89810,89801,22,Harau,20
89829,89801,23,Banpotoc,20
89838,89801,23,Barsau,20
89847,89801,23,Chimindia,20
89856,207,3,Ilia,20
89865,89856,22,Ilia,20
89874,89856,23,Bacea,20
89892,89856,23,Braznic,20
89883,89856,23,Bretea Muresana,20
89909,89856,23,Cuies,20
89918,89856,23,Dumbravita,20
89927,89856,23,Sacamas,20
89936,89856,23,Sarbi,20
89945,89856,23,Valea Lunga,20
89954,207,3,Lapugiu De Jos,20
89963,89954,22,Lapugiu De Jos,20
89972,89954,23,Bastea,20
89981,89954,23,Cosesti,20
89990,89954,23,Fintoag,20
90002,89954,23,Grind,20
90011,89954,23,Holdea,20
90020,89954,23,Lapugiu De Sus,20
90039,89954,23,Lasau,20
90048,89954,23,Ohaba,20
90057,89954,23,Teiu,20
90066,207,3,Lelese,20
90075,90066,22,Lelese,20
90084,90066,23,Cerisor,20
90093,90066,23,Runcu Mare,20
90100,90066,23,Sohodol,20
90119,207,3,Lunca Cernii De Jos,20
90128,90119,22,Lunca Cernii De Jos,20
90137,90119,23,Ciumita,20
90146,90119,23,Fantana,20
90155,90119,23,Gura Bordului,20
90164,90119,23,Lunca Cernii De Sus,20
90173,90119,23,Meria,20
90182,90119,23,Negoiu,20
90191,90119,23,Valea Babii,20
90208,207,3,Luncoiu De Jos,20
90217,90208,22,Luncoiu De Jos,20
90226,90208,23,Dudesti,20
90235,90208,23,Luncoiu De Sus,20
90244,90208,23,Podele,20
90253,90208,23,Stejarel,20
90262,207,3,Martinesti,20
90271,90262,22,Martinesti,20
90280,90262,23,Dancu Mare,20
90299,90262,23,Dancu Mic,20
90306,90262,23,Jeledinti,20
90315,90262,23,Magura,20
90324,90262,23,Tamasasa,20
90333,90262,23,Turmas,20
90342,207,3,Orastioara De Sus,20
90351,90342,22,Orastioara De Sus,20
90360,90342,23,Bucium,20
90379,90342,23,Costesti,20
90388,90342,23,Costesti-Deal,20
90397,90342,23,Gradistea De Munte,20
90404,90342,23,Ludestii De Jos,20
90413,90342,23,Ludestii De Sus,20
90422,90342,23,Ocolisu Mic,20
90431,207,3,Pestisu Mic,20
90440,90431,22,Pestisu Mic,20
90459,90431,23,Almasu Mic,20
90468,90431,23,Ciulpaz,20
90477,90431,23,Cutin,20
90486,90431,23,Dumbrava,20
90495,90431,23,Josani,20
90501,90431,23,Manerau,20
90510,90431,23,Nandru,20
90529,90431,23,Valea Nandrului,20
90538,207,3,Pui,20
90547,90538,22,Pui,20
90556,90538,23,Baiesti,20
90565,90538,23,Federi,20
90574,90538,23,Fizesti,20
90583,90538,23,Galati,20
90592,90538,23,Hobita,20
90609,90538,23,Ohaba-Ponor,20
90618,90538,23,Ponor,20
90627,90538,23,Rau Barbat,20
90636,90538,23,Rusor,20
90645,90538,23,Serel,20
90654,90538,23,Uric,20
90725,207,3,Rachitova,20
90734,90725,22,Rachitova,20
90743,90725,23,Boita,20
90752,90725,23,Ciula Mare,20
90761,90725,23,Ciula Mica,20
90770,90725,23,Gotesti,20
90789,90725,23,Mesteacan,20
90798,90725,23,Valioara,20
90663,207,3,Rapoltu Mare,20
90672,90663,22,Rapoltu Mare,20
90681,90663,23,Bobalna,20
90690,90663,23,Boiu,20
90707,90663,23,Folt,20
90716,90663,23,Rapoltel,20
90878,207,3,Rau De Mori,20
90887,90878,22,Rau De Mori,20
90896,90878,23,Brazi,20
90903,90878,23,Clopotiva,20
90912,90878,23,Ohaba-Sibisel,20
90921,90878,23,Ostrov,20
90930,90878,23,Ostrovel,20
90949,90878,23,Ostrovu Mic,20
90958,90878,23,Sibisel,20
90967,90878,23,Suseni,20
90976,90878,23,Unciuc,20
90985,90878,23,Valea Daljii,20
90805,207,3,Ribita,20
90814,90805,22,Ribita,20
90823,90805,23,Crisan,20
90832,90805,23,Dumbrava De Jos,20
90841,90805,23,Dumbrava De Sus,20
90850,90805,23,Ribicioara,20
90869,90805,23,Uibaresti,20
90994,207,3,Romos,20
91009,90994,22,Romos,20
91018,90994,23,Ciungu Mare,20
91027,90994,23,Pischinti,20
91036,90994,23,Romosel,20
91045,90994,23,Vaidei,20
91116,207,3,Salasu De Sus,20
91125,91116,22,Salasu De Sus,20
91134,91116,23,Coroiesti,20
91143,91116,23,Malaiesti,20
91152,91116,23,Nucsoara,20
91161,91116,23,Ohaba De Sub Piatra,20
91170,91116,23,Paros,20
91189,91116,23,Pestera,20
91198,91116,23,Rau Alb,20
91205,91116,23,Rau Mic,20
91214,91116,23,Salasu De Jos,20
91223,91116,23,Zavoi,20
91232,207,3,Santamaria-Orlea,20
91241,91232,22,Santamaria-Orlea,20
91250,91232,23,Balomir,20
91269,91232,23,Barastii Hategului,20
91278,91232,23,Bucium-Orlea,20
91287,91232,23,Ciopeia,20
91296,91232,23,Sacel,20
91303,91232,23,Sanpetru,20
91312,91232,23,Subcetate,20
91321,91232,23,Vadu,20
91054,207,3,Sarmizegetusa,20
91063,91054,22,Sarmizegetusa,20
91072,91054,23,Breazova,20
91081,91054,23,Hobita-Gradiste,20
91090,91054,23,Paucinesti,20
91107,91054,23,Zeicani,20
91330,207,3,Soimus,20
91349,91330,22,Soimus,20
91358,91330,23,Balata,20
91376,91330,23,Bejan,20
91385,91330,23,Bejan-Tarnavita,20
91367,91330,23,Boholt,20
91394,91330,23,Cainelu De Jos,20
91401,91330,23,Chiscadaga,20
91410,91330,23,Fornadia,20
91429,91330,23,Paulis,20
91438,91330,23,Sulighete,20
86936,207,3,Teliucu Inferior,20
86945,86936,22,Teliucu Inferior,20
86954,86936,23,Cincis-Cerna,20
86963,86936,23,Izvoarele,20
86972,86936,23,Teliucu Superior,20
91447,207,3,Tomesti,20
91456,91447,22,Tomesti,20
91465,91447,23,Dobrot,20
91474,91447,23,Leaut,20
91483,91447,23,Livada,20
91492,91447,23,Obarsa,20
91508,91447,23,Steia,20
91517,91447,23,Tiulesti,20
91526,91447,23,Valea Mare De Cris,20
91535,207,3,Toplita,20
91544,91535,22,Toplita,20
91553,91535,23,Curpenii Silvasului,20
91571,91535,23,Dabaca,20
91562,91535,23,Dealu Mic,20
91580,91535,23,Goles,20
91599,91535,23,Hasdau,20
91606,91535,23,Mosoru,20
91615,91535,23,Valari,20
91624,207,3,Totesti,20
91633,91624,22,Totesti,20
91642,91624,23,Carnesti,20
91651,91624,23,Copaci,20
91660,91624,23,Paclisa,20
91679,91624,23,Reea,20
91688,207,3,Turdas,20
91697,91688,22,Turdas,20
91704,91688,23,Pricaz,20
91713,91688,23,Rapas,20
91722,91688,23,Spini,20
91731,207,3,General Berthelot,20
91740,91731,22,General Berthelot,20
91759,91731,23,Craguis,20
91768,91731,23,Farcadin,20
91777,91731,23,Livezi,20
91786,91731,23,Tustea,20
91937,207,3,Valisoara,20
91946,91937,22,Valisoara,20
91955,91937,23,Dealu Mare,20
91964,91937,23,Salistioara,20
91973,91937,23,Stoieneasa,20
91795,207,3,Vata De Jos,20
91802,91795,22,Vata De Jos,20
91811,91795,23,Basarabasa,20
91820,91795,23,Birtin,20
91839,91795,23,Brotuna,20
91848,91795,23,Cazanesti,20
91857,91795,23,Ciungani,20
91875,91795,23,Ocisor,20
91866,91795,23,Ociu,20
91884,91795,23,Pravaleni,20
91893,91795,23,Prihodiste,20
91919,91795,23,Tarnava De Cris,20
91900,91795,23,Tatarastii De Cris,20
91928,91795,23,Vata De Sus,20
91982,207,3,Vetel,20
91991,91982,22,Vetel,20
92006,91982,23,Boia Barzii,20
92015,91982,23,Bretelin,20
92024,91982,23,Caoi,20
92033,91982,23,Herepeia,20
92042,91982,23,Lesnic,20
92051,91982,23,Mintia,20
92060,91982,23,Muncelu Mare,20
92079,91982,23,Muncelu Mic,20
92088,91982,23,Runcu Mic,20
92097,207,3,Vorta,20
92104,92097,22,Vorta,20
92113,92097,23,Certeju De Jos,20
92122,92097,23,Coaja,20
92131,92097,23,Dumesti,20
92140,92097,23,Luncsoara,20
92159,92097,23,Valea Poienii,20
92168,92097,23,Visca,20
92177,207,3,Zam,20
92186,92177,22,Zam,20
92202,92177,23,Almas-Saliste,20
92195,92177,23,Almasel,20
92211,92177,23,Braseu,20
92220,92177,23,Cerbia,20
92239,92177,23,Deleni,20
92248,92177,23,Godinesti,20
92257,92177,23,Micanesti,20
92266,92177,23,Poganesti,20
92275,92177,23,Pojoga,20
92284,92177,23,Salciva,20
92293,92177,23,Tamasesti,20
92300,92177,23,Valea,20
92658,216,1,Mun. Slobozia,21
92667,92658,9,Slobozia,21
92676,92658,10,Bora,21
92685,92658,10,Slobozia Noua,21
92701,216,4,Mun. Fetesti,21
92710,92701,9,Fetesti,21
92729,92701,10,Buliga,21
92738,92701,10,Fetesti-Gara,21
92747,92701,10,Vlasca,21
100683,216,4,Mun. Urziceni,21
100692,100683,9,Urziceni,21
92765,216,2,Oras Tandarei,21
92774,92765,17,Tandarei,21
100754,216,3,Adancata,21
100763,100754,22,Adancata,21
100772,100754,23,Patru Frati,21
92783,216,3,Albesti,21
92792,92783,22,Albesti,21
92809,92783,23,Bataluri,21
92818,179793,22,Buesti,21
92827,92783,23,Marsilieni,21
100852,216,3,Alexeni,21
100861,100852,22,Alexeni,21
92836,216,2,Oras Amara,21
92845,92836,17,Amara,21
92854,92836,19,Amara Noua,21
92872,216,3,Andrasesti,21
92881,92872,22,Andrasesti,21
92890,92872,23,Orboesti,21
100870,216,3,Armasesti,21
100889,100870,22,Armasesti,21
100898,180064,22,Barbulesti,21
100905,100870,23,Malu Rosu,21
100914,100870,23,Nenisori,21
100923,216,3,Axintele,21
100932,100923,22,Axintele,21
100941,100923,23,Barbatescu,21
100950,100923,23,Horia,21
92907,216,3,Balaciu,21
92916,92907,22,Balaciu,21
92925,92907,23,Copuzu,21
92934,92907,23,Crasanii De Jos,21
92943,92907,23,Crasanii De Sus,21
92952,180019,22,Sarateni,21
101056,216,3,Barcanesti,21
101065,101056,22,Barcanesti,21
101074,101056,23,Condeesti,21
92989,216,3,Bordusani,21
92998,92989,22,Bordusani,21
93003,92989,23,Cegani,21
101243,216,3,Brazii,21
101252,101243,22,Brazii,21
101261,179800,22,Maia,21
101270,101243,23,Movileanca,21
101289,101243,23,Rasimnicea,21
93021,216,3,Bucu,21
93030,93021,22,Bucu,21
93058,179819,22,Ograda,21
93067,216,2,Oras Cazanesti,21
93076,93067,17,Cazanesti,21
100709,216,3,Ciocarlia,21
100718,100709,22,Ciocarlia,21
100727,100709,23,Cotorca,21
93101,216,3,Ciochina,21
93110,93101,22,Ciochina,21
93129,93101,23,Borduselu,21
93138,93101,23,Orezu,21
93147,93101,23,Piersica,21
93156,216,3,Ciulnita,21
93165,93156,22,Ciulnita,21
93174,93156,23,Ion Ghica,21
93183,93156,23,Ivanesti,21
93192,93156,23,Poiana,21
93209,216,3,Cocora,21
93218,93209,22,Cocora,21
93227,179971,22,Colelia,21
93236,216,3,Cosambesti,21
93245,93236,22,Cosambesti,21
93254,93236,23,Gimbasani,21
93263,179980,22,Marculesti,21
102240,216,3,Cosereni,21
102259,102240,22,Cosereni,21
102268,179784,22,Boranesti,21
102277,179784,23,Sintesti,21
102641,216,3,Dragoesti,21
102650,102641,22,Dragoesti,21
102669,102641,23,Chiroiu-Pamanteni,21
102678,102641,23,Chiroiu-Satu Nou,21
102687,102641,23,Chiroiu-Ungureni,21
102696,102641,23,Valea Bisericii,21
102703,216,3,Dridu,21
102712,102703,22,Dridu,21
102721,102703,23,Dridu-Snagov,21
102730,179999,22,Moldoveni,21
93575,216,3,Facaeni,21
93584,93575,22,Facaeni,21
93593,93575,23,Progresu,21
102749,216,2,Oras Fierbinti-Targ,21
102758,102749,17,Fierbinti-Targ,21
102767,102749,19,Fierbintii De Jos,21
102776,102749,19,Fierbintii De Sus,21
102785,102749,19,Grecii De Jos,21
103283,216,3,Garbovi,21
103292,103283,22,Garbovi,21
93600,216,3,Gheorghe Doja,21
93619,93600,22,Gheorghe Doja,21
93628,216,3,Gheorghe Lazar,21
93637,93628,22,Gheorghe Lazar,21
93646,216,3,Giurgeni,21
93655,93646,22,Giurgeni,21
93717,216,3,Grindu,21
93726,93717,22,Grindu,21
93735,216,3,Grivita,21
93744,93735,22,Grivita,21
93753,93735,23,Smirna,21
93762,179702,22,Traian,21
103862,216,3,Ion Roata,21
103871,103862,22,Ion Roata,21
103880,103862,23,Brosteni,21
103960,216,3,Jilavele,21
103979,103960,22,Jilavele,21
103988,103960,23,Slatioarele,21
100736,216,3,Manasia,21
100745,100736,22,Manasia,21
93995,216,3,Mihail Kogalniceanu,21
94009,93995,22,Mihail Kogalniceanu,21
94018,180046,22,Gura Ialomitei,21
94027,93995,23,Hagieni,21
94036,180046,23,Luciu,21
94045,216,3,Milosesti,21
94054,94045,22,Milosesti,21
94063,94045,23,Nicolesti,21
94072,94045,23,Tovarasia,21
94081,216,3,Movila,21
94090,94081,22,Movila,21
104270,216,3,Movilita,21
104289,104270,22,Movilita,21
104298,104270,23,Bitina-Pamanteni,21
104305,104270,23,Bitina-Ungureni,21
104314,179828,22,Rosiori,21
94107,216,3,Munteni-Buzau,21
94116,94107,22,Munteni-Buzau,21
94161,216,3,Perieti,21
94170,94161,22,Perieti,21
94189,94161,23,Fundata,21
94198,94161,23,Misleanu,21
94205,94161,23,Paltinisu,21
94214,94161,23,Stejaru,21
94269,216,3,Reviga,21
94278,94269,22,Reviga,21
94287,94269,23,Crunti,21
94296,94269,23,Mircea Cel Batran,21
94303,94269,23,Rovine,21
94330,216,3,Salcioara,21
94349,94330,22,Salcioara,21
94367,94330,23,Rasi,21
94376,216,3,Saveni,21
94385,94376,22,Saveni,21
94394,94376,23,Fratilesti,21
94401,180000,23,Lacusteni,21
94410,180000,22,Platonesti,21
94429,216,3,Scanteia,21
94438,94429,22,Scanteia,21
94447,94429,23,Iazu,21
94456,216,3,Sfantu Gheorghe,21
94465,94456,22,Sfantu Gheorghe,21
94474,94456,23,Butoiu,21
94483,94456,23,Malu,21
105026,216,3,Sinesti,21
105035,105026,22,Sinesti,21
105044,105026,23,Boteni,21
105053,105026,23,Catrunesti,21
105062,105026,23,Hagiesti,21
105071,105026,23,Lilieci,21
105080,105026,23,Livedea,21
94492,216,3,Stelnica,21
94508,94492,22,Stelnica,21
94517,94492,23,Maltezi,21
94526,94492,23,Retezatu,21
94535,216,3,Suditi,21
94544,94535,22,Suditi,21
94553,94535,23,Gura Vaii,21
94688,216,3,Valea Ciorii,21
94697,94688,22,Valea Ciorii,21
94704,94688,23,Bucsa,21
94713,94688,23,Dumitresti,21
94722,94688,23,Murgeanca,21
105794,216,3,Valea Macrisului,21
105801,105794,22,Valea Macrisului,21
105810,105794,23,Grindasi,21
94795,216,3,Vladeni,21
94802,94795,22,Vladeni,21
95060,225,1,Mun. Iasi,22
95079,95060,9,Iasi,22
95391,225,4,Mun. Pascani,22
95408,95391,9,Pascani,22
95417,95391,10,Blagesti,22
95426,95391,10,Bosteni,22
95435,95391,10,Gastesti,22
95444,95391,10,Lunca,22
95453,95391,10,Sodomeni,22
95355,225,2,Oras Harlau,22
95364,95355,17,Harlau,22
95373,95355,19,Parcovaci,22
95471,225,2,Oras Targu Frumos,22
95480,95471,17,Targu Frumos,22
95612,225,3,Alexandru I. Cuza,22
95621,95612,22,Alexandru I. Cuza,22
95630,95612,23,Kogalniceni,22
95649,95612,23,Scheia,22
95658,95612,23,Volintiresti,22
95667,225,3,Andrieseni,22
95676,95667,22,Andrieseni,22
95685,95667,23,Buhaeni,22
95694,95667,23,Draganesti,22
95701,95667,23,Fantanele,22
95710,95667,23,Glavanesti,22
95729,95667,23,Iepureni,22
95738,95667,23,Spineni,22
95747,225,3,Aroneanu,22
95756,95747,22,Aroneanu,22
95765,95747,23,Dorobant,22
95774,95747,23,Rediu Aldei,22
95783,95747,23,Sorogari,22
95792,225,3,Baltati,22
95809,95792,22,Baltati,22
95818,95792,23,Cotargaci,22
95827,95792,23,Filiasi,22
95836,95792,23,Madarjesti,22
95845,95792,23,Podisu,22
95854,95792,23,Sarca,22
95863,95792,23,Valea Oilor,22
95088,225,3,Barnova,22
95097,95088,22,Barnova,22
95104,95088,23,Cercu,22
95113,95088,23,Paun,22
95122,95088,23,Pietraria,22
95131,95088,23,Todirel,22
95140,95088,23,Visan,22
95872,225,3,Belcesti,22
95881,95872,22,Belcesti,22
95890,95872,23,Liteni,22
95907,95872,23,Munteni,22
95916,95872,23,Satu Nou,22
95925,95872,23,Tansa,22
95934,95872,23,Ulmi,22
95943,225,3,Bivolari,22
95952,95943,22,Bivolari,22
95961,95943,23,Buruienesti,22
95970,95943,23,Solonet,22
95989,95943,23,Tabara,22
95998,95943,23,Traian,22
96058,225,3,Braesti,22
96067,96058,22,Braesti,22
96076,96058,23,Albesti,22
96085,96058,23,Buda,22
96094,96058,23,Cristesti,22
96101,96058,23,Rediu,22
96110,225,3,Butea,22
96129,96110,22,Butea,22
96138,96110,23,Miclauseni,22
96147,225,3,Ceplenita,22
96156,96147,22,Ceplenita,22
96165,96147,23,Buhalnita,22
96174,96147,23,Poiana Marului,22
96183,96147,23,Zlodica,22
96192,225,3,Ciortesti,22
96209,96192,22,Ciortesti,22
96218,96192,23,Coropceni,22
96227,96192,23,Deleni,22
96236,96192,23,Rotaria,22
96245,96192,23,Serbesti,22
96254,225,3,Ciurea,22
96263,96254,22,Ciurea,22
96272,96254,23,Curaturi,22
96281,96254,23,Dumbrava,22
96290,96254,23,Hlincea,22
96307,96254,23,Lunca Cetatuii,22
96316,96254,23,Picioru Lupului,22
96325,96254,23,Slobozia,22
96334,225,3,Coarnele Caprei,22
96343,96334,22,Coarnele Caprei,22
96352,96334,23,Arama,22
96361,96334,23,Petrosica,22
96370,225,3,Comarna,22
96389,96370,22,Osoi,22
96398,96370,23,Comarna,22
96405,96370,23,Curagau,22
96414,96370,23,Stanca,22
96423,225,3,Costuleni,22
96432,96423,22,Costuleni,22
96441,96423,23,Covasna,22
96450,96423,23,Cozia,22
96469,96423,23,Hilita,22
96478,225,3,Cotnari,22
96487,96478,22,Cotnari,22
96496,96478,23,Bahluiu,22
96511,96478,23,Carjoaia,22
96502,96478,23,Cireseni,22
96520,96478,23,Fagat,22
96539,96478,23,Hodora,22
96548,96478,23,Horodistea,22
96557,96478,23,Iosupeni,22
96566,96478,23,Luparia,22
96575,96478,23,Valea Racului,22
96584,96478,23,Zbereni,22
96593,225,3,Cozmesti,22
96600,96593,22,Cozmesti,22
96619,96593,23,Podolenii De Jos,22
96628,96593,23,Podolenii De Sus,22
96637,225,3,Cristesti,22
96646,96637,22,Cristesti,22
96655,96637,23,Homita,22
96664,225,3,Cucuteni,22
96673,96664,22,Cucuteni,22
96682,96664,23,Baiceni,22
96691,96664,23,Barbatesti,22
96708,96664,23,Sacaresti,22
96717,225,3,Dagata,22
96726,96717,22,Dagata,22
96735,96717,23,Balusesti,22
96744,96717,23,Boatca,22
96753,96717,23,Buzdug,22
96762,96717,23,Manastirea,22
96771,96717,23,Piscu Rusului,22
96780,96717,23,Poienile,22
96799,96717,23,Tarnita,22
96806,96717,23,Zece Prajini,22
96815,225,3,Deleni,22
96824,96815,22,Deleni,22
96833,96815,23,Feredeni,22
96842,96815,23,Leahu-Nacu,22
96851,96815,23,Maxut,22
96860,96815,23,Poiana,22
96879,96815,23,Slobozia,22
96888,225,3,Dobrovat,22
96897,96888,22,Dobrovat,22
96904,225,3,Dolhesti,22
96913,96904,22,Dolhesti,22
96922,96904,23,Bradicesti,22
96931,96904,23,Pietris,22
96940,225,3,Dumesti,22
96959,96940,22,Dumesti,22
96968,96940,23,Banu,22
96977,96940,23,Chilisoaia,22
96986,96940,23,Hoisesti,22
96995,96940,23,Pausesti,22
97009,225,3,Erbiceni,22
97018,97009,22,Erbiceni,22
97027,97009,23,Barlesti,22
97036,97009,23,Spinoasa,22
97045,97009,23,Spranceana,22
97054,97009,23,Totoesti,22
97063,225,3,Focuri,22
97072,97063,22,Focuri,22
97081,100317,22,Fantanele,22
97090,225,3,Golaiesti,22
97107,97090,22,Golaiesti,22
97116,97090,23,Bran,22
97125,97090,23,Cilibiu,22
97134,97090,23,Cotu Lui Ivan,22
97143,97090,23,Gradinari,22
97152,97090,23,Medeleni,22
97161,97090,23,Petresti,22
97170,97090,23,Podu Jijiei,22
97189,225,3,Gorban,22
97198,97189,22,Gorban,22
97205,97189,23,Gura Bohotin,22
97214,97189,23,Podu Hagiului,22
97223,97189,23,Scoposeni,22
97232,97189,23,Zberoaia,22
97241,225,3,Grajduri,22
97250,97241,22,Grajduri,22
97269,97241,23,Carbunari,22
97278,97241,23,Corcodel,22
97287,97241,23,Lunca,22
97296,97241,23,Padureni,22
97303,97241,23,Poiana Cu Cetate,22
97312,97241,23,Valea Satului,22
97321,225,3,Gropnita,22
97330,97321,22,Gropnita,22
97349,97321,23,Bulbucani,22
97358,97321,23,Forasti,22
97367,97321,23,Malaesti,22
97385,97321,23,Sangeri,22
97376,97321,23,Saveni,22
97394,225,3,Grozesti,22
97401,97394,22,Grozesti,22
97410,97394,23,Coltu Cornii,22
97429,97394,23,Salageni,22
97438,225,3,Halaucesti,22
97447,97438,22,Halaucesti,22
97456,97438,23,Luncasi,22
97465,225,3,Helesteni,22
97474,97465,22,Helesteni,22
97483,97465,23,Harmaneasa,22
97492,97465,23,Movileni,22
97508,97465,23,Oboroceni,22
95159,225,3,Holboca,22
95168,95159,22,Holboca,22
95177,95159,23,Cristesti,22
95186,95159,23,Dancu,22
95195,95159,23,Orzeni,22
95202,95159,23,Rusenii Noi,22
95211,95159,23,Rusenii Vechi,22
95220,95159,23,Valea Lunga,22
97517,225,3,Horlesti,22
97526,97517,22,Horlesti,22
97535,97517,23,Bogdanesti,22
97544,97517,23,Scoposeni,22
97553,225,3,Ipatele,22
97562,97553,22,Ipatele,22
97571,97553,23,Alexesti,22
97580,97553,23,Bacu,22
97599,97553,23,Cuza Voda,22
97606,225,3,Lespezi,22
97615,97606,22,Lespezi,22
97624,97606,23,Buda,22
97633,97606,23,Bursuc-Deal,22
97642,97606,23,Bursuc-Vale,22
97651,97606,23,Dumbrava,22
97660,97606,23,Heci,22
97679,225,3,Letcani,22
97688,97679,22,Letcani,22
97697,97679,23,Bogonos,22
97704,97679,23,Cogeasca,22
97713,97679,23,Cucuteni,22
97722,225,3,Lungani,22
97731,97722,22,Lungani,22
97740,97722,23,Crucea,22
97759,97722,23,Goesti,22
97768,97722,23,Zmeu,22
97777,225,3,Madarjac,22
97786,97777,22,Madarjac,22
97795,97777,23,Bojila,22
97802,97777,23,Frumusica,22
97811,225,3,Mircesti,22
97820,97811,22,Mircesti,22
97839,97811,23,Iugani,22
97848,100335,23,Izvoarele,22
97857,100335,22,Rachiteni,22
97866,100335,23,Ursaresti,22
97875,225,3,Mironeasa,22
97884,97875,22,Mironeasa,22
97893,97875,23,Schitu Hadambului,22
97900,97875,23,Ursita,22
97919,225,3,Miroslava,22
97928,97919,22,Miroslava,22
97937,97919,23,Balciu,22
97946,97919,23,Bratuleni,22
97955,97919,23,Ciurbesti,22
97964,97919,23,Cornesti,22
97973,97919,23,Dancas,22
97982,97919,23,Gaureni,22
97991,97919,23,Horpaz,22
98006,97919,23,Proselnici,22
98015,97919,23,Uricani,22
98024,97919,23,Valea Adanca,22
98033,97919,23,Valea Ursului,22
98042,97919,23,Vorovesti,22
98051,225,3,Miroslovesti,22
98060,98051,22,Miroslovesti,22
98079,100362,22,Ciohorani,22
98088,98051,23,Mitesti,22
98097,98051,23,Soci,22
98104,98051,23,Verseni,22
98113,225,3,Mogosesti,22
98122,98113,22,Mogosesti,22
98131,98113,23,Budesti,22
98140,98113,23,Hadambu,22
98159,98113,23,Manjesti,22
98168,225,3,Mogosesti-Siret,22
98177,98168,22,Mogosesti-Siret,22
98186,98168,23,Muncelu De Sus,22
98195,98168,23,Tudor Vladimirescu,22
98202,225,3,Mosna,22
98211,98202,22,Mosna,22
98220,225,3,Motca,22
98239,98220,22,Motca,22
98248,98220,23,Boureni,22
98257,225,3,Movileni,22
98266,98257,22,Movileni,22
98275,98257,23,Iepureni,22
98284,98257,23,Larga-Jijia,22
98293,98257,23,Potangeni,22
98300,225,3,Oteleni,22
98319,98300,22,Oteleni,22
98328,98300,23,Handresti,22
98337,225,3,Plugari,22
98346,98337,22,Plugari,22
98355,98337,23,Borosoaia,22
98364,98337,23,Onesti,22
98373,225,2,Oras Podu Iloaiei,22
98382,98373,17,Podu Iloaiei,22
98391,98373,18,Budai,22
98408,98373,19,Cositeni,22
98417,98373,19,Holm,22
98426,98373,19,Scobalteni,22
98435,225,3,Popesti,22
98444,98435,22,Popesti,22
98453,98435,23,Doroscani,22
98462,98435,23,Harpasesti,22
98471,98435,23,Obrijeni,22
98480,98435,23,Padureni,22
98499,98435,23,Vama,22
98505,225,3,Popricani,22
98514,98505,22,Popricani,22
98523,98505,23,Carlig,22
98532,98505,23,Cotu Morii,22
98541,98505,23,Cuza Voda,22
98550,98505,23,Moimesti,22
98569,98505,23,Rediu Mitropoliei,22
98578,98505,23,Tipilesti,22
98587,98505,23,Vanatori,22
98596,98505,23,Vulturi,22
98603,225,3,Prisacani,22
98612,98603,22,Prisacani,22
98621,98603,23,Macaresti,22
98630,98603,23,Moreni,22
98649,225,3,Probota,22
98658,98649,22,Probota,22
98667,98649,23,Balteni,22
98676,98649,23,Perieni,22
98685,225,3,Raducaneni,22
98694,98685,22,Raducaneni,22
98701,98685,23,Bohotin,22
98710,98685,23,Isaiia,22
98729,98685,23,Rosu,22
95239,225,3,Rediu,22
95248,95239,22,Rediu,22
95257,95239,23,Breazu,22
95266,95239,23,Horlesti,22
95275,95239,23,Tautesti,22
95284,100353,22,Valea Lupului,22
98738,225,3,Romanesti,22
98747,98738,22,Romanesti,22
98756,98738,23,Avantu,22
98765,98738,23,Ursoaia,22
98774,225,3,Ruginoasa,22
98783,98774,22,Ruginoasa,22
98792,98774,23,Dumbravita,22
98809,98774,23,Rediu,22
98818,98774,23,Vascani,22
98916,225,3,Scanteia,22
98925,98916,22,Scanteia,22
98934,98916,23,Bodesti,22
98943,98916,23,Borosesti,22
98952,98916,23,Ciocarlesti,22
98961,98916,23,Lunca Rates,22
98970,98916,23,Rediu,22
98989,98916,23,Tufestii De Sus,22
99290,225,3,Scheia,22
99307,99290,22,Scheia,22
99316,99290,23,Cauesti,22
99325,99290,23,Cioca-Boca,22
99334,100308,22,Draguseni,22
99343,100308,23,Frenciugi,22
99352,99290,23,Poiana Scheii,22
99361,99290,23,Satu Nou,22
98827,225,3,Schitu Duca,22
98836,98827,22,Schitu Duca,22
98845,98827,23,Blaga,22
98854,98827,23,Dumitrestii Galatii,22
98863,98827,23,Pocreaca,22
98881,98827,23,Poiana,22
98872,98827,23,Poieni,22
98890,98827,23,Satu Nou,22
98907,98827,23,Slobozia,22
98998,225,3,Scobinti,22
99003,98998,22,Scobinti,22
99012,98998,23,Badeni,22
99021,98998,23,Fetesti,22
99030,98998,23,Sticlaria,22
99049,98998,23,Zagavia,22
99058,225,3,Sinesti,22
99067,99058,22,Sinesti,22
99076,99058,23,Bocnita,22
99085,99058,23,Osoi,22
99094,99058,23,Stornesti,22
99370,225,3,Sipote,22
99389,99370,22,Sipote,22
99398,99370,23,Chiscareni,22
99405,99370,23,Halceni,22
99414,99370,23,Iazu Nou,22
99423,99370,23,Iazu Vechi,22
99432,99370,23,Mitoc,22
99101,225,3,Siretel,22
99110,99101,22,Siretel,22
99129,99101,23,Berezlogi,22
99138,99101,23,Humosu,22
99147,99101,23,Satu Nou,22
99156,99101,23,Slobozia,22
99165,225,3,Stolniceni-Prajescu,22
99174,99165,22,Stolniceni-Prajescu,22
99183,99165,23,Bratesti,22
99192,99165,23,Cozmesti,22
99209,225,3,Strunga,22
99218,99209,22,Strunga,22
99227,99209,23,Bratulesti,22
99236,99209,23,Crivesti,22
99245,99209,23,Cucova,22
99254,99209,23,Farcaseni,22
99263,99209,23,Fedeleseni,22
99272,99209,23,Gura Vaii,22
99281,99209,23,Habasesti,22
99441,225,3,Tansa,22
99450,99441,22,Tansa,22
99469,99441,23,Suhulet,22
95499,225,3,Ion Neculce,22
95505,100273,22,Bals,22
95514,100273,23,Boureni,22
95523,95499,22,Buznea,22
95532,100273,23,Coasta Magurii,22
95541,100282,22,Costesti,22
95550,95499,23,Dadesti,22
95569,95499,23,Ganesti,22
95578,100282,23,Giurgesti,22
95587,95499,23,Ion Neculce,22
95596,95499,23,Prigoreni,22
95603,95499,23,Razboieni,22
99478,225,3,Tatarusi,22
99487,99478,22,Tatarusi,22
99496,99478,23,Iorcani,22
99502,99478,23,Pietrosu,22
99511,99478,23,Uda,22
99520,99478,23,Valcica,22
99673,225,3,Tibana,22
99682,99673,22,Tibana,22
99691,99673,23,Alexeni,22
99708,99673,23,Domnita,22
99717,99673,23,Garbesti,22
99726,99673,23,Moara Ciornei,22
99735,99673,23,Oproaia,22
99744,99673,23,Poiana De Sus,22
99753,99673,23,Poiana Manastirii,22
99762,99673,23,Runcu,22
99771,99673,23,Vadu Vejei,22
99780,225,3,Tibanesti,22
99799,99780,22,Tibanesti,22
99806,99780,23,Glodenii Gindului,22
99815,99780,23,Griesti,22
99824,99780,23,Jigoreni,22
99833,99780,23,Rasboieni,22
99842,99780,23,Recea,22
99851,99780,23,Tungujei,22
99860,99780,23,Valenii,22
99879,225,3,Tiganasi,22
99888,99879,22,Tiganasi,22
99897,99879,23,Carniceni,22
99904,99879,23,Mihail Kogalniceanu,22
99913,99879,23,Stejarii,22
99539,225,3,Todiresti,22
99548,99539,22,Todiresti,22
99557,99539,23,Baiceni,22
99566,100326,23,Boldesti,22
99575,100326,23,Harmanestii Noi,22
99584,100326,22,Harmanestii Vechi,22
99593,99539,23,Stroesti,22
95293,225,3,Tomesti,22
95300,95293,22,Tomesti,22
95319,95293,23,Chicerea,22
95328,95293,23,Goruni,22
95337,95293,23,Vladiceni,22
99600,225,3,Trifesti,22
99619,99600,22,Trifesti,22
99628,99600,23,Hermeziu,22
99637,100344,22,Radeni,22
99646,100344,23,Roscani,22
99655,99600,23,Vladomira,22
99664,99600,23,Zaboloteni,22
99922,225,3,Tutora,22
99931,99922,22,Tutora,22
99940,99922,23,Chiperesti,22
99959,99922,23,Opriseni,22
96003,225,3,Ungheni,22
96012,96003,22,Bosia,22
96021,96003,23,Coada Stancii,22
96030,96003,23,Manzatesti,22
96049,96003,23,Ungheni,22
99968,225,3,Valea Seaca,22
99977,99968,22,Valea Seaca,22
99986,99968,23,Contesti,22
99995,99968,23,Topile,22
100086,225,3,Vanatori,22
100095,100086,22,Vanatori,22
100102,100086,23,Crivesti,22
100111,100086,23,Gura Badilitei,22
100120,100086,23,Hartoape,22
100139,100086,23,Vladnicut,22
100004,225,3,Victoria,22
100013,100004,22,Victoria,22
100022,100004,23,Frasuleni,22
100031,100004,23,Icuseni,22
100040,100004,23,Luceni,22
100059,100004,23,Sculeni,22
100077,100004,23,Sendreni,22
100068,100004,23,Stanca,22
100148,225,3,Vladeni,22
100157,100148,22,Vladeni,22
100166,100148,23,Alexandru Cel Bun,22
100175,100148,23,Borsa,22
100184,100148,23,Brosteni,22
100193,100148,23,Iacobeni,22
100200,100148,23,Valcelele,22
100219,225,3,Voinesti,22
100228,100219,22,Voinesti,22
100237,100219,23,Lungani,22
100246,100219,23,Schitu Stavnic,22
100255,100219,23,Slobozia,22
100264,100219,23,Vocotesti,22
100576,234,2,Oras Buftea,23
100585,100576,17,Buftea,23
100594,100576,19,Buciumeni,23
102543,234,3,1 Decembrie,23
102552,102543,22,1 Decembrie,23
102561,179588,22,Copaceni,23
100834,234,3,Afumati,23
100843,100834,22,Afumati,23
100969,234,3,Balotesti,23
100978,100969,22,Balotesti,23
100987,100969,23,Dumbraveni,23
100996,100969,23,Saftica,23
101145,234,3,Berceni,23
101154,101145,22,Berceni,23
179221,234,2,Oras Bragadiru,23
179230,179221,17,Bragadiru,23
101298,234,3,Branesti,23
101305,101298,22,Branesti,23
101314,101298,23,Islaz,23
101323,101298,23,Pasarea,23
101332,101298,23,Vadu Anei,23
101742,234,3,Cernica,23
101751,101742,22,Cernica,23
101760,101742,23,Balaceanca,23
101779,101742,23,Caldararu,23
101788,101742,23,Posta,23
101797,101742,23,Tanganu,23
179249,234,3,Chiajna,23
179258,179249,22,Chiajna,23
179267,179249,23,Dudu,23
179276,179249,23,Rosu,23
179285,234,2,Oras Chitila,23
179294,179285,17,Chitila,23
179301,179285,18,Rudeni,23
101902,234,3,Ciolpani,23
101911,101902,22,Ciolpani,23
101920,101902,23,Izvorani,23
101939,101902,23,Luparia,23
101948,101902,23,Piscu,23
101957,234,3,Ciorogarla,23
101966,101957,22,Ciorogarla,23
101975,101957,23,Darvari,23
102035,234,3,Clinceni,23
102044,102035,22,Clinceni,23
102053,102035,23,Olteni,23
102062,102035,23,Ordoreanu,23
102160,234,3,Corbeanca,23
102179,102160,22,Corbeanca,23
102188,102160,23,Ostratu,23
102197,102160,23,Petresti,23
102204,102160,23,Tamasi,23
102213,234,3,Cornetu,23
102222,102213,22,Cornetu,23
102231,102213,23,Buda,23
102525,234,3,Darasti-Ilfov,23
102534,102525,22,Darasti-Ilfov,23
102473,234,3,Dascalu,23
102482,102473,22,Dascalu,23
102491,102473,23,Creata,23
102507,102473,23,Gagu,23
102516,102473,23,Runcu,23
179310,234,3,Dobroesti,23
179329,179310,22,Dobroesti,23
179338,179310,23,Fundeni,23
102570,234,3,Domnesti,23
102589,102570,22,Domnesti,23
102598,102570,23,Teghes,23
102605,234,3,Dragomiresti-Vale,23
102614,102605,22,Dragomiresti-Vale,23
102623,102605,23,Dragomiresti-Deal,23
102632,102605,23,Zurbaua,23
103130,234,3,Ganeasa,23
103149,103130,22,Ganeasa,23
103158,103130,23,Cozieni,23
103167,103130,23,Moara Domneasca,23
103176,103130,23,Piteasca,23
103185,103130,23,Sindrilita,23
179347,234,3,Glina,23
179356,179347,22,Glina,23
179365,179347,23,Catelu,23
179374,179347,23,Manolache,23
103443,234,3,Gradistea,23
103452,103443,22,Gradistea,23
103461,103443,23,Sitaru,23
103513,234,3,Gruiu,23
103522,103513,22,Gruiu,23
103531,103513,23,Lipia,23
103540,103513,23,Santu Floresti,23
103559,103513,23,Silistea Snagovului,23
179383,234,3,Jilava,23
179392,179383,22,Jilava,23
179409,234,2,Oras Magurele,23
179418,179409,17,Magurele,23
179427,179409,18,Alunisu,23
179436,179409,18,Dumitrana,23
179445,179409,18,Pruni,23
179454,179409,18,Varteju,23
104243,234,3,Moara Vlasiei,23
104252,104243,22,Moara Vlasiei,23
104261,104243,23,Caciulati,23
179463,234,3,Mogosoaia,23
179472,179463,22,Mogosoaia,23
104421,234,3,Nuci,23
104430,104421,22,Nuci,23
104449,104421,23,Balta Neagra,23
104458,104421,23,Merii Petchii,23
104467,104421,23,Micsunestii Mari,23
104476,104421,23,Micsunestii-Moara,23
179481,234,2,Oras Otopeni,23
179490,179481,17,Otopeni,23
179506,179481,19,Odaile,23
179515,234,2,Oras Pantelimon,23
179524,179515,17,Pantelimon,23
104546,234,3,Peris,23
104555,104546,22,Peris,23
104564,104546,23,Balteni,23
104573,104546,23,Burias,23
104582,234,3,Petrachioaia,23
104591,104582,22,Petrachioaia,23
104608,104582,23,Maineasca,23
104617,104582,23,Surlari,23
104626,104582,23,Vanatori,23
179533,234,2,Oras Popesti Leordeni,23
179542,179533,17,Popesti Leordeni,23
105160,234,3,Snagov,23
105179,105160,22,Snagov,23
105188,105160,23,Ciofliceni,23
105197,105160,23,Ghermanesti,23
105204,105160,23,Tancabesti,23
105213,105160,23,Vladiceasca,23
105419,234,3,Stefanestii De Jos,23
105428,105419,22,Stefanestii De Jos,23
105437,105419,23,Cretuleasca,23
105446,105419,23,Stefanestii De Sus,23
105570,234,3,Tunari,23
105589,105570,22,Tunari,23
105598,105570,23,Dimieni,23
105936,234,3,Vidra,23
105945,105936,22,Vidra,23
105954,105936,23,Cretesti,23
105963,105936,23,Sintesti,23
179551,234,2,Oras Voluntari,23
179560,179551,17,Voluntari,23
106318,243,1,Mun. Baia Mare,24
106327,106318,9,Baia Mare,24
106336,106318,10,Blidari,24
106345,106318,10,Firiza,24
106354,106318,10,Valea Neagra,24
106559,243,4,Mun. Sighetu Marmatiei,24
106568,106559,9,Sighetu Marmatiei,24
106577,106559,10,Iapa,24
106586,106559,10,Lazu Baciului,24
106595,106559,10,Sugau,24
106602,106559,10,Valea Cufundoasa,24
106611,106559,10,Valea Hotarului,24
106684,243,2,Oras Baia Sprie,24
106693,106684,17,Baia Sprie,24
106700,106684,18,Chiuzbaia,24
106728,106684,19,Satu Nou De Sus,24
106719,106684,18,Tautii De Sus,24
106746,243,2,Oras Borsa,24
106755,106746,17,Borsa,24
106764,106746,18,Baile Borsa,24
106782,243,2,Oras Cavnic,24
106791,106782,17,Cavnic,24
108963,243,2,Oras Seini,24
108972,108963,17,Seini,24
108981,108963,19,Sabisa,24
108990,108963,19,Viile Apei,24
106817,243,2,Oras Targu Lapus,24
106826,106817,17,Targu Lapus,24
106835,106817,19,Boiereni,24
106844,106817,19,Borcut,24
106853,106817,19,Cufoaia,24
106862,106817,19,Damacuseni,24
106871,106817,19,Dobricu Lapusului,24
106880,106817,19,Dumbrava,24
106899,106817,19,Fantanele,24
106906,106817,19,Groape,24
106915,106817,19,Inau,24
106924,106817,19,Razoare,24
106933,106817,19,Rogoz,24
106942,106817,19,Rohia,24
106951,106817,19,Stoiceni,24
106979,243,2,Oras Viseu De Sus,24
106988,106979,17,Viseu De Sus,24
106997,106979,18,Viseu De Mijloc,24
107001,243,3,Ardusat,24
107010,107001,22,Ardusat,24
107029,107001,23,Ariesu De Camp,24
107038,107001,23,Coltirea,24
107047,243,3,Arinis,24
107056,107047,22,Arinis,24
107065,107047,23,Rodina,24
107074,107047,23,Tamasesti,24
107083,243,3,Asuaju De Sus,24
107092,107083,22,Asuaju De Sus,24
107109,107083,23,Asuaju De Jos,24
107118,243,3,Baita De Sub Codru,24
107127,107118,22,Baita De Sub Codru,24
107136,107190,23,Odesti,24
107145,107118,23,Urmenis,24
107154,243,3,Baiut,24
107163,107154,22,Baiut,24
107172,107154,23,Poiana Botizii,24
107181,107154,23,Strambu-Baiut,24
107314,243,3,Barsana,24
107323,107314,22,Barsana,24
107332,107314,23,Nanesti,24
107341,179864,22,Oncesti,24
107190,243,3,Basesti,24
107207,107190,22,Basesti,24
107216,107190,23,Saliste,24
107225,107190,23,Stremt,24
107234,243,3,Bicaz,24
107243,107234,22,Bicaz,24
107252,107234,23,Ciuta,24
107261,107234,23,Corni,24
107270,243,3,Bistra,24
107289,107270,22,Bistra,24
107298,107270,23,Crasna Viseului,24
107305,107270,23,Valea Viseului,24
107350,243,3,Bocicoiu Mare,24
107369,107350,22,Bocicoiu Mare,24
107378,107350,23,Craciunesti,24
107387,107350,23,Lunca La Tisa,24
107396,107350,23,Tisa,24
107403,243,3,Bogdan Voda,24
107412,107403,22,Bogdan Voda,24
107421,107403,23,Bocicoel,24
107430,243,3,Boiu Mare,24
107449,107430,22,Boiu Mare,24
107458,107430,23,Francenii Boiului,24
107467,107430,23,Prislop,24
107476,107430,23,Romanesti,24
107485,243,3,Botiza,24
107494,107485,22,Botiza,24
107519,243,3,Budesti,24
107528,107519,22,Budesti,24
107537,107519,23,Sarbi,24
107546,243,3,Calinesti,24
107555,107546,22,Calinesti,24
107564,107546,23,Cornesti,24
107573,107546,23,Valeni,24
107715,243,3,Campulung La Tisa,24
107724,107715,22,Campulung La Tisa,24
107582,243,3,Cernesti,24
107591,107582,22,Cernesti,24
107608,107582,23,Brebeni,24
107617,107582,23,Ciocotis,24
107626,107582,23,Fanate,24
107635,107582,23,Izvoarele,24
107644,107582,23,Magureni,24
107653,107582,23,Trestia,24
107662,243,3,Cicarlau,24
107671,107662,22,Cicarlau,24
107680,107662,23,Bargau,24
107699,107662,23,Handalu Ilbei,24
107706,107662,23,Ilba,24
107733,243,3,Copalnic-Manastur,24
107742,107733,22,Copalnic-Manastur,24
107751,107733,23,Berinta,24
107760,107733,23,Carpinis,24
107779,107733,23,Copalnic,24
107788,107733,23,Copalnic-Deal,24
107797,107733,23,Curtuiusu Mic,24
107804,107733,23,Fauresti,24
107813,107733,23,Laschia,24
107822,107733,23,Preluca Noua,24
107831,107733,23,Preluca Veche,24
107840,107733,23,Rusor,24
107859,107733,23,Vad,24
107868,243,3,Coroieni,24
107877,107868,22,Coroieni,24
107886,107868,23,Baba,24
107895,107868,23,Dealu Mare,24
107902,107868,23,Draghia,24
107911,107868,23,Valenii Lapusului,24
107920,243,3,Cupseni,24
107939,107920,22,Cupseni,24
107948,107920,23,Costeni,24
107957,107920,23,Libotin,24
107966,107920,23,Ungureni,24
107975,243,3,Desesti,24
107984,107975,22,Desesti,24
107993,107975,23,Harnicesti,24
108008,107975,23,Mara,24
108017,243,2,Oras Dragomiresti,24
108026,108017,17,Dragomiresti,24
108035,243,3,Dumbravita,24
108044,108035,22,Dumbravita,24
108053,108035,23,Carbunari,24
108062,108035,23,Chechis,24
108071,108035,23,Rus,24
108080,108035,23,Sandresti,24
108099,108035,23,Unguras,24
108106,243,3,Farcasa,24
108115,108106,22,Farcasa,24
108124,108106,23,Buzesti,24
108133,108106,23,Sarbi,24
108142,108106,23,Tamaia,24
108151,243,3,Giulesti,24
108160,108151,22,Giulesti,24
108179,108151,23,Berbesti,24
108188,108151,23,Feresti,24
108197,108151,23,Manastirea,24
106363,243,3,Grosi,24
106372,106363,22,Grosi,24
106381,106363,23,Ocolis,24
106390,106363,23,Satu Nou De Jos,24
108204,243,3,Ieud,24
108213,108204,22,Ieud,24
108222,243,3,Lapus,24
108231,108222,22,Lapus,24
108240,243,3,Leordina,24
108259,108240,22,Leordina,24
108268,243,3,Miresu Mare,24
108277,108268,22,Miresu Mare,24
108286,108268,23,Danestii Chioarului,24
108295,108268,23,Iadara,24
108302,108268,23,Lucacesti,24
108311,108268,23,Remeti Pe Somes,24
108320,108268,23,Stejera,24
108339,108268,23,Tulghies,24
108348,243,3,Moisei,24
108357,108348,22,Moisei,24
108366,243,3,Oarta De Jos,24
108375,108366,22,Oarta De Jos,24
108384,108366,23,Oarta De Sus,24
108393,108366,23,Ortita,24
108400,243,3,Ocna Sugatag,24
108419,108400,22,Ocna Sugatag,24
108428,108400,23,Breb,24
108437,108400,23,Hoteni,24
108446,108400,23,Sat-Sugatag,24
108455,243,3,Petrova,24
108464,108455,22,Petrova,24
108473,243,3,Poienile De Sub Munte,24
108482,108473,22,Poienile De Sub Munte,24
179604,243,3,Poienile Izei,24
107500,179604,22,Poienile Izei,24
106407,243,3,Recea,24
106416,106407,22,Recea,24
106425,106407,23,Bozanta Mica,24
106434,106407,23,Lapusel,24
106443,106407,23,Mocira,24
106452,106407,23,Sasar,24
108491,243,3,Remetea Chioarului,24
108507,108491,22,Remetea Chioarului,24
108516,108491,23,Berchez,24
108525,108491,23,Berchezoaia,24
108534,108491,23,Posta,24
108543,108491,23,Remecioara,24
108552,243,3,Remeti,24
108561,108552,22,Remeti,24
108570,108552,23,Piatra,24
108589,108552,23,Teceu Mic,24
108598,243,3,Repedea,24
108605,108598,22,Repedea,24
108614,243,3,Rona De Jos,24
108623,108614,22,Rona De Jos,24
108632,243,3,Rona De Sus,24
108641,108632,22,Rona De Sus,24
108650,108632,23,Costiui,24
108669,243,3,Rozavlea,24
108678,108669,22,Rozavlea,24
108687,179613,22,Sieu,24
108696,243,3,Ruscova,24
108703,108696,22,Ruscova,24
108794,243,3,Sacalaseni,24
108801,108794,22,Sacalaseni,24
108810,179846,23,Catalina,24
108829,179837,22,Coas,24
108838,179846,22,Coltau,24
108847,108794,23,Coruia,24
108856,108794,23,Culcea,24
108865,179837,23,Intrerauri,24
108874,243,3,Sacel,24
108883,108874,22,Sacel,24
108892,243,2,Oras Salistea De Sus,24
108909,108892,17,Salistea De Sus,24
108918,243,3,Salsig,24
108927,108918,22,Salsig,24
108936,179855,22,Gardani,24
108945,243,3,Sapanta,24
108954,108945,22,Sapanta,24
106620,243,3,Sarasau,24
106639,106620,22,Sarasau,24
108712,243,3,Satulung,24
108721,108712,22,Satulung,24
108730,108712,23,Ariesu De Padure,24
108749,108712,23,Fersig,24
108758,108712,23,Finteusu Mic,24
108767,108712,23,Hideaga,24
108776,108712,23,Mogosesti,24
108785,108712,23,Pribilesti,24
109096,243,3,Sisesti,24
109103,109096,22,Sisesti,24
109112,109096,23,Bontaieni,24
109121,109096,23,Cetatele,24
109130,109096,23,Danesti,24
109149,109096,23,Negreia,24
109158,109096,23,Plopis,24
109167,109096,23,Surdesti,24
109176,243,2,Oras Somcuta Mare,24
109185,109176,17,Somcuta Mare,24
109194,109176,18,Buciumi,24
109201,109176,19,Buteasa,24
109210,109176,18,Ciolt,24
109229,109176,19,Codru Butesii,24
109238,109176,19,Finteusu Mare,24
109247,109176,18,Hovrila,24
109256,109176,18,Valenii Somcutei,24
109005,243,3,Stramtura,24
109014,109005,22,Stramtura,24
109023,109005,23,Glod,24
109032,109005,23,Slatioara,24
109041,243,3,Suciu De Sus,24
109050,109041,22,Suciu De Sus,24
109069,179622,22,Grosii Tiblesului,24
109078,109041,23,Larga,24
109087,109041,23,Suciu De Jos,24
106461,243,2,Oras Tautii-Magheraus,24
106470,106461,17,Tautii-Magheraus,24
106489,106461,18,Baita,24
106498,106461,19,Bozanta Mare,24
106504,106461,18,Busag,24
106513,106461,19,Merisor,24
106522,106461,18,Nistru,24
106531,106461,19,Ulmoasa,24
109265,243,2,Oras Ulmeni,24
109274,109265,17,Ulmeni,24
109283,109265,19,Arduzel,24
109292,109265,19,Chelinta,24
109309,109265,19,Manau,24
109318,109265,19,Somes-Uileac,24
109336,109265,19,Ticau,24
109327,109265,18,Tohat,24
109345,109265,19,Vicea,24
106648,243,3,Vadu Izei,24
106657,106648,22,Vadu Izei,24
106666,106648,23,Valea Stejarului,24
109354,243,3,Valea Chioarului,24
109363,109354,22,Valea Chioarului,24
109372,109354,23,Curtuiusu Mare,24
109381,109354,23,Durusa,24
109390,109354,23,Fericea,24
109407,109354,23,Mesteacan,24
109416,109354,23,Varai,24
109425,243,3,Vima Mica,24
109434,109425,22,Vima Mica,24
109443,109425,23,Aspra,24
109452,109425,23,Dealu Corbului,24
109461,109425,23,Jugastreni,24
109470,109425,23,Peteritea,24
109489,109425,23,Salnita,24
109498,109425,23,Vima Mare,24
109504,243,3,Viseu De Jos,24
109513,109504,22,Viseu De Jos,24
109773,252,1,Mun. Drobeta-Turnu Severin,25
109782,109773,9,Drobeta-Turnu Severin,25
109808,109773,10,Dudasu Schelei,25
109791,109773,10,Gura Vaii,25
109817,109773,10,Schela Cladovei,25
109924,252,2,Oras Baia De Arama,25
109933,109924,17,Baia De Arama,25
109942,109924,19,Bratilovu,25
109951,109924,19,Brebina,25
109960,109924,19,Dealu Mare,25
109979,109924,19,Marasesti,25
109988,109924,19,Negoesti,25
109997,109924,19,Pistrita,25
110009,109924,19,Stanesti,25
110018,109924,19,Titerlesti,25
110063,252,4,Mun. Orsova,25
110072,110063,9,Orsova,25
110116,252,2,Oras Strehaia,25
110125,110116,17,Strehaia,25
110134,110116,18,Ciochiuta,25
110143,110116,18,Comanda,25
110152,110116,18,Hurducesti,25
110161,110116,18,Lunca Banului,25
110198,110116,19,Menti,25
110205,110116,19,Motruleni,25
110170,110116,18,Slatinicu Mare,25
110189,110116,18,Slatinicu Mic,25
110214,110116,19,Stancesti,25
110232,252,2,Oras Vanju Mare,25
110241,110232,17,Vanju Mare,25
110250,110232,19,Bucura,25
110269,110232,19,Nicolae Balcescu,25
110278,110232,19,Orevita Mare,25
110287,110232,19,Traian,25
110571,252,3,Bacles,25
110580,110571,22,Bacles,25
110615,110571,23,Corzu,25
110624,110571,23,Giura,25
110633,110571,23,Petra,25
110642,110571,23,Podu Grosului,25
110651,110571,23,Selistiuta,25
110660,110571,23,Smadovita,25
110296,252,3,Bala,25
110303,110296,22,Bala,25
110312,110296,23,Bala De Sus,25
110321,110296,23,Bratesul,25
110330,110296,23,Brativoesti,25
110349,110296,23,Campu Mare,25
110358,110296,23,Carsu,25
110367,110296,23,Comanesti,25
110376,110296,23,Crainici,25
110385,110296,23,Dalma,25
110394,110296,23,Iupca,25
110401,110296,23,Molani,25
110410,110296,23,Rudina,25
110429,110296,23,Runcusoru,25
110438,110296,23,Sardanesti,25
110447,110296,23,Vidimiresti,25
110535,252,3,Balacita,25
110544,110535,22,Balacita,25
110553,110535,23,Dobra,25
110562,110535,23,Gvardinita,25
110456,252,3,Balta,25
110465,110456,22,Balta,25
110474,110456,23,Coada Cornetului,25
110483,110456,23,Costesti,25
110492,110456,23,Gornovita,25
110508,110456,23,Nevatu,25
110517,110456,23,Prejna,25
110526,110456,23,Sfodea,25
110688,252,3,Balvanesti,25
110697,110688,22,Balvanesti,25
110704,110688,23,Balvanestii De Jos,25
110713,110688,23,Calinestii De Jos,25
110722,110688,23,Calinestii De Sus,25
110731,110688,23,Parlagele,25
110740,252,3,Breznita-Motru,25
110759,110740,22,Breznita-Motru,25
110768,110740,23,Cosovat,25
110777,110740,23,Deleni,25
110786,110740,23,Fauroaia,25
110795,110740,23,Plai,25
110802,110740,23,Talapanu,25
110811,110740,23,Valea Teiului,25
110820,252,3,Breznita-Ocol,25
110839,110820,22,Breznita-Ocol,25
110848,110820,23,Jidostita,25
110857,110820,23,Magheru,25
110866,110820,23,Susita,25
110875,252,3,Brosteni,25
110884,110875,22,Brosteni,25
110893,110875,23,Capatanesti,25
110900,110875,23,Luncsoara,25
110919,110875,23,Lupsa De Jos,25
110928,110875,23,Lupsa De Sus,25
110937,110875,23,Meris,25
110946,252,3,Burila Mare,25
110955,110946,22,Burila Mare,25
110964,110946,23,Crivina,25
110973,110946,23,Izvoru Frumos,25
110982,110946,23,Tiganasi,25
110991,110946,23,Vrancea,25
111006,252,3,Butoiesti,25
111015,111006,22,Butoiesti,25
111024,111006,23,Arginesti,25
111033,111006,23,Buicesti,25
111042,111006,23,Gura Motrului,25
111051,111006,23,Jugastru,25
111060,111006,23,Pluta,25
111079,111006,23,Radutesti,25
111088,111006,23,Tantaru,25
111097,252,3,Cazanesti,25
111104,111097,22,Cazanesti,25
111113,111097,23,Ercea,25
111122,111097,23,Garbovatu De Sus,25
111131,111097,23,Govodarva,25
111140,111097,23,Ilovu,25
111159,111097,23,Jignita,25
111168,111097,23,Paltinisu,25
111177,111097,23,Poiana,25
111186,111097,23,Rosia,25
111195,111097,23,Severinesti,25
111202,111097,23,Suharu,25
111211,111097,23,Valea Cosustei,25
111220,252,3,Ciresu,25
111239,111220,22,Ciresu,25
111248,111220,23,Bunoaica,25
111257,111220,23,Jupanesti,25
111266,111220,23,Negrusa,25
111275,252,3,Corcova,25
111284,111275,22,Corcova,25
111293,111275,23,Breta,25
111300,111275,23,Cernaia,25
111319,111275,23,Cordun,25
111328,111275,23,Croica,25
111337,111275,23,Garbovatu De Jos,25
111346,111275,23,Imoasa,25
111355,111275,23,Jirov,25
111364,111275,23,Maru Rosu,25
111373,111275,23,Parvulesti,25
111382,111275,23,Puscasu,25
111391,111275,23,Stejaru,25
111408,111275,23,Vladasesti,25
111417,252,3,Corlatel,25
111426,111417,22,Corlatel,25
111435,111417,23,Valea Anilor,25
111444,252,3,Cujmir,25
111453,111444,22,Cujmir,25
111462,111444,23,Aurora,25
111471,111444,23,Cujmiru Mic,25
111550,252,3,Darvari,25
111569,111550,22,Darvari,25
111578,111550,23,Gemeni,25
111480,252,3,Devesel,25
111499,111480,22,Devesel,25
111505,111480,23,Batoti,25
111514,111480,23,Bistretu,25
111523,111480,23,Dunarea Mica,25
111532,111480,23,Scapau,25
111541,111480,23,Tismana,25
112904,252,3,Dubova,25
112931,112904,22,Dubova,25
112922,112904,23,Baia Noua,25
112940,112904,23,Eibenthal,25
111587,252,3,Dumbrava,25
111596,111587,22,Dumbrava De Jos,25
111603,111587,23,Albulesti,25
110606,111587,23,Bragleasa,25
111612,111587,23,Dumbrava De Mijloc,25
111621,111587,23,Dumbrava De Sus,25
111630,111587,23,Golineasa,25
111649,111587,23,Higiu,25
111658,111587,23,Rocsoreni,25
111667,111587,23,Valea Marcului,25
111676,111587,23,Varodia,25
110679,111587,23,Vladica,25
112245,252,3,Eselnita,25
112254,112245,22,Eselnita,25
111685,252,3,Floresti,25
111694,111685,22,Floresti,25
111701,111685,23,Copacioasa,25
111710,111685,23,Gardoaia,25
111729,111685,23,Livezi,25
111738,111685,23,Mosneni,25
111747,111685,23,Pesteana,25
111756,111685,23,Pestenuta,25
111765,111685,23,Stroesti,25
111774,111685,23,Zegujani,25
111783,252,3,Garla Mare,25
111792,111783,22,Garla Mare,25
111809,114079,22,Vrata,25
111818,252,3,Godeanu,25
111827,111818,22,Godeanu,25
111836,111818,23,Marga,25
111845,111818,23,Paunesti,25
111854,111818,23,Siroca,25
111863,252,3,Gogosu,25
111872,111863,22,Gogosu,25
111881,111863,23,Balta Verde,25
111890,111863,23,Burila Mica,25
111907,111863,23,Ostrovu Mare,25
111916,252,3,Greci,25
111925,111916,22,Greci,25
111934,111916,23,Baltanele,25
111943,111916,23,Blidaru,25
111952,111916,23,Salatruc,25
111961,111916,23,Valea Petrii,25
111970,111916,23,Visina,25
111989,252,3,Grozesti,25
111998,111989,22,Grozesti,25
112003,111989,23,Carceni,25
112012,111989,23,Pasarani,25
112021,111989,23,Susita,25
112030,252,3,Gruia,25
112049,112030,22,Gruia,25
112058,112030,23,Izvoarele,25
112067,112030,23,Poiana Gruii,25
112076,252,3,Hinova,25
112085,112076,22,Hinova,25
112094,112076,23,Bistrita,25
112101,112076,23,Carjei,25
112110,112076,23,Ostrovu Corbului,25
112129,252,3,Husnicioara,25
112138,112129,22,Husnicioara,25
112147,112129,23,Alunisul,25
112156,112129,23,Baditesti,25
112165,112129,23,Borogea,25
112174,112129,23,Celnata,25
112183,112129,23,Dumbravita,25
112192,112129,23,Marmanu,25
112209,112129,23,Opranesti,25
112218,112129,23,Peri,25
112227,112129,23,Priboiesti,25
112236,112129,23,Selisteni,25
112263,252,3,Ilovat,25
112272,112263,22,Ilovat,25
112281,112263,23,Budanesti,25
112290,112263,23,Cracu Lung,25
112307,112263,23,Dalbocita,25
112316,112263,23,Firizu,25
112325,112263,23,Racova,25
112334,252,3,Ilovita,25
112343,112334,22,Ilovita,25
112352,112334,23,Bahna,25
112361,112334,23,Moisesti,25
112370,252,3,Isverna,25
112389,112370,22,Isverna,25
112398,112370,23,Busesti,25
112405,112370,23,Cerna-Virf,25
112414,112370,23,Draghesti,25
112423,112370,23,Giurgiani,25
112432,112370,23,Nadanova,25
112441,112370,23,Selistea,25
112450,112370,23,Turtaba,25
112469,252,3,Izvoru Barzii,25
112478,112469,22,Izvoru Barzii,25
112487,112469,23,Balotesti,25
112496,112469,23,Halanga,25
112502,112469,23,Putinei,25
112511,112469,23,Rascolesti,25
112520,112469,23,Schinteiesti,25
112539,112469,23,Schitu Topolnitei,25
112548,252,3,Jiana,25
112557,112548,22,Jiana,25
112566,112548,23,Cioroboreni,25
112575,112548,23,Danceu,25
112584,112548,23,Jiana Mare,25
112593,112548,23,Jiana Veche,25
112600,252,3,Livezile,25
112619,112600,22,Livezile,25
112628,112600,23,Izvoralu De Jos,25
112637,112600,23,Izvoru Anestilor,25
112646,112600,23,Petris,25
112655,112600,23,Stefan Odobleja,25
112664,252,3,Malovat,25
112673,112664,22,Malovat,25
112735,112664,23,23-Aug,25
112726,112664,23,Barda,25
112682,112664,23,Bobaita,25
112691,112664,23,Colibasi,25
112708,112664,23,Lazu,25
112717,112664,23,Negresti,25
112744,252,3,Obarsia De Camp,25
112753,112744,22,Obarsia De Camp,25
112762,112744,23,Izimsa,25
110027,252,3,Obarsia-Closani,25
110036,110027,22,Obarsia-Closani,25
110045,110027,23,Godeanu,25
112771,252,3,Oprisor,25
112780,112771,22,Oprisor,25
112799,112771,23,Prisaceaua,25
112806,252,3,Padina,25
112815,112806,22,Padina Mare,25
112824,112806,23,Biban,25
112833,112806,23,Iablanita,25
112842,112806,23,Olteanca,25
112851,112806,23,Padina Mica,25
112860,112806,23,Slasoma,25
112879,252,3,Patulele,25
112888,112879,22,Patulele,25
112897,112879,23,Viasu,25
112959,252,3,Podeni,25
112968,112959,22,Podeni,25
112977,112959,23,Gornenti,25
112986,112959,23,Malarisca,25
112995,252,3,Ponoarele,25
113000,112995,22,Ponoarele,25
113019,112995,23,Baluta,25
113028,112995,23,Baraiacu,25
113037,112995,23,Branzeni,25
113046,112995,23,Buicani,25
113055,112995,23,Ceptureni,25
113064,112995,23,Cracu Muntelui,25
113073,112995,23,Delureni,25
113082,112995,23,Gardaneasa,25
113091,112995,23,Gheorghesti,25
113108,112995,23,Ludu,25
113117,112995,23,Proitesti,25
113126,112995,23,Raiculesti,25
113135,112995,23,Sipotu,25
113144,112995,23,Valea Ursului,25
113153,252,3,Poroina Mare,25
113162,113153,22,Poroina Mare,25
113171,113153,23,Fantanile Negre,25
113199,113153,23,Sipotu,25
113180,113153,23,Stignita,25
113206,252,3,Pristol,25
113215,113206,22,Pristol,25
113224,113206,23,Cozia,25
113233,252,3,Prunisor,25
113242,113233,22,Prunisor,25
113251,113233,23,Arvatesti,25
113260,113233,23,Balota,25
113279,113233,23,Baltanele,25
113288,113233,23,Cervenita,25
113297,113233,23,Dragotesti,25
113304,113233,23,Fantana Domneasca,25
113322,113233,23,Garnita,25
113313,113233,23,Ghelmegioaia,25
113331,113233,23,Gutu,25
113340,113233,23,Igiroasa,25
113359,113233,23,Lumnic,25
113368,113233,23,Mijarca,25
113377,113233,23,Prunaru,25
113386,113233,23,Zegaia,25
113395,252,3,Punghina,25
113402,113395,22,Punghina,25
113411,113395,23,Cearangu,25
113420,113395,23,Drincea,25
113439,113395,23,Magurele,25
113448,113395,23,Recea,25
113457,113395,23,Satu Nou,25
113466,252,3,Rogova,25
113475,113466,22,Rogova,25
113484,113466,23,Poroinita,25
113493,252,3,Salcia,25
113509,113493,22,Salcia,25
109826,252,3,Simian,25
109835,109826,22,Simian,25
109844,109826,23,Cerneti,25
109853,109826,23,Dedovita Noua,25
109862,109826,23,Dedovita Veche,25
109871,109826,23,Dudasu,25
109880,109826,23,Erghevita,25
109899,109826,23,Poroina,25
109906,109826,23,Valea Copcii,25
113625,252,3,Sisesti,25
113634,113625,22,Sisesti,25
113643,113625,23,Caramidaru,25
113652,113625,23,Ciovarnasani,25
113661,113625,23,Cocorova,25
113670,113625,23,Craguesti,25
113689,113625,23,Noaptesa,25
113698,252,3,Sovarna,25
113705,113698,22,Sovarna,25
113714,113698,23,Ohaba,25
113723,113698,23,Studina,25
113518,252,3,Stangaceaua,25
113527,113518,22,Stangaceaua,25
113536,113518,23,Barlogeni,25
113545,113518,23,Breznicioara,25
113554,113518,23,Ceranganul,25
113563,113518,23,Fata Motrului,25
113572,113518,23,Posta Veche,25
113581,113518,23,Satu Mare,25
113590,113518,23,Tarsa,25
113607,252,3,Svinita,25
113616,113607,22,Svinita,25
113732,252,3,Tamna,25
113741,113732,22,Tamna,25
110599,113732,23,Adunatii Teiului,25
113750,113732,23,Boceni,25
113769,113732,23,Colaret,25
113778,113732,23,Cremenea,25
113787,113732,23,Fata Cremenii,25
113796,113732,23,Izvoralu,25
113803,113732,23,Manu,25
113812,113732,23,Pavat,25
113821,113732,23,Plopi,25
113830,113732,23,Valea Ursului,25
113849,252,3,Vanatori,25
113858,113849,22,Vanatori,25
113867,114060,22,Branistea,25
113876,114060,23,Goanta,25
113885,113849,23,Rosiori,25
113894,252,3,Vanjulet,25
113901,113894,22,Vanjulet,25
113910,113894,23,Hotarani,25
113929,252,3,Vladaia,25
113938,113929,22,Vladaia,25
113947,113929,23,Almajel,25
113956,113929,23,Scorila,25
113965,113929,23,Stircovita,25
113974,252,3,Voloiac,25
113983,113974,22,Voloiac,25
113992,113974,23,Cotoroaia,25
114006,113974,23,Lac,25
114015,113974,23,Ruptura,25
114024,113974,23,Sperlesti,25
114033,113974,23,Titirigi,25
114042,113974,23,Valea Buna,25
114051,113974,23,Voloicel,25
114319,261,1,Mun. Targu Mures,26
114328,114319,9,Targu Mures,26
114337,114319,10,Mureseni,26
114346,114319,10,Remetea,26
114809,261,4,Mun. Reghin,26
114818,114809,9,Reghin,26
114827,114809,10,Apalina,26
114836,114809,10,Iernuteni,26
114514,261,4,Mun. Sighisoara,26
114523,114514,9,Sighisoara,26
114532,114514,10,Angofa,26
114541,114514,10,Aurel Vlaicu,26
114596,114514,11,Hetiur,26
114550,114514,10,Rora,26
114569,114514,10,Soromiclea,26
114578,114514,10,Venchi,26
114587,114514,10,Viilor,26
117827,261,2,Oras Iernut,26
117836,117827,17,Iernut,26
117845,117827,19,Cipau,26
117854,117827,19,Deag,26
117863,117827,19,Lechinta,26
117872,117827,19,Oarba De Mures,26
117881,117827,19,Porumbac,26
117890,117827,19,Racamet,26
117907,117827,19,Salcud,26
117916,117827,19,Sfantu Gheorghe,26
114710,261,2,Oras Ludus,26
114729,114710,17,Ludus,26
114738,114710,18,Avramesti,26
114747,114710,18,Cioarga,26
114756,114710,18,Ciurgau,26
114765,114710,18,Fundatura,26
114774,114710,18,Gheja,26
114783,114710,18,Rosiori,26
114854,261,2,Oras Sovata,26
114863,114854,17,Sovata,26
114872,114854,18,Capeti,26
114881,114854,18,Iliesi,26
114890,114854,18,Sacadat,26
114907,120496,22,Sarateni,26
114925,261,4,Mun. Tarnaveni,26
114934,114925,9,Tarnaveni,26
114961,114925,11,Bobohalma,26
114943,114925,10,Botorca,26
114970,261,3,Acatari,26
114989,114970,22,Acatari,26
114998,114970,23,Corbesti,26
115003,114970,23,Gaiesti,26
115012,114970,23,Gruisor,26
115021,114970,23,Murgesti,26
115030,114970,23,Roteni,26
115049,114970,23,Stejeris,26
115058,114970,23,Suveica,26
115067,114970,23,Valenii,26
115076,261,3,Adamus,26
115085,115076,22,Adamus,26
115094,115076,23,Chincius,26
115101,115076,23,Cornesti,26
115110,115076,23,Craiesti,26
115129,115076,23,Dambau,26
115138,115076,23,Herepea,26
114603,261,3,Albesti,26
114612,114603,22,Albesti,26
114621,114603,23,Barlibasoaia,26
114630,114603,23,Boiu,26
114649,114603,23,Jacu,26
114658,114603,23,Sapartoc,26
114667,114603,23,Topa,26
114676,114603,23,Valea Albestiului,26
114685,114603,23,Valea Daii,26
114694,114603,23,Valea Sapartocului,26
115147,261,3,Alunis,26
115156,115147,22,Alunis,26
115165,115147,23,Fitcau,26
115174,115147,23,Lunca Muresului,26
115183,261,3,Apold,26
115192,115183,22,Apold,26
115209,115183,23,Daia,26
115218,115183,23,Saes,26
115227,115183,23,Vulcan,26
115236,261,3,Atintis,26
115245,115236,22,Atintis,26
115254,115236,23,Botez,26
115263,115236,23,Cecalaca,26
115272,115236,23,Istihaza,26
115281,115236,23,Maldaoci,26
115290,115236,23,Saniacob,26
115575,261,3,Bagaciu,26
115584,115575,22,Bagaciu,26
115593,115575,23,Delenii,26
115307,261,3,Bahnea,26
115316,115307,22,Bahnea,26
115325,115307,23,Bernadea,26
115334,115307,23,Cund,26
115343,115307,23,Daia,26
115352,115307,23,Gogan,26
115361,115307,23,Idiciu,26
115370,115307,23,Lepindea,26
115600,261,3,Bala,26
115619,115600,22,Bala,26
115628,115600,23,Ercea,26
115637,261,3,Balauseri,26
115646,115637,22,Balauseri,26
115655,115637,23,Agristeu,26
115664,115637,23,Chendu,26
115673,115637,23,Dumitreni,26
115682,115637,23,Filitelnic,26
115691,115637,23,Senereus,26
115389,261,3,Band,26
115398,115389,22,Band,26
115405,115389,23,Draculea Bandului,26
115414,115389,23,Fanate,26
115423,115389,23,Fanatele Madarasului,26
115432,115389,23,Istan-Tau,26
115441,120502,22,Madaras,26
115450,115389,23,Marasesti,26
115469,115389,23,Negrenii De Campie,26
115478,115389,23,Oroiu,26
115487,115389,23,Petea,26
115496,115389,23,Tiptelnic,26
115502,115389,23,Valea Mare,26
115511,115389,23,Valea Rece,26
115520,261,3,Batos,26
115539,115520,22,Batos,26
115548,115520,23,Dedrad,26
115557,115520,23,Goreni,26
115566,115520,23,Uila,26
115708,261,3,Beica De Jos,26
115717,115708,22,Beica De Jos,26
115726,115708,23,Beica De Sus,26
115735,115708,23,Cacuciu,26
115744,115708,23,Nadasa,26
115753,115708,23,Sanmihai De Padure,26
115762,115708,23,Serbeni,26
115771,261,3,Bichis,26
115780,115771,22,Bichis,26
115799,115771,23,Gambut,26
115806,115771,23,Nandra,26
115815,115771,23,Ozd,26
115824,261,3,Bogata,26
115833,115824,22,Bogata,26
115842,115824,23,Ranta,26
115897,261,3,Brancovenesti,26
115904,115897,22,Brancovenesti,26
115913,115897,23,Idicel,26
115922,115897,23,Idicel-Padure,26
115931,115897,23,Sacalu De Padure,26
115940,115897,23,Valenii De Mures,26
115851,261,3,Breaza,26
115860,115851,22,Breaza,26
115879,115851,23,Filpisu Mare,26
115888,115851,23,Filpisu Mic,26
115959,261,3,Ceuasu De Campie,26
115968,115959,22,Ceuasu De Campie,26
115977,115959,23,Bozed,26
115986,115959,23,Campenita,26
115995,115959,23,Culpiu,26
116000,115959,23,Herghelia,26
116019,115959,23,Porumbeni,26
116028,115959,23,Sabed,26
116037,115959,23,Voiniceni,26
116046,261,3,Chetani,26
116055,116046,22,Chetani,26
116064,116046,23,Coasta Grindului,26
116073,116046,23,Cordos,26
116082,116046,23,Giurgis,26
116091,116046,23,Grindeni,26
116108,116046,23,Hadareni,26
116117,116046,23,Lint,26
116126,261,3,Chiheru De Jos,26
116135,116126,22,Chiheru De Jos,26
116144,116126,23,Chiheru De Sus,26
116153,116126,23,Urisiu De Jos,26
116162,116126,23,Urisiu De Sus,26
116171,261,3,Coroisanmartin,26
116180,116171,22,Coroisanmartin,26
116199,116171,23,Coroi,26
116206,116171,23,Odrihei,26
116215,116171,23,Soimus,26
116224,261,3,Cozma,26
116233,116224,22,Cozma,26
116242,116224,23,Fanatele Socolului,26
116251,116224,23,Socolu De Campie,26
116260,116224,23,Valea Sasului,26
116279,116224,23,Valea Ungurului,26
116288,261,3,Craciunesti,26
116297,116288,22,Craciunesti,26
116304,116288,23,Budiu Mic,26
116313,116288,23,Cinta,26
116322,116288,23,Cornesti,26
116331,116288,23,Tirimioara,26
116340,261,3,Craiesti,26
116359,116340,22,Craiesti,26
116368,116340,23,Lefaia,26
116377,116340,23,Milasel,26
116386,116340,23,Nima Milaselului,26
114355,261,3,Cristesti,26
114364,114355,22,Cristesti,26
114373,114355,23,Valureni,26
116395,261,3,Cucerdea,26
116402,116395,22,Cucerdea,26
116411,116395,23,Bord,26
116420,116395,23,Seulia De Mures,26
116439,261,3,Cuci,26
116448,116439,22,Cuci,26
116457,116439,23,Dataseni,26
116466,116439,23,Dupa Deal,26
116475,116439,23,Orosia,26
116484,116439,23,Petrilaca,26
116493,261,3,Danes,26
116509,116493,22,Danes,26
116518,116493,23,Cris,26
116527,116493,23,Seleus,26
116536,116493,23,Stejarenii,26
116545,261,3,Deda,26
116554,116545,22,Deda,26
116563,116545,23,Bistra Muresului,26
116572,116545,23,Filea,26
116581,116545,23,Pietris,26
116590,261,3,Eremitu,26
116607,116590,22,Eremitu,26
116616,116590,23,Calugareni,26
116625,116590,23,Campu Cetatii,26
116634,116590,23,Damieni,26
116643,116590,23,Matrici,26
116652,261,3,Ernei,26
116661,116652,22,Ernei,26
116670,116652,23,Caluseri,26
116689,116652,23,Dumbravioara,26
116698,116652,23,Icland,26
116705,116652,23,Sacareni,26
116714,116652,23,Sangeru De Padure,26
116796,261,3,Fantanele,26
116803,116796,22,Fantanele,26
116812,116796,23,Bordosiu,26
116821,116796,23,Calimanesti,26
116830,116796,23,Cibu,26
116849,116796,23,Roua,26
116858,116796,23,Viforoasa,26
116723,261,3,Faragau,26
116732,116723,22,Faragau,26
116741,116723,23,Fanate,26
116750,116723,23,Hodaia,26
116769,116723,23,Onuca,26
116778,116723,23,Poarta,26
116787,116723,23,Tonciu,26
116867,261,3,Galesti,26
116876,116867,22,Galesti,26
116885,116867,23,Adrianu Mare,26
116894,116867,23,Adrianu Mic,26
116901,116867,23,Bedeni,26
116910,116867,23,Maiad,26
116929,116867,23,Troita,26
116938,261,3,Ganesti,26
116947,116938,22,Ganesti,26
116956,114925,11,Custelnic,26
116965,116938,23,Paucisoara,26
116974,116938,23,Sub Padure,26
116983,261,3,Gheorghe Doja,26
116992,116983,22,Gheorghe Doja,26
117006,116983,23,Ilieni,26
117015,116983,23,Leordeni,26
117024,116983,23,Satu Nou,26
117033,116983,23,Tirimia,26
117042,261,3,Ghindari,26
117051,117042,22,Ghindari,26
117060,117042,23,Abud,26
117079,117042,23,Ceie,26
117088,120478,22,Chibed,26
117097,117042,23,Solocma,26
117104,117042,23,Trei Sate,26
117113,261,3,Glodeni,26
117122,117113,22,Glodeni,26
117131,117113,23,Merisor,26
117140,117113,23,Moisa,26
117159,117113,23,Pacureni,26
117168,117113,23,Paingeni,26
117177,261,3,Gornesti,26
117186,117177,22,Gornesti,26
117195,117177,23,Iara De Mures,26
117202,117177,23,Ilioara,26
117211,117177,23,Mura Mare,26
117220,117177,23,Mura Mica,26
117239,117177,23,Padureni,26
117248,117177,23,Peris,26
117257,117177,23,Petrilaca De Mures,26
117266,117177,23,Teleac,26
117275,261,3,Grebenisu De Campie,26
117284,117275,22,Grebenisu De Campie,26
117293,117275,23,Leorinta,26
117300,117275,23,Valea Sanpetrului,26
117319,261,3,Gurghiu,26
117328,117319,22,Gurghiu,26
117337,117319,23,Adrian,26
117346,117319,23,Casva,26
117355,117319,23,Comori,26
117364,117319,23,Fundoaia,26
117373,117319,23,Glajarie,26
117382,117319,23,Larga,26
117391,117319,23,Orsova,26
117408,117319,23,Orsova-Padure,26
117417,117319,23,Pauloaia,26
117426,261,3,Hodac,26
117435,117426,22,Hodac,26
117444,117426,23,Arsita,26
117453,117426,23,Bicasu,26
117462,117426,23,Dubistea De Padure,26
117471,117426,23,Mirigioaia,26
117480,117426,23,Toaca,26
117499,117426,23,Uricea,26
117505,261,3,Hodosa,26
117514,117505,22,Hodosa,26
117523,117505,23,Ihod,26
117532,117505,23,Isla,26
117541,117505,23,Sambrias,26
117550,261,3,Ibanesti,26
117569,117550,22,Ibanesti,26
117578,117550,23,Blidireasa,26
117587,117550,23,Bradetelu,26
117596,117550,23,Dulcea,26
117603,117550,23,Ibanesti-Padure,26
117612,117550,23,Lapusna,26
117621,117550,23,Parau Mare,26
117630,117550,23,Tireu,26
117649,117550,23,Tisieu,26
117658,117550,23,Zimti,26
117667,261,3,Iclanzel,26
117676,117667,22,Iclanzel,26
117685,117667,23,Capusu De Campie,26
117694,117667,23,Chisalita,26
117701,117667,23,Dupa Deal,26
117710,117667,23,Fanate,26
117729,117667,23,Fanatele Capusului,26
117738,117667,23,Ghidasteu,26
117747,117667,23,Iclandu Mare,26
117756,117667,23,Madaraseni,26
117765,117667,23,Tablaseni,26
117774,117667,23,Valea Iclandului,26
117783,261,3,Ideciu De Jos,26
117792,117783,22,Ideciu De Jos,26
117809,117783,23,Deleni,26
117818,117783,23,Ideciu De Sus,26
117925,261,3,Livezeni,26
117934,117925,22,Livezeni,26
117943,120487,23,Bozeni,26
117952,120487,22,Corunca,26
117961,117925,23,Ivanesti,26
117970,117925,23,Poienita,26
117989,117925,23,Sanisor,26
117998,261,3,Lunca,26
118003,117998,22,Lunca,26
118012,117998,23,Baita,26
118021,117998,23,Frunzeni,26
118030,117998,23,Logig,26
118049,117998,23,Santu,26
118058,261,3,Lunca Bradului,26
118067,118058,22,Lunca Bradului,26
118076,118058,23,Neagra,26
118085,118058,23,Salard,26
118094,261,3,Magherani,26
118101,118094,22,Magherani,26
118129,120511,23,Bara,26
118110,120511,22,Bereni,26
118138,120511,23,Candu,26
118147,120511,23,Drojdii,26
118156,120511,23,Eremieni,26
118165,120511,23,Maia,26
118174,120511,23,Marculeni,26
118183,118094,23,Silea Nirajului,26
118192,118094,23,Torba,26
118209,261,3,Mica,26
118218,118209,22,Mica,26
118227,118209,23,Abus,26
118236,118209,23,Capalna De Sus,26
118245,118209,23,Ceuas,26
118254,118209,23,Deaj,26
118263,118209,23,Haranglab,26
118272,118209,23,Somostelnic,26
118281,261,2,Oras Miercurea Nirajului,26
118290,118281,17,Miercurea Nirajului,26
118307,118281,18,Beu,26
118316,118281,18,Dumitrestii,26
118325,118281,18,Laureni,26
118334,118281,18,Mosuni,26
118343,118281,18,Sardu Nirajului,26
118352,118281,18,Tampa,26
118361,118281,18,Veta,26
118370,261,3,Mihesu De Campie,26
118389,118370,22,Mihesu De Campie,26
118398,118370,23,Bujor,26
118405,118370,23,Cirhagau,26
118414,118370,23,Groapa Radaii,26
118423,118370,23,Mogoaia,26
118432,118370,23,Razoare,26
118441,118370,23,Saulita,26
118450,118370,23,Stefanca,26
118469,261,3,Nades,26
118478,118469,22,Nades,26
118487,118469,23,Magherus,26
118496,118469,23,Pipea,26
118502,118469,23,Tigmandru,26
118511,261,3,Neaua,26
118520,118511,22,Neaua,26
118539,118511,23,Ghinesti,26
118548,118511,23,Rigmani,26
118557,118511,23,Sansimion,26
118566,118511,23,Vadas,26
118575,261,3,Ogra,26
118584,118575,22,Ogra,26
118593,118575,23,Dileu Vechi,26
118600,118575,23,Giulus,26
118619,118575,23,Lascud,26
118628,118575,23,Vaideiu,26
118691,261,3,Panet,26
118708,118691,22,Panet,26
118717,118691,23,Berghia,26
118726,118691,23,Cuiesd,26
118735,118691,23,Hartau,26
118744,118691,23,Santioana De Mures,26
118637,261,3,Papiu Ilarian,26
118646,118637,22,Papiu Ilarian,26
118655,118637,23,Dobra,26
118664,118637,23,Merisoru,26
118673,118637,23,Sandru,26
118682,118637,23,Ursoaia,26
118753,261,3,Pasareni,26
118762,118753,22,Pasareni,26
118771,118753,23,Bolintineni,26
118780,118753,23,Galateni,26
118799,261,3,Petelea,26
118806,118799,22,Petelea,26
118815,118799,23,Habic,26
118824,261,3,Pogaceaua,26
118833,118824,22,Pogaceaua,26
118842,118824,23,Bologaia,26
118851,118824,23,Ciulea,26
118860,118824,23,Deleni,26
118879,118824,23,Fantana Babii,26
118888,118824,23,Parau Crucii,26
118897,118824,23,Scurta,26
118904,118824,23,Sicele,26
118913,118824,23,Valea Sanpetrului,26
118922,118824,23,Valeni,26
118931,261,3,Rastolita,26
118940,118931,22,Rastolita,26
118959,118931,23,Andreneasa,26
118968,118931,23,Borzia,26
118977,118931,23,Galaoaia,26
118986,118931,23,Iod,26
118995,261,3,Riciu,26
119000,118995,22,Raciu,26
119019,118995,23,Caciulata,26
119028,118995,23,Coasta Mare,26
119037,118995,23,Cotorinau,26
119046,118995,23,Curete,26
119055,118995,23,Hagau,26
119064,118995,23,Lenis,26
119073,118995,23,Nima Raciului,26
119082,118995,23,Obarsie,26
119091,118995,23,Parau Crucii,26
119108,118995,23,Sanmartinu De Campie,26
119117,118995,23,Ulies,26
119135,118995,23,Valea Sanmartinului,26
119126,118995,23,Valea Seaca,26
119144,118995,23,Valea Uliesului,26
119153,261,3,Rusii-Munti,26
119162,119153,22,Rusii-Munti,26
119171,119153,23,Maioresti,26
119180,119153,23,Morareni,26
119199,119153,23,Sebes,26
114382,261,3,Sancraiu De Mures,26
114391,114382,22,Sancraiu De Mures,26
114408,114382,23,Nazna,26
114417,261,3,Sangeorgiu De Mures,26
114426,114417,22,Sangeorgiu De Mures,26
114435,114417,23,Cotus,26
114444,114417,23,Tofalau,26
119331,261,2,Oras Sangeorgiu De Padure,26
119340,119331,17,Sangeorgiu De Padure,26
119359,119331,18,Bezid,26
119368,119331,18,Bezidu Nou,26
119377,119331,18,Lotu,26
119386,261,3,Sanger,26
119395,119386,22,Sanger,26
119402,119386,23,Barza,26
119411,119386,23,Cipaieni,26
119420,119386,23,Dalu,26
119439,119386,23,Pripoare,26
119448,119386,23,Valisoara,26
119457,119386,23,Zapodea,26
119466,261,3,Sanpaul,26
119475,119466,22,Sanpaul,26
119484,119466,23,Chirileu,26
119493,119466,23,Dileu Nou,26
119509,119466,23,Sanmarghita,26
119518,119466,23,Valea Izvoarelor,26
119527,261,3,Sanpetru De Campie,26
119536,119527,22,Sanpetru De Campie,26
119545,119527,23,Barlibas,26
119554,119527,23,Dambu,26
119572,119527,23,Sangeorgiu De Campie,26
119563,119527,23,Satu Nou,26
119581,119527,23,Tusinu,26
114453,261,3,Santana De Mures,26
114462,114453,22,Santana De Mures,26
114471,114453,23,Bardesti,26
114480,114453,23,Chinari,26
114499,114453,23,Curteni,26
119242,261,2,Oras Sarmasu,26
119251,119242,17,Sarmasu,26
119260,119242,18,Balda,26
119279,119242,18,Larga,26
119288,119242,18,Morut,26
119297,119242,18,Sarmasel,26
119304,119242,18,Sarmasel-Gara,26
119313,119242,18,Titiana,26
119322,119242,18,Visinelu,26
119206,261,3,Saschiz,26
119215,119206,22,Saschiz,26
119224,119206,23,Cloasterf,26
119233,119206,23,Mihai Viteazu,26
119750,261,3,Saulia,26
119769,119750,22,Saulia,26
119778,119750,23,Leorinta-Saulia,26
119787,119750,23,Macicasesti,26
119796,119750,23,Padurea,26
119803,261,3,Sincai,26
119812,119803,22,Sincai,26
119821,119803,23,Lechincioara,26
119830,119803,23,Pusta,26
119849,119803,23,Sincai-Fanate,26
119590,261,3,Solovastru,26
119607,119590,22,Solovastru,26
119616,119590,23,Jabenita,26
119625,261,3,Stanceni,26
119634,119625,22,Stanceni,26
119643,119625,23,Ciobotani,26
119652,119625,23,Mestera,26
119661,261,3,Suplac,26
119670,119661,22,Suplac,26
119689,119661,23,Idrifaia,26
119698,119661,23,Laslau Mare,26
119705,119661,23,Laslau Mic,26
119714,119661,23,Vaidacuta,26
119723,261,3,Suseni,26
119732,119723,22,Suseni,26
119741,119723,23,Luieriu,26
119858,261,3,Taureni,26
119867,119858,22,Taureni,26
119876,119858,23,Fanate,26
119885,119858,23,Moara De Jos,26
119894,261,2,Oras Ungheni,26
119901,119894,17,Ungheni,26
119910,119894,18,Cerghid,26
119929,119894,18,Cerghizel,26
119938,119894,18,Moresti,26
119947,119894,18,Recea,26
119956,119894,18,Sausa,26
119965,119894,18,Vidrasau,26
119974,261,3,Valea Larga,26
119983,119974,22,Valea Larga,26
119992,119974,23,Gradini,26
120003,119974,23,Malaesti,26
120012,119974,23,Poduri,26
120021,119974,23,Valea Fratiei,26
120030,119974,23,Valea Glodului,26
120049,119974,23,Valea Padurii,26
120058,119974,23,Valea Surii,26
120067,119974,23,Valea Uriesului,26
120254,261,3,Vanatori,26
120263,120254,22,Vanatori,26
120272,120254,23,Archita,26
120281,120254,23,Feleag,26
120290,120254,23,Mureni,26
120307,120254,23,Soard,26
120076,261,3,Vargata,26
120085,120076,22,Vargata,26
120094,120076,23,Grausorul,26
120101,120076,23,Mitresti,26
120110,120076,23,Vadu,26
120129,120076,23,Valea,26
120138,261,3,Vatava,26
120147,120138,22,Vatava,26
120156,120138,23,Dumbrava,26
120165,120138,23,Rapa De Jos,26
120174,261,3,Vetca,26
120183,120174,22,Vetca,26
120192,120174,23,Jacodu,26
120209,120174,23,Salasuri,26
120218,261,3,Viisoara,26
120227,120218,22,Viisoara,26
120236,120218,23,Ormenis,26
120245,120218,23,Santioana,26
120316,261,3,Voivodeni,26
120325,120316,22,Voivodeni,26
120334,120316,23,Toldal,26
120343,261,3,Zagar,26
120352,120343,22,Zagar,26
120361,120343,23,Seleus,26
120370,261,3,Zau De Campie,26
120389,120370,22,Zau De Campie,26
120398,120370,23,Barbosi,26
120405,120370,23,Botei,26
120414,120370,23,Bujor-Hodaie,26
120423,120370,23,Ciretea,26
120432,120370,23,Gaura Sangerului,26
120441,120370,23,Malea,26
120450,120370,23,Stefaneaca,26
120469,120370,23,Tau,26
120726,270,1,Mun. Piatra Neamt,27
120735,120726,9,Piatra Neamt,27
120744,120726,10,Ciritei,27
120753,120726,10,Doamna,27
120762,120726,10,Valeni,27
120860,270,4,Mun. Roman,27
120879,120860,9,Roman,27
120968,270,2,Oras Bicaz,27
120977,120968,17,Bicaz,27
120986,120968,18,Capsa,27
120995,120968,18,Dodeni,27
121000,120968,18,Izvoru Muntelui,27
121019,120968,19,Izvorul Alb,27
121028,120968,19,Potoci,27
121037,120968,19,Secu,27
121055,270,2,Oras Targu Neamt,27
121064,121055,17,Targu Neamt,27
121073,121055,18,Blebea,27
121082,121055,18,Humulesti,27
121091,121055,18,Humulestii Noi,27
121108,270,3,Agapia,27
121117,121108,22,Agapia,27
121126,121108,23,Filioara,27
121135,121108,23,Sacalusesti,27
121144,121108,23,Varatec,27
121153,270,3,Bahna,27
121162,121153,22,Bahna,27
121171,121153,23,Aramesti,27
121180,121153,23,Bahnisoara,27
121199,121153,23,Brosteni,27
121206,121153,23,Izvoare,27
121215,121153,23,Liliac,27
121224,121153,23,Tutcanii Din Deal,27
121233,121153,23,Tutcanii Din Vale,27
121242,270,3,Baltatesti,27
121251,121242,22,Baltatesti,27
121260,125114,22,Ghindaoani,27
121279,121242,23,Valea Arini,27
121288,121242,23,Valea Seaca,27
121466,270,3,Bargauani,27
121475,121466,22,Bargauani,27
121484,121466,23,Bahna Mare,27
121509,121466,23,Balanesti,27
121493,121466,23,Baratca,27
121518,121466,23,Breaza,27
121527,121466,23,Certieni,27
121536,121466,23,Chilia,27
121545,121466,23,Darloaia,27
121554,121466,23,Ghelaiesti,27
121563,121466,23,Hartop,27
121572,121466,23,Homiceni,27
121581,121466,23,Talpa,27
121590,121466,23,Vladiceni,27
121297,270,3,Bicaz-Chei,27
121304,121297,22,Bicaz-Chei,27
121313,121297,23,Barnadu,27
121322,121297,23,Gherman,27
121331,121297,23,Ivanes,27
121340,270,3,Bicazu Ardelean,27
121359,121340,22,Bicazu Ardelean,27
121368,121340,23,Telec,27
121377,121340,23,Ticos,27
121386,270,3,Bira,27
121395,121386,22,Bira,27
121402,125178,22,Boghicea,27
121411,125178,23,Causeni,27
121420,121386,23,Negresti,27
121439,125178,23,Nistria,27
121448,121386,23,Rediu,27
121457,125178,23,Slobozia,27
121607,270,3,Bodesti,27
121616,121607,22,Bodesti,27
121625,121607,23,Bodestii De Jos,27
121634,121607,23,Corni,27
121643,121607,23,Oslobeni,27
121652,270,3,Borca,27
121661,121652,22,Borca,27
121670,121652,23,Lunca,27
121689,121652,23,Madei,27
121698,121652,23,Paraul Carjei,27
121705,121652,23,Paraul Pantei,27
121714,121652,23,Sabasa,27
121723,121652,23,Soci,27
121732,270,3,Borlesti,27
121741,121732,22,Borlesti,27
121769,121732,23,Mastacan,27
121750,121732,23,Nechit,27
121778,121732,23,Ruseni,27
121787,121732,23,Sovoaia,27
121796,270,3,Botesti,27
121803,121796,22,Botesti,27
121812,121796,23,Barticesti,27
121821,125123,23,David,27
121830,125123,23,Moreni,27
121849,125123,23,Munteni,27
121858,121796,23,Nisiporesti,27
121867,125123,22,Valeni,27
121876,270,3,Bozieni,27
121885,121876,22,Bozieni,27
121894,121876,23,Baneasa,27
121901,121876,23,Craiesti,27
121910,121876,23,Cuci,27
121929,121876,23,Iucsa,27
121938,270,3,Brusturi,27
121947,121938,22,Brusturi,27
121956,125132,22,Draganesti,27
121965,121938,23,Grosi,27
121974,125132,23,Ortasti,27
121983,121938,23,Poiana,27
121992,125132,23,Rasca,27
122007,125132,23,Soimaresti,27
122016,121938,23,Tarzia,27
122061,270,3,Candesti,27
122070,122061,22,Candesti,27
122089,122061,23,Barcanesti,27
122098,122061,23,Dragova,27
122105,122061,23,Padureni,27
122114,122061,23,Tardenii Mici,27
122123,122061,23,Vadurele,27
122025,270,3,Ceahlau,27
122034,122025,22,Ceahlau,27
122043,122025,23,Bistricioara,27
122052,122025,23,Paraul Mare,27
120888,270,3,Cordun,27
120897,120888,22,Cordun,27
120904,120888,23,Pildesti,27
120913,120888,23,Simionesti,27
122132,270,3,Costisa,27
122141,122132,22,Costisa,27
122150,122132,23,Dornesti,27
122169,122132,23,Frunzeni,27
122178,122132,23,Manoaia,27
122187,270,3,Cracaoani,27
122196,122187,22,Cracaoani,27
122203,122187,23,Cracaul Negru,27
122212,122187,23,Magazia,27
122221,122187,23,Mitocu Balan,27
122230,122187,23,Poiana Cracaoani,27
122249,270,3,Damuc,27
122258,122249,22,Damuc,27
122267,122249,23,Huisurez,27
122276,122249,23,Trei Fantani,27
122285,270,3,Dobreni,27
122294,122285,22,Dobreni,27
122301,122285,23,Casaria,27
122310,125169,22,Negresti,27
122329,125169,23,Poiana,27
122338,122285,23,Sarata,27
122347,270,3,Doljesti,27
122356,122347,22,Doljesti,27
122365,122347,23,Buhonca,27
122374,122347,23,Buruienesti,27
122383,122347,23,Rotunda,27
122392,270,3,Dragomiresti,27
122409,122392,22,Dragomiresti,27
122418,122392,23,Bornis,27
122427,122392,23,Hlapesti,27
122436,122392,23,Mastacan,27
122445,122392,23,Unghi,27
122454,122392,23,Vad,27
122463,270,3,Dulcesti,27
122472,122463,22,Dulcesti,27
122481,125105,23,Bozienii De Sus,27
122490,122463,23,Britcani,27
122506,122463,23,Carlig,27
122515,122463,23,Corhana,27
122524,122463,23,Poiana,27
122533,122463,23,Rosiori,27
122542,125105,22,Ruginoasa,27
120771,270,3,Dumbrava Rosie,27
120780,120771,22,Dumbrava Rosie,27
120799,120771,23,Brasauti,27
120806,120771,23,Cut,27
120815,120771,23,Izvoare,27
122551,270,3,Farcasa,27
122560,122551,22,Farcasa,27
122579,122551,23,Busmei,27
122588,122551,23,Frumosu,27
122597,122551,23,Popesti,27
122604,122551,23,Stejaru,27
122613,270,3,Faurei,27
122622,122613,22,Faurei,27
122631,122613,23,Budesti,27
122640,122613,23,Climesti,27
122659,122613,23,Micsunesti,27
122828,270,3,Garcina,27
122837,122828,22,Garcina,27
122846,122828,23,Almas,27
122855,122828,23,Cuejdiu,27
122668,270,3,Gheraesti,27
122677,122668,22,Gheraesti,27
122686,122668,23,Gheraestii Noi,27
122695,122668,23,Tetcani,27
122702,270,3,Girov,27
122711,122702,22,Girov,27
122720,125098,23,Balusesti,27
122739,122702,23,Botesti,27
122748,122702,23,Caciulesti,27
122757,122702,23,Danesti,27
122766,125098,22,Dochia,27
122775,122702,23,Doina,27
122784,122702,23,Gura Vaii,27
122793,122702,23,Popesti,27
122800,122702,23,Turturesti,27
122819,122702,23,Versesti,27
122864,270,3,Grinties,27
122873,122864,22,Grinties,27
122882,122864,23,Bradu,27
122891,122864,23,Poiana,27
122908,270,3,Grumazesti,27
122917,122908,22,Grumazesti,27
122926,122908,23,Curechistea,27
122935,122908,23,Netezi,27
122944,122908,23,Topolita,27
122953,270,3,Hangu,27
122962,122953,22,Hangu,27
122971,122953,23,Buhalnita,27
122980,122953,23,Chiriteni,27
122999,122953,23,Grozavesti,27
123004,122953,23,Ruginesti,27
120922,270,3,Horia,27
120931,120922,22,Horia,27
120940,120922,23,Cotu Vames,27
123013,270,3,Icusesti,27
123022,123013,22,Icusesti,27
123031,123013,23,Balusesti,27
123040,123013,23,Batranesti,27
123068,123013,23,Mesteacan,27
123077,123013,23,Rocna,27
123086,123013,23,Spiridonesti,27
123095,123013,23,Tabara,27
123102,270,3,Ion Creanga,27
123111,123102,22,Ion Creanga,27
123120,123102,23,Averesti,27
123139,123102,23,Izvoru,27
123148,123102,23,Muncelu,27
123157,123102,23,Recea,27
123166,123102,23,Stejaru,27
123175,270,3,Margineni,27
123184,123175,22,Margineni,27
123193,123175,23,Hartesti,27
123200,123175,23,Hoisesti,27
123219,123175,23,Itrinesti,27
123228,270,3,Moldoveni,27
123237,123228,22,Moldoveni,27
123246,123228,23,Hociungi,27
123255,270,3,Oniceni,27
123264,123255,22,Oniceni,27
123273,123255,23,Ciornei,27
123282,123255,23,Gorun,27
123291,123255,23,Linsesti,27
123308,123255,23,Lunca,27
123317,123255,23,Marmureni,27
123326,123255,23,Pietrosu,27
123335,123255,23,Poiana Humei,27
123344,123255,23,Pustieta,27
123353,123255,23,Solca,27
123362,123255,23,Valea Enei,27
123601,270,3,Pangarati,27
123610,123601,22,Pangarati,27
123629,123601,23,Oantu,27
123638,123601,23,Pangaracior,27
123647,123601,23,Poiana,27
123656,123601,23,Preluca,27
123665,123601,23,Stejaru,27
123371,270,3,Pastraveni,27
123380,123371,22,Pastraveni,27
123399,123371,23,Lunca Moldovei,27
123406,123371,23,Radeni,27
123415,123371,23,Spiesti,27
123424,270,3,Petricani,27
123433,123424,22,Petricani,27
123442,123424,23,Boistea,27
123451,123424,23,Tarpesti,27
123460,123424,23,Tolici,27
123479,270,3,Piatra Soimului,27
123488,123479,22,Piatra Soimului,27
123497,123479,23,Luminis,27
123503,123479,23,Negulesti,27
123512,123479,23,Poieni,27
123521,270,3,Pipirig,27
123530,123521,22,Pipirig,27
123549,123521,23,Boboiesti,27
123558,123521,23,Dolhesti,27
123567,123521,23,Leghin,27
123576,123521,23,Pataligeni,27
123585,123521,23,Pluton,27
123594,123521,23,Stanca,27
123674,270,3,Podoleni,27
123683,123674,22,Podoleni,27
123692,123674,23,Negritesti,27
123790,270,3,Poiana Teiului,27
123807,123790,22,Poiana Teiului,27
123816,123790,23,Calugareni,27
123825,123790,23,Dreptu,27
123834,123790,23,Galu,27
123852,123790,23,Paraul Fagului,27
123843,123790,23,Petru Voda,27
123861,123790,23,Poiana Largului,27
123870,123790,23,Roseni,27
123889,123790,23,Ruseni,27
123898,123790,23,Savinesti,27
123905,123790,23,Topoliceni,27
123709,270,3,Poienari,27
123718,123709,22,Poienari,27
123727,123709,23,Bunghi,27
123736,125141,23,Ciurea,27
123745,125141,23,Holm,27
123763,125141,22,Pancesti,27
123754,125141,23,Patricheni,27
123772,123709,23,Sacaleni,27
123781,125141,23,Talpalai,27
123914,270,3,Raucesti,27
123923,123914,22,Raucesti,27
123932,123914,23,Oglinzi,27
123941,123914,23,Savesti,27
123950,123914,23,Ungheni,27
123969,270,3,Razboieni,27
123978,123969,22,Razboienii De Jos,27
123987,123969,23,Borseni,27
123996,123969,23,Razboieni,27
124000,123969,23,Valea Alba,27
124019,123969,23,Valea Mare,27
124028,270,3,Rediu,27
124037,124028,22,Rediu,27
124046,124028,23,Betesti,27
124055,124028,23,Poloboc,27
124064,124028,23,Socea,27
124073,270,3,Romani,27
124082,124073,22,Romani,27
124091,124073,23,Gosmani,27
124108,124073,23,Silistea,27
124117,270,2,Oras Roznov,27
124126,124117,17,Roznov,27
124135,124117,18,Chintinici,27
124144,124117,18,Slobozia,27
124206,270,3,Sabaoani,27
124215,124206,22,Sabaoani,27
124224,124206,23,Traian,27
124153,270,3,Sagna,27
124162,124153,22,Sagna,27
124171,125150,22,Gadinti,27
124180,124153,23,Lutca,27
124199,124153,23,Vulpasesti,27
120824,270,3,Savinesti,27
120833,120824,22,Savinesti,27
120842,120824,23,Dumbrava-Deal,27
124233,270,3,Secuieni,27
124242,124233,22,Secuieni,27
124260,124233,23,Barjoveni,27
124251,124233,23,Basta,27
124279,124233,23,Bogzesti,27
124288,124233,23,Butnaresti,27
124297,124233,23,Giulesti,27
124304,124233,23,Prajesti,27
124313,124233,23,Secuienii Noi,27
124322,124233,23,Uncesti,27
124331,270,3,Stanita,27
124340,124331,22,Stanita,27
124359,124331,23,Chicerea,27
124368,124331,23,Ghidion,27
124377,124331,23,Poienile Oancei,27
124386,124331,23,Todireni,27
124395,124331,23,Veja,27
124402,124331,23,Vladnicele,27
124411,270,3,Stefan Cel Mare,27
124420,124411,22,Stefan Cel Mare,27
124439,124411,23,Bordea,27
124448,124411,23,Carligi,27
124457,124411,23,Deleni,27
124466,124411,23,Dusesti,27
124475,124411,23,Ghigoiesti,27
124484,124411,23,Soci,27
124634,270,3,Tamaseni,27
124643,124634,22,Tamaseni,27
124652,124634,23,Adjudeni,27
124493,270,3,Tarcau,27
124509,124493,22,Tarcau,27
124518,124493,23,Ardeluta,27
124527,124493,23,Brates,27
124536,124493,23,Cazaci,27
124545,124493,23,Schitu Tarcau,27
124554,124493,23,Straja,27
124563,270,3,Tasca,27
124572,124563,22,Tasca,27
124581,124563,23,Hamzoaia,27
124590,124563,23,Neagra,27
124607,124563,23,Ticos-Floarea,27
124616,270,3,Tazlau,27
124625,124616,22,Tazlau,27
124803,270,3,Tibucani,27
124812,124803,22,Tibucani,27
124821,124803,23,Davideni,27
124830,124803,23,Tibucanii De Jos,27
124661,270,3,Timisesti,27
124670,124661,22,Timisesti,27
124689,124661,23,Dumbrava,27
124698,124661,23,Plaiesu,27
124705,124661,23,Preutesti,27
124714,124661,23,Zvoranesti,27
124723,270,3,Trifesti,27
124732,124723,22,Trifesti,27
124741,124723,23,Miron Costin,27
124750,270,3,Tupilati,27
124769,124750,22,Tupilati,27
124778,124750,23,Aramoaia,27
124787,124750,23,Hanul Ancutei,27
124796,124750,23,Totoiesti,27
124849,270,3,Urecheni,27
124858,124849,22,Urecheni,27
124867,124849,23,Ingaresti,27
124876,124849,23,Plugari,27
124885,270,3,Valea Ursului,27
124894,124885,22,Valea Ursului,27
124901,124885,23,Bucium,27
123059,124885,23,Chilii,27
124910,124885,23,Giurgeni,27
124929,124885,23,Muncelu De Jos,27
125016,270,3,Vanatori-Neamt,27
125025,125016,22,Vanatori-Neamt,27
125034,125016,23,Lunca,27
125043,125016,23,Manastirea Neamt,27
125052,125016,23,Nemtisor,27
124938,270,3,Alexandru Cel Bun,27
124947,124938,22,Viisoara,27
124956,124938,23,Agarcia,27
124965,124938,23,Bisericani,27
124974,124938,23,Bistrita,27
124983,124938,23,Scaricica,27
125007,124938,23,Vadurele,27
124992,124938,23,Vaduri,27
125061,270,3,Zanesti,27
125070,125061,22,Zanesti,27
125089,125061,23,Traian,27
125347,289,1,Mun. Slatina,28
125356,125347,9,Slatina,28
125365,125347,10,Cireasov,28
125472,289,4,Mun. Caracal,28
125481,125472,9,Caracal,28
125418,289,2,Oras Bals,28
125427,125418,17,Bals,28
125436,125418,18,Corbeni,28
125445,125418,18,Romana,28
125454,125418,19,Teis,28
125542,289,2,Oras Corabia,28
125551,125542,17,Corabia,28
125560,125542,18,Tudor Vladimirescu,28
125579,125542,19,Vartopu,28
125622,289,2,Oras Draganesti-Olt,28
125631,125622,17,Draganesti-Olt,28
125640,125622,19,Comani,28
128105,289,2,Oras Piatra-Olt,28
128114,128105,17,Piatra-Olt,28
128123,128105,19,Bistrita Noua,28
128132,128105,19,Criva De Jos,28
128141,128105,19,Criva De Sus,28
128150,128105,19,Enosesti,28
128169,128105,19,Piatra,28
128711,289,2,Oras Scornicesti,28
128720,128711,17,Scornicesti,28
128739,128711,19,Baltati,28
128748,128711,19,Bircii,28
128757,128711,19,Chiteasca,28
128766,128711,19,Constantinesti,28
128775,128711,19,Jitaru,28
128784,128711,19,Margineni Slobozia,28
128793,128711,19,Mihailesti Popesti,28
128800,128711,19,Mogosesti,28
128819,128711,19,Negreni,28
128828,128711,19,Piscani,28
128837,128711,19,Rusciori,28
128846,128711,19,Suica,28
128855,128711,19,Teius,28
125659,289,3,Babiciu,28
125668,125659,22,Babiciu,28
125677,289,3,Baldovinesti,28
125686,130302,23,Baleasa,28
125695,125677,22,Baldovinesti,28
125702,130302,23,Brosteni,28
125711,130302,23,Damburile,28
125720,130302,22,Gavanesti,28
125739,125677,23,Gubandru,28
125748,125677,23,Pietris,28
125757,289,3,Barasti,28
125766,125757,22,Barastii De Vede,28
125775,125757,23,Barastii De Cepturi,28
125784,125757,23,Boroesti,28
125793,125757,23,Ciocanesti,28
125800,125757,23,Lazaresti,28
125819,125757,23,Mereni,28
125828,125757,23,Motoesti,28
125837,125757,23,Popesti,28
125846,289,3,Barza,28
125855,125846,22,Barza,28
125864,125846,23,Branet,28
125873,289,3,Bobicesti,28
125882,125873,22,Bobicesti,28
125891,125873,23,Bechet,28
125908,125873,23,Belgun,28
125917,125873,23,Chintesti,28
125926,125873,23,Comanesti,28
125935,125873,23,Govora,28
125944,125873,23,Leotesti,28
125953,125873,23,Mirila,28
126022,289,3,Brancoveni,28
126031,126022,22,Brancoveni,28
126040,126022,23,Margheni,28
126059,126022,23,Ociogi,28
126068,126022,23,Valeni,28
125962,289,3,Brastavatu,28
125971,125962,22,Brastavatu,28
125980,125962,23,Crusovu,28
125999,289,3,Brebeni,28
126004,125999,22,Brebeni,28
126013,125999,23,Teiusu,28
126077,289,3,Bucinisu,28
126086,126077,22,Bucinisu,28
126095,126077,23,Bucinisu Mic,28
126166,289,3,Carlogani,28
126175,126166,22,Carlogani,28
126184,126166,23,Beculesti,28
126193,126166,23,Cepari,28
126200,126166,23,Scorbura,28
126219,126166,23,Stupina,28
126102,289,3,Cezieni,28
126111,126102,22,Cezieni,28
126120,126102,23,Bondrea,28
126139,126102,23,Corlatesti,28
126148,289,3,Cilieni,28
126157,126148,22,Cilieni,28
126228,289,3,Colonesti,28
126237,126228,22,Colonesti,28
126246,126228,23,Barasti,28
126255,126228,23,Batareni,28
126273,126228,23,Carstani,28
126264,126228,23,Chelbesti,28
126282,126228,23,Guesti,28
126291,126228,23,Maruntei,28
126308,126228,23,Navargeni,28
126317,126228,23,Vlaici,28
126326,289,3,Corbu,28
126335,126326,22,Corbu,28
126344,126326,23,Burdulesti,28
126353,126326,23,Buzesti,28
126362,126326,23,Ciuresti,28
126371,126326,23,Milcoveni,28
126380,289,3,Coteana,28
126399,126380,22,Coteana,28
126406,289,3,Crampoia,28
126415,126406,22,Crampoia,28
126424,126406,23,Buta,28
126503,289,3,Cungrea,28
126512,126503,22,Cungrea,28
126521,126503,23,Cepesti,28
126530,126503,23,Ibanesti,28
126549,126503,23,Miesti,28
126558,126503,23,Otestii De Jos,28
126567,126503,23,Otestii De Sus,28
126576,126503,23,Spataru,28
126433,289,3,Curtisoara,28
126442,126433,22,Curtisoara,28
126451,126433,23,Dobrotinet,28
126460,126433,23,Linia Din Vale,28
126479,126433,23,Pietrisu,28
126488,126433,23,Proaspeti,28
126497,126433,23,Raitiu,28
126585,289,3,Daneasa,28
126594,126585,22,Daneasa,28
126601,126585,23,Berindei,28
126610,126585,23,Cioflanu,28
126629,126585,23,Pestra,28
126638,126585,23,Zanoaga,28
126647,289,3,Deveselu,28
126656,126647,22,Deveselu,28
126665,126647,23,Comanca,28
126674,289,3,Dobretu,28
126683,126674,22,Dobretu,28
126692,126674,23,Curtisoara,28
126709,126674,23,Horezu,28
126718,289,3,Dobrosloveni,28
126727,126718,22,Dobrosloveni,28
126736,126718,23,Frasinetu,28
126745,126718,23,Potopinu,28
126754,126718,23,Resca,28
126763,126718,23,Rescuta,28
126772,289,3,Dobroteasa,28
126781,126772,22,Dobroteasa,28
126790,126772,23,Batia,28
126807,126772,23,Campu Mare,28
126816,126772,23,Vulpesti,28
126825,289,3,Dobrun,28
126834,130357,22,Osica De Jos,28
126843,130357,23,Bobu,28
126852,126825,23,Chilii,28
126861,126825,22,Dobrun,28
126870,126825,23,Rosienii Mari,28
126889,126825,23,Rosienii Mici,28
126898,126825,23,Ulmet,28
125490,289,3,Draghiceni,28
125506,125490,22,Draghiceni,28
125515,125490,23,Grozavesti,28
125524,125490,23,Liiceni,28
126905,289,3,Fagetelu,28
126914,126905,22,Fagetelu,28
126923,126905,23,Bagesti,28
126932,126905,23,Chilia,28
126941,126905,23,Gruiu,28
126950,126905,23,Isaci,28
126969,126905,23,Pielcani,28
126978,289,3,Falcoiu,28
126987,126978,22,Falcoiu,28
126996,126978,23,Cioroiasu,28
127000,126978,23,Cioroiu,28
127019,289,3,Farcasele,28
127028,127019,22,Farcasele,28
127037,127019,23,Farcasu De Jos,28
127046,127019,23,Ghimpati,28
127055,127019,23,Hotarani,28
127064,289,3,Ganeasa,28
127073,127064,22,Ganeasa,28
127082,127064,23,Dranovatu,28
127091,127064,23,Gradistea,28
127108,127064,23,Izvoru,28
127117,127064,23,Oltisoru,28
125588,289,3,Garcov,28
125597,125588,22,Garcov,28
125604,125588,23,Ursa,28
127126,289,3,Giuvarasti,28
127135,127126,22,Giuvarasti,28
127144,289,3,Gostavatu,28
127153,127144,22,Gostavatu,28
127162,127144,23,Slaveni,28
127171,289,3,Gradinari,28
127180,127171,22,Gradinari,28
127199,127171,23,Petculesti,28
127206,127171,23,Runcu Mare,28
127215,127171,23,Satu Nou,28
127224,289,3,Grojdibodu,28
127233,127224,22,Grojdibodu,28
127242,127224,23,Hotaru,28
127251,289,3,Ianca,28
127260,127251,22,Ianca,28
127279,127251,23,Potelu,28
127288,289,3,Iancu Jianu,28
127297,127288,22,Iancu Jianu,28
127304,127288,23,Dobriceni,28
127313,127288,23,Preotesti,28
127322,289,3,Icoana,28
127331,127322,22,Icoana,28
127340,127322,23,Floru,28
127359,127322,23,Ursoaia,28
127368,289,3,Izbiceni,28
127377,127368,22,Izbiceni,28
127386,289,3,Izvoarele,28
127395,127386,22,Izvoarele,28
127402,127386,23,Alimanesti,28
127411,289,3,Leleasca,28
127420,127411,22,Leleasca,28
127439,127411,23,Afumati,28
127448,127411,23,Greeresti,28
127457,127411,23,Mierlicesti,28
127466,127411,23,Tonesti,28
127475,127411,23,Tufaru,28
127484,127411,23,Ursi,28
127493,289,3,Maruntei,28
127509,127493,22,Maruntei,28
127518,127493,23,Balanesti,28
127527,127493,23,Malu Rosu,28
127536,289,3,Mihaesti,28
127545,127536,22,Mihaesti,28
127554,127536,23,Busca,28
127563,289,3,Milcov,28
127572,127563,22,Ulmi,28
127581,130348,22,Ipotesti,28
127590,127563,23,Milcovu Din Deal,28
127607,127563,23,Milcovu Din Vale,28
127616,127563,23,Stejaru,28
127625,289,3,Morunglav,28
127634,127625,22,Morunglav,28
127643,127625,23,Barasti,28
127652,127625,23,Ghiosani,28
127661,127625,23,Morunesti,28
127670,127625,23,Poiana Mare,28
127689,289,3,Movileni,28
127698,127689,22,Movileni,28
127705,127689,23,Bacea,28
127714,289,3,Nicolae Titulescu,28
127723,127714,22,Nicolae Titulescu,28
127732,130311,22,Ghimpeteni,28
127741,130311,23,Ghimpetenii Noi,28
127750,289,3,Obarsia,28
127769,127750,22,Obarsia,28
127778,127750,23,Campu Parului,28
127787,127750,23,Coteni,28
127796,127750,23,Obarsia Noua,28
127803,127750,23,Tabonu,28
127812,289,3,Oboga,28
127821,127812,22,Oboga,28
127830,130295,22,Calui,28
127849,130295,23,Gura Caluiu,28
127858,289,3,Oporelu,28
127867,127858,22,Oporelu,28
127876,127858,23,Beria De Jos,28
127885,127858,23,Beria De Sus,28
127894,127858,23,Radesti,28
127901,289,3,Optasi-Magura,28
127910,127901,22,Optasi,28
127929,130366,22,Vitanesti,28
127938,289,3,Orlea,28
127947,127938,22,Orlea,28
127956,130339,22,Gura Padinii,28
127965,127938,23,Orlea Noua,28
127974,130339,23,Satu Nou,28
127983,289,3,Osica De Sus,28
127992,127983,22,Vladuleni,28
128007,127983,23,Greci,28
128016,127983,23,Osica De Sus,28
128025,127983,23,Ostrov,28
128034,127983,23,Peretu,28
128043,127983,23,Tomeni,28
128178,289,3,Parscoveni,28
128187,128178,22,Parscoveni,28
128196,128178,23,Butoi,28
128203,128178,23,Olari,28
128212,130384,22,Soparlita,28
128052,289,3,Perieti,28
128061,128052,22,Perieti,28
128070,130286,22,Balteni,28
128089,128052,23,Magura,28
128098,128052,23,Mierlestii De Sus,28
128221,289,3,Plesoiu,28
128230,128221,22,Plesoiu,28
128249,128221,23,Arcesti,28
128258,128221,23,Arcesti Cot,28
128267,128221,23,Cocorasti,28
128276,128221,23,Doba,28
128285,128221,23,Schitu Din Deal,28
128294,128221,23,Schitu Din Vale,28
128301,289,3,Poboru,28
128310,128301,22,Poboru,28
128329,128301,23,Albesti,28
128338,128301,23,Cornatelu,28
128347,128301,23,Creti,28
128356,128301,23,Seaca,28
128365,128301,23,Surpeni,28
128374,289,2,Oras Potcoava,28
128383,128374,17,Potcoava,28
128392,128374,19,Potcoava Falcoeni,28
128409,128374,19,Sinesti,28
128418,128374,19,Trufinesti,28
128427,128374,19,Valea Merilor,28
128436,289,3,Priseaca,28
128445,128436,22,Priseaca,28
128454,128436,23,Buicesti,28
128463,128436,23,Saltanesti,28
128472,289,3,Radomiresti,28
128481,128472,22,Radomiresti,28
128490,128472,23,Calinesti,28
128506,128472,23,Craciunei,28
128515,128472,23,Poiana,28
128524,289,3,Redea,28
128533,128524,22,Redea,28
128542,128524,23,Redisoara,28
128551,128524,23,Valea Soarelui,28
128560,289,3,Rotunda,28
128579,128560,22,Rotunda,28
128588,289,3,Rusanesti,28
128597,128588,22,Rusanesti,28
128604,128588,23,Jieni,28
128882,289,3,Samburesti,28
128891,128882,22,Samburesti,28
128908,128882,23,Cerbeni,28
128917,128882,23,Ionicesti,28
128926,128882,23,Launele,28
128935,128882,23,Manulesti,28
128944,128882,23,Stanuleasa,28
128953,128882,23,Tonesti,28
128613,289,3,Scarisoara,28
128622,128613,22,Scarisoara,28
128631,128613,23,Plaviceni,28
128640,128613,23,Rudari,28
128659,289,3,Schitu,28
128668,128659,22,Schitu,28
128677,128659,23,Catanele,28
128686,128659,23,Greci,28
128695,128659,23,Lisa,28
128702,128659,23,Mosteni,28
128864,289,3,Seaca,28
128873,128864,22,Seaca,28
129246,289,3,Serbanesti,28
129255,129246,22,Serbanesti,28
129273,129246,23,Serbanestii De Sus,28
129264,129246,23,Strugurelu,28
125374,289,3,Slatioara,28
125383,125374,22,Slatioara,28
125392,125374,23,Salcia,28
128962,289,3,Spineni,28
128971,128962,22,Alunisu,28
128980,128962,23,Cuza Voda,28
128999,128962,23,Davidesti,28
129004,128962,23,Optasani,28
129013,128962,23,Profa,28
129022,128962,23,Spineni,28
129031,128962,23,Vineti,28
129040,289,3,Sprancenata,28
129059,129040,22,Sprancenata,28
129068,129040,23,Barsestii De Sus,28
129077,129040,23,Frunzaru,28
129086,129040,23,Uria,28
129282,289,3,Stefan Cel Mare,28
129291,129282,22,Stefan Cel Mare,28
129308,129282,23,Ianca Noua,28
129095,289,3,Stoenesti,28
129102,129095,22,Stoenesti,28
129111,289,3,Stoicanesti,28
129120,129111,22,Stoicanesti,28
129139,289,3,Strejesti,28
129148,129139,22,Strejesti,28
129157,129139,23,Colibasi,28
129166,129139,23,Mamura,28
129175,129139,23,Strejestii De Sus,28
129184,289,3,Studina,28
129193,129184,22,Studina,28
129200,130320,23,Arvateasca,28
129219,130320,22,Gradinile,28
129228,130320,23,Plaviceanca,28
129237,129184,23,Studinita,28
129317,289,3,Tatulesti,28
129326,129317,22,Tatulesti,28
129335,129317,23,Barbalai,28
129344,129317,23,Lunca,28
129353,129317,23,Magura,28
129362,129317,23,Mircesti,28
129371,129317,23,Momaiu,28
129380,289,3,Teslui,28
129399,129380,22,Teslui,28
129406,129380,23,Cherlestii Din Deal,28
129415,129380,23,Cherlestii Mosteni,28
129424,129380,23,Comanita,28
129433,129380,23,Corbu,28
129442,129380,23,Deleni,28
129451,129380,23,Schitu Deleni,28
129460,289,3,Tia Mare,28
129479,129460,22,Tia Mare,28
129488,129460,23,Doanca,28
129497,129460,23,Potlogeni,28
129503,289,3,Topana,28
129512,129503,22,Topana,28
129530,129503,23,Candelesti,28
129521,129503,23,Cioraca,28
129549,129503,23,Cojgarei,28
129558,129503,23,Ungureni,28
129567,289,3,Traian,28
129576,129567,22,Traian,28
129585,289,3,Tufeni,28
129594,129585,22,Tufeni,28
129601,129585,23,Barza,28
129610,129585,23,Stoborasti,28
129629,289,3,Urzica,28
129638,129629,22,Urzica,28
129647,129629,23,Stavaru,28
129718,289,3,Vadastra,28
129727,130375,22,Visina Noua,28
129736,129718,22,Vadastra,28
129745,289,3,Vadastrita,28
129754,129745,22,Vadastrita,28
129987,289,3,Valcele,28
129996,129987,22,Valcele,28
130008,129987,23,Barcanesti,28
130017,129987,23,Valcelele De Sus,28
129656,289,3,Valea Mare,28
129665,129656,22,Valea Mare,28
129674,129656,23,Barca,28
129683,129656,23,Recea,28
129692,129656,23,Turia,28
129709,129656,23,Zorleasca,28
129763,289,3,Valeni,28
129772,129763,22,Valeni,28
129781,129763,23,Mandra,28
129790,129763,23,Popesti,28
129807,129763,23,Tirisneag,28
129816,289,3,Verguleasa,28
129825,129816,22,Verguleasa,28
129834,129816,23,Cazanesti,28
129843,129816,23,Cucueti,28
129852,129816,23,Dumitresti,28
129861,129816,23,Poganu,28
129870,129816,23,Valea Fetei,28
129889,129816,23,Vanesti,28
129898,289,3,Visina,28
129905,129898,22,Visina,28
129914,289,3,Vitomiresti,28
129923,129914,22,Vitomiresti,28
129932,129914,23,Bulimanu,28
129941,129914,23,Dejesti,28
129950,129914,23,Donesti,28
129969,129914,23,Stanuleasa,28
129978,129914,23,Trepteni,28
130026,289,3,Vladila,28
130035,130026,22,Vladila,28
130044,130026,23,Frasinet Gara,28
130053,130026,23,Vladila Noua,28
130062,289,3,Voineasa,28
130071,130062,22,Voineasa,28
130080,130062,23,Blaj,28
130099,130062,23,Margaritesti,28
130106,130062,23,Racovita,28
130115,130062,23,Rusanestii De Sus,28
130124,289,3,Vulpeni,28
130133,130124,22,Vulpeni,28
130142,130124,23,Cotorbesti,28
130151,130124,23,Gropsani,28
130160,130124,23,Mardale,28
130179,130124,23,Pescaresti,28
130188,130124,23,Plopsorelu,28
130197,130124,23,Prisaca,28
130204,130124,23,Simniceni,28
130213,130124,23,Tabaci,28
130222,130124,23,Valea Satului,28
130231,289,3,Vulturesti,28
130240,130231,22,Vulturesti,28
130259,130231,23,Dienci,28
130268,130231,23,Valea Lui Alb,28
130277,130231,23,Vlangaresti,28
130534,298,1,Mun. Ploiesti,29
130543,130534,9,Ploiesti,29
131256,298,4,Mun. Campina,29
131265,131256,9,Campina,29
130954,298,2,Oras Azuga,29
130963,130954,17,Azuga,29
130981,298,2,Oras Baicoi,29
130990,130981,17,Baicoi,29
131005,130981,18,Dimbu,29
131014,130981,18,Liliesti,29
131023,130981,18,Schela,29
131041,130981,18,Tintea,29
131032,130981,18,Tufeni,29
131069,298,2,Oras Boldesti-Scaeni,29
131078,131069,17,Boldesti-Scaeni,29
131087,131069,18,Seciu,29
131103,298,2,Oras Breaza,29
131112,131103,17,Breaza De Jos,29
131121,131103,18,Breaza De Sus,29
131130,131103,18,Frasinet,29
136232,131103,18,Gura Beliei,29
131149,131103,18,Irimesti,29
131158,131103,18,Nistoresti,29
131167,131103,18,Podu Corbului,29
131176,131103,18,Podu Vadului,29
131185,131103,18,Surdesti,29
131194,131103,18,Valea Tarsei,29
131210,298,2,Oras Busteni,29
131229,131210,17,Busteni,29
131238,131210,18,Poiana Tapului,29
131336,298,2,Oras Comarnic,29
131345,131336,17,Comarnic,29
131354,131336,18,Ghiosesti,29
131363,131336,18,Podu Lung,29
131372,131336,18,Poiana,29
131381,131336,18,Posada,29
131407,298,2,Oras Mizil,29
131416,131407,17,Mizil,29
131425,131407,18,Fefelei,29
131443,298,2,Oras Plopeni,29
131452,131443,17,Plopeni,29
131540,298,2,Oras Sinaia,29
131559,131540,17,Sinaia,29
131577,298,2,Oras Slanic,29
131586,131577,17,Slanic,29
131595,131577,18,Grosani,29
131602,131577,18,Prajani,29
131620,298,2,Oras Urlati,29
131639,131620,17,Urlati,29
131648,131620,18,Arionestii Noi,29
131657,131620,18,Arionestii Vechi,29
131666,131620,18,Cherba,29
131675,131620,18,Jercalai,29
131684,131620,18,Maruntis,29
131693,131620,18,Orzoaia De Jos,29
131700,131620,18,Orzoaia De Sus,29
131719,131620,18,Schiau,29
131728,131620,18,Ulmi,29
131737,131620,18,Valea Bobului,29
131746,131620,18,Valea Crangului,29
131755,131620,18,Valea Mieilor,29
131764,131620,18,Valea Nucetului,29
131773,131620,18,Valea Pietrei,29
131782,131620,18,Valea Seman,29
131791,131620,18,Valea Urloii,29
131817,298,2,Oras Valenii De Munte,29
131826,131817,17,Valenii De Munte,29
131899,298,3,Adunati,29
131906,131899,22,Adunati,29
131915,131899,23,Ocina De Jos,29
131924,131899,23,Ocina De Sus,29
131933,298,3,Albesti-Paleologu,29
131942,131933,22,Albesti-Paleologu,29
131951,131933,23,Albesti-Muru,29
131960,131933,23,Cioceni,29
131979,131933,23,Vadu Parului,29
131988,298,3,Alunis,29
131997,131988,22,Alunis,29
132002,131988,23,Ostrovu,29
132011,298,3,Apostolache,29
132020,132011,22,Apostolache,29
132039,132011,23,Buzota,29
132048,132011,23,Marlogea,29
132057,132011,23,Udresti,29
132066,132011,23,Valea Cricovului,29
132075,298,3,Aricestii Rahtivani,29
132084,132075,22,Aricestii Rahtivani,29
132093,132075,23,Buda,29
132100,132075,23,Nedelea,29
132119,132075,23,Stoenesti,29
132128,132075,23,Targsoru Nou,29
132137,298,3,Aricestii Zeletin,29
132146,132137,22,Aricestii Zeletin,29
132155,132137,23,Albinari,29
132164,298,3,Baba Ana,29
132173,132164,22,Baba Ana,29
132182,132164,23,Ciresanu,29
132191,132164,23,Conduratu,29
132208,132164,23,Crangurile,29
132217,132164,23,Satu Nou,29
132226,298,3,Balta Doamnei,29
132235,132226,22,Balta Doamnei,29
132244,132226,23,Bara,29
132253,132226,23,Curcubeu,29
132262,132226,23,Lacu Turcului,29
132271,298,3,Baltesti,29
132280,132271,22,Baltesti,29
132299,132271,23,Izesti,29
132306,132271,23,Podenii Vechi,29
132315,298,3,Banesti,29
132324,132315,22,Banesti,29
132333,132315,23,Urleta,29
130552,298,3,Barcanesti,29
130561,130552,22,Barcanesti,29
130570,130552,23,Ghighiu,29
130589,130552,23,Puscasi,29
130598,130552,23,Romanesti,29
130605,130552,23,Tatarani,29
130614,298,3,Berceni,29
130623,130614,22,Berceni,29
130632,130614,23,Cartierul Dambu,29
130641,130614,23,Catunu,29
130650,130614,23,Corlatesti,29
130669,130614,23,Moara Noua,29
132342,298,3,Bertea,29
132351,132342,22,Bertea,29
132360,132342,23,Lutu Rosu,29
130678,298,3,Blejoi,29
130687,130678,22,Blejoi,29
130696,130678,23,Ploiestiori,29
130703,130678,23,Tantareni,29
132379,298,3,Boldesti-Gradistea,29
132388,132379,22,Boldesti,29
132397,132379,23,Gradistea,29
130712,298,3,Brazi,29
130721,130712,22,Brazii De Sus,29
130730,130712,23,Batesti,29
130749,130712,23,Brazii De Jos,29
130758,130712,23,Negoiesti,29
130767,130712,23,Popesti,29
130776,130712,23,Stejaru,29
132404,298,3,Brebu,29
132413,132404,22,Brebu Manastirei,29
132422,132404,23,Brebu Megiesesc,29
132431,132404,23,Pietriceaua,29
132440,132404,23,Podu Cheii,29
130785,298,3,Bucov,29
130794,130785,22,Bucov,29
130801,130785,23,Bighilin,29
130810,130785,23,Chitorani,29
130829,130785,23,Pleasa,29
130838,130785,23,Valea Orlei,29
132459,298,3,Calugareni,29
132468,132459,22,Calugareni,29
132477,132459,23,Valea Scheilor,29
132486,298,3,Carbunesti,29
132495,132486,22,Carbunesti,29
132501,132486,23,Gogeasca,29
132510,298,3,Ceptura,29
132529,132510,22,Ceptura De Jos,29
132538,132510,23,Ceptura De Sus,29
132547,132510,23,Malu Rosu,29
132556,132510,23,Rotari,29
132565,132510,23,Soimesti,29
132574,298,3,Cerasu,29
132583,132574,22,Cerasu,29
132592,132574,23,Slon,29
132609,132574,23,Valea Borului,29
132618,132574,23,Valea Bradetului,29
132627,132574,23,Valea Lespezii,29
132636,132574,23,Valea Tocii,29
132645,298,3,Chiojdeanca,29
132654,132645,22,Chiojdeanca,29
132663,132645,23,Nucet,29
132672,132645,23,Trenu,29
132681,298,3,Ciorani,29
132690,132681,22,Cioranii De Jos,29
132707,132681,23,Cioranii De Sus,29
132716,298,3,Cocorastii Mislii,29
132725,132716,22,Cocorastii Mislii,29
132734,132716,23,Goruna,29
132743,132716,23,Tiparesti,29
132752,298,3,Colceag,29
132761,132752,22,Colceag,29
132770,132752,23,Inotesti,29
132789,132752,23,Parepa-Rusani,29
132798,132752,23,Valcelele,29
132805,298,3,Cornu,29
132814,132805,22,Cornu De Jos,29
132823,132805,23,Cornu De Sus,29
132832,132805,23,Valea Oprii,29
132841,298,3,Cosminele,29
132850,132841,22,Cosmina De Jos,29
132869,132841,23,Cosmina De Sus,29
132878,132841,23,Draghicesti,29
132887,132841,23,Poiana Trestiei,29
133018,298,3,Draganesti,29
133027,133018,22,Draganesti,29
133036,133018,23,Baraitaru,29
133045,133018,23,Belciug,29
133054,133018,23,Cornu De Jos,29
133063,133018,23,Hatcarau,29
133072,133018,23,Meri,29
133081,133018,23,Tufani,29
132896,298,3,Drajna,29
132903,132896,22,Drajna De Sus,29
132912,132896,23,Catunu,29
132921,132896,23,Ciocrac,29
132930,132896,23,Drajna De Jos,29
132949,132896,23,Faget,29
132958,132896,23,Ogretin,29
132967,132896,23,Piatra,29
132976,132896,23,Pitigoi,29
132985,132896,23,Plai,29
132994,132896,23,Podurile,29
133009,132896,23,Poiana Mierlei,29
133090,298,3,Dumbrava,29
133107,133090,22,Dumbrava,29
133116,133090,23,Ciupelnita,29
133125,133090,23,Cornu De Sus,29
133134,133090,23,Trestienii De Jos,29
133143,133090,23,Trestienii De Sus,29
133152,133090,23,Zanoaga,29
131461,298,3,Dumbravesti,29
131470,131461,22,Dumbravesti,29
131489,131461,23,Gavanel,29
131498,131461,23,Malaestii De Jos,29
131504,131461,23,Malaestii De Sus,29
131513,131461,23,Plopeni,29
131522,131461,23,Sfarleanca,29
133278,298,3,Fantanele,29
133287,133278,22,Fantanele,29
133296,133278,23,Bozieni,29
133303,136269,23,Ghinoaica,29
133312,136269,23,Ungureni,29
133321,136269,22,Vadu Sapat,29
133161,298,3,Filipestii De Padure,29
133170,133161,22,Filipestii De Padure,29
133189,133161,23,Ditesti,29
133198,133161,23,Minieri,29
133205,133161,23,Silistea Dealului,29
133214,298,3,Filipestii De Targ,29
133223,133214,22,Filipestii De Targ,29
133232,133214,23,Bratasanca,29
133241,133214,23,Ezeni,29
133250,133214,23,Marginenii De Jos,29
133269,133214,23,Ungureni,29
133330,298,3,Floresti,29
133349,133330,22,Floresti,29
133367,133330,23,Calinesti,29
133358,133330,23,Cap Rosu,29
133376,133330,23,Catina,29
133385,133330,23,Novacesti,29
133394,298,3,Fulga,29
133401,133394,22,Fulga De Jos,29
133410,133394,23,Fulga De Sus,29
133429,298,3,Gherghita,29
133438,133429,22,Gherghita,29
133447,136250,23,Fanari,29
133456,133429,23,Independenta,29
133465,133429,23,Malamuc,29
133474,136250,22,Olari,29
133483,136250,23,Olarii Vechi,29
133492,133429,23,Ungureni,29
133508,298,3,Gorgota,29
133517,133508,22,Gorgota,29
133526,133508,23,Crivina,29
133535,133508,23,Fanari,29
133544,133508,23,Poienarii Apostoli,29
133553,133508,23,Potigrafu,29
133562,298,3,Gornet,29
133571,133562,22,Gornet,29
133580,133562,23,Bogdanesti,29
133599,133562,23,Cuib,29
133606,133562,23,Nucet,29
133615,298,3,Gornet-Cricov,29
133624,133615,22,Gornet-Cricov,29
133633,133615,23,Coserele,29
133642,133615,23,Dobrota,29
133651,133615,23,Priseaca,29
133660,133615,23,Tarculesti,29
133679,133615,23,Valea Seaca,29
133688,298,3,Gura Vadului,29
133697,133688,22,Gura Vadului,29
133704,133688,23,Persunari,29
133713,133688,23,Tohani,29
131835,298,3,Gura Vitioarei,29
131844,131835,22,Gura Vitioarei,29
131853,131835,23,Bughea De Jos,29
131862,131835,23,Fagetu,29
131871,131835,23,Fundeni,29
131880,131835,23,Poiana Copaceni,29
133722,298,3,Iordacheanu,29
133731,133722,22,Iordacheanu,29
133740,133722,23,Mocesti,29
133759,133722,23,Plavia,29
133768,133722,23,Straosti,29
133777,133722,23,Valea Cucului,29
133786,133722,23,Varbila,29
133795,298,3,Izvoarele,29
133802,133795,22,Izvoarele,29
133811,133795,23,Cernesti,29
133820,133795,23,Chiritesti,29
133839,133795,23,Homoraciu,29
133848,133795,23,Malu Vanat,29
133857,133795,23,Schiulesti,29
133866,298,3,Jugureni,29
133875,133866,22,Jugureni,29
133884,133866,23,Boboci,29
133893,133866,23,Marginea Padurii,29
133900,133866,23,Valea Unghiului,29
133919,298,3,Lapos,29
133928,133919,22,Lapos,29
133937,133919,23,Glod,29
133946,133919,23,Laposel,29
133955,133919,23,Pietricica,29
133964,298,3,Lipanesti,29
133973,133964,22,Lipanesti,29
133982,133964,23,Satu Nou,29
133991,133964,23,Sipotu,29
134005,133964,23,Zamfira,29
134014,298,3,Magurele,29
134023,134014,22,Magurele,29
134032,134014,23,Coada Malului,29
134041,134014,23,Iazu,29
134050,298,3,Magureni,29
134069,134050,22,Magureni,29
134078,134050,23,Cocorastii Caplii,29
134087,134050,23,Lunca Prahovei,29
134096,298,3,Maneciu,29
134103,134096,22,Maneciu-Ungureni,29
134112,134096,23,Cheia,29
134121,134096,23,Chiciureni,29
134130,134096,23,Costeni,29
134149,134096,23,Facaieni,29
134158,134096,23,Gheaba,29
134167,134096,23,Manastirea Suzana,29
134176,134096,23,Maneciu-Pamanteni,29
134185,134096,23,Plaietu,29
134194,298,3,Manesti,29
134201,134194,22,Manesti,29
134210,134194,23,Baltita,29
134229,136241,23,Chesnoiu,29
134238,134194,23,Coada Izvorului,29
134247,136241,22,Cocorastii Colt,29
134256,136241,23,Cocorastii Grind,29
134265,136241,23,Coltu De Jos,29
134274,136241,23,Ghioldum,29
134283,134194,23,Gura Crivatului,29
134292,136241,23,Persunari,29
134309,136241,23,Piatra,29
134318,136241,23,Satu De Sus,29
134327,134194,23,Zalhanaua,29
134336,298,3,Pacureti,29
134345,134336,22,Pacureti,29
134354,134336,23,Barzila,29
134363,134336,23,Curmatura,29
134372,134336,23,Matita,29
134381,134336,23,Slavu,29
130847,298,3,Paulesti,29
130856,130847,22,Paulesti,29
130865,130847,23,Cocosesti,29
130874,130847,23,Gageni,29
130883,130847,23,Paulestii Noi,29
134390,298,3,Plopu,29
134407,134390,22,Plopu,29
134416,134390,23,Galmeia,29
134425,134390,23,Harsa,29
134434,134390,23,Nisipoasa,29
134443,298,3,Podenii Noi,29
134452,134443,22,Podenii Noi,29
134461,134443,23,Ghiocel,29
134470,134443,23,Mehedinta,29
134489,134443,23,Nevesteasca,29
134498,134443,23,Podu Lui Galben,29
134504,134443,23,Popesti,29
134513,134443,23,Rahova,29
134522,134443,23,Salcioara,29
134531,134443,23,Sfacaru,29
134540,134443,23,Valea Dulce,29
131274,298,3,Poiana Campina,29
131283,131274,22,Poiana Campina,29
131292,131274,23,Bobolia,29
131309,131274,23,Pietrisu,29
131318,131274,23,Ragman,29
134559,298,3,Poienarii Burchii,29
134568,134559,22,Poienarii Burchii,29
134577,134559,23,Carbunari,29
134586,134559,23,Ologeni,29
134595,134559,23,Pioresti,29
134602,134559,23,Podu Valeni,29
134611,134559,23,Poienarii Rali,29
134620,134559,23,Poienarii Vechi,29
134639,134559,23,Tatarai,29
134648,298,3,Posesti,29
134657,134648,22,Posestii-Pamanteni,29
134666,134648,23,Bodesti,29
134675,134648,23,Merdeala,29
134693,134648,23,Nucsoara De Jos,29
134684,134648,23,Nucsoara De Sus,29
134700,134648,23,Posestii Ungureni,29
134719,134648,23,Tarlesti,29
134728,134648,23,Valea Plopului,29
134737,134648,23,Valea Screzii,29
134746,134648,23,Valea Stupinii,29
134755,298,3,Predeal-Sarari,29
134764,134755,22,Predeal,29
134773,134755,23,Bobicesti,29
134782,134755,23,Poienile,29
134791,134755,23,Sarari,29
134808,134755,23,Saratel,29
134817,134755,23,Tulburea,29
134826,134755,23,Tulburea Valeni,29
134835,134755,23,Vitioara De Sus,29
134844,134755,23,Zambroaia,29
134853,298,3,Provita De Jos,29
134862,134853,22,Provita De Jos,29
134871,134853,23,Draganeasa,29
134880,134853,23,Piatra,29
134899,298,3,Provita De Sus,29
134906,134899,22,Provita De Sus,29
134915,134899,23,Izvoru,29
134924,134899,23,Plaiu,29
134933,134899,23,Valea Bradului,29
134942,298,3,Puchenii Mari,29
134951,134942,22,Puchenii Mari,29
134960,134942,23,Miroslavesti,29
134979,134942,23,Moara,29
134988,134942,23,Odaile,29
134997,134942,23,Pietrosani,29
135002,134942,23,Puchenii Mici,29
135011,134942,23,Puchenii Mosneni,29
135020,298,3,Rafov,29
135039,135020,22,Rafov,29
135048,135020,23,Antofiloaia,29
135057,135020,23,Buchilasi,29
135066,135020,23,Buda,29
135075,135020,23,Goga,29
135084,135020,23,Malaiesti,29
135093,135020,23,Moara Domneasca,29
135100,135020,23,Palanca,29
135119,135020,23,Sicrita,29
135128,298,3,Salcia,29
135137,135128,22,Salcia,29
135146,298,3,Salciile,29
135155,135146,22,Salciile,29
135244,298,3,Sangeru,29
135253,135244,22,Sangeru,29
135262,135244,23,Butuci,29
135271,135244,23,Miresu Mare,29
135280,135244,23,Miresu Mic,29
135299,135244,23,Piatra Mica,29
135306,135244,23,Tisa,29
135164,298,3,Scorteni,29
135173,135164,22,Scorteni,29
135182,135164,23,Bordenii Mari,29
135191,135164,23,Bordenii Mici,29
135208,135164,23,Mislea,29
135217,135164,23,Sarca,29
135226,298,3,Secaria,29
135235,135226,22,Secaria,29
135431,298,3,Sirna,29
135440,135431,22,Sirna,29
135459,135431,23,Bratesti,29
135468,135431,23,Coceana,29
135477,135431,23,Habud,29
135486,135431,23,Tariceni,29
135495,135431,23,Varnita,29
135501,298,3,Soimari,29
135510,135501,22,Soimari,29
135529,135501,23,Lopatnita,29
135538,135501,23,Magura,29
135547,298,3,Sotrile,29
135556,135547,22,Sotrile,29
135565,135547,23,Lunca Mare,29
135574,135547,23,Plaiu Cimpinei,29
135583,135547,23,Plaiu Cornului,29
135592,135547,23,Seciuri,29
135609,135547,23,Vistieru,29
135315,298,3,Starchiojd,29
135324,135315,22,Starchiojd,29
135333,136278,22,Batrani,29
135342,135315,23,Bradet,29
135351,135315,23,Gresia,29
135360,136278,23,Poiana Mare,29
135379,135315,23,Rotarea,29
135388,135315,23,Valea Anei,29
135397,135315,23,Zmeuret,29
135618,298,3,Stefesti,29
135627,135618,22,Stefesti,29
135636,135618,23,Scurtesti,29
135645,135618,23,Tarsoreni,29
135404,298,3,Surani,29
135413,135404,22,Surani,29
135422,135404,23,Pacuri,29
135654,298,3,Talea,29
135663,135654,22,Talea,29
135672,135654,23,Plaiu,29
130892,298,3,Targsoru Vechi,29
130909,130892,22,Strejnicu,29
130918,130892,23,Stancesti,29
130927,130892,23,Targsoru Vechi,29
130936,130892,23,Zahanaua,29
135681,298,3,Tataru,29
135690,135681,22,Tataru,29
135707,135681,23,Podgoria,29
135716,135681,23,Silistea,29
135725,298,3,Teisani,29
135734,135725,22,Teisani,29
135743,135725,23,Bugnea De Sus,29
135752,135725,23,Olteni,29
135761,135725,23,Stubeiu,29
135770,135725,23,Valea Stalpului,29
135789,298,3,Telega,29
135798,135789,22,Telega,29
135805,135789,23,Bosilcesti,29
135814,135789,23,Bustenari,29
135823,135789,23,Doftana,29
135832,135789,23,Melicesti,29
135841,135789,23,Tontesti,29
135850,298,3,Tinosu,29
135869,135850,22,Tinosu,29
135887,135850,23,Pisculesti,29
135878,135850,23,Predesti,29
135896,298,3,Tomsani,29
135903,135896,22,Tomsani,29
135912,135896,23,Loloiasca,29
135921,135896,23,Magula,29
135930,135896,23,Satucu,29
136198,298,3,Valcanesti,29
136205,136198,22,Valcanesti,29
136214,136198,23,Carjari,29
136223,136198,23,Trestioara,29
135949,298,3,Valea Calugareasca,29
135958,135949,22,Valea Calugareasca,29
135967,135949,23,Arva,29
135976,135949,23,Coslegi,29
135985,135949,23,Darvari,29
135994,135949,23,Pantazi,29
136009,135949,23,Rachieri,29
136018,135949,23,Radila,29
136027,135949,23,Schiau,29
136036,135949,23,Valea Larga,29
136045,135949,23,Valea Mantei,29
136054,135949,23,Valea Nicovani,29
136063,135949,23,Valea Poienii,29
136072,135949,23,Valea Popii,29
136081,135949,23,Valea Ursoii,29
136090,135949,23,Varfurile,29
136107,298,3,Valea Doftanei,29
136116,136107,22,Tesila,29
136125,136107,23,Traisteni,29
136134,298,3,Varbilau,29
136143,136134,22,Varbilau,29
136152,136134,23,Cotofenesti,29
136161,136134,23,Livadea,29
136170,136134,23,Podu Ursului,29
136189,136134,23,Poiana Varbilau,29
136483,305,1,Mun. Satu Mare,30
136492,136483,9,Satu Mare,30
136508,136483,10,Satmarel,30
136526,305,4,Mun. Carei,30
136535,136526,9,Carei,30
136544,136526,10,Ianculesti,30
136599,305,2,Oras Negresti-Oas,30
136606,136599,17,Negresti-Oas,30
136615,136599,18,Luna,30
136624,136599,18,Tur,30
136642,305,2,Oras Tasnad,30
136651,136642,17,Tasnad,30
136660,136642,19,Blaja,30
136679,136642,19,Cig,30
136688,136642,19,Ratiu,30
136697,136642,19,Sarauad,30
136704,136642,19,Valea Morii,30
136713,305,3,Acis,30
136722,136713,22,Acas,30
136731,136713,23,Ganas,30
136740,136713,23,Mihaieni,30
136759,136713,23,Unimat,30
136768,305,3,Andrid,30
136777,136768,22,Andrid,30
136786,136768,23,Dindesti,30
136795,136768,23,Irina,30
136802,305,3,Apa,30
136811,136802,22,Apa,30
136820,136802,23,Lunca Apei,30
136839,136802,23,Someseni,30
136848,305,2,Oras Ardud,30
136857,136848,17,Ardud,30
136866,136848,19,Ardud-Vii,30
136875,136848,19,Baba Novac,30
136884,136848,19,Gerausa,30
136893,136848,18,Madaras,30
136900,136848,19,Saratura,30
137103,305,3,Barsau,30
137112,137103,22,Barsau De Sus,30
137121,137103,23,Barsau De Jos,30
136919,305,3,Batarci,30
136928,136919,22,Batarci,30
136937,136919,23,Comlausa,30
136946,136919,23,Sirlau,30
136955,136919,23,Tamaseni,30
136964,305,3,Beltiug,30
136973,136964,22,Beltiug,30
136982,136964,23,Bolda,30
136991,136964,23,Ghirisa,30
137005,136964,23,Giungi,30
137014,136964,23,Ratesti,30
137023,136964,23,Sandra,30
137032,305,3,Berveni,30
137041,137032,22,Berveni,30
137050,137032,23,Lucaceni,30
137069,305,3,Bixad,30
137078,137069,22,Bixad,30
137087,137069,23,Boinesti,30
137096,137069,23,Trip,30
137130,305,3,Bogdand,30
137149,137130,22,Bogdand,30
137158,137130,23,Babta,30
137167,137130,23,Corund,30
137176,137130,23,Ser,30
137185,305,3,Botiz,30
137194,137185,22,Botiz,30
137201,179873,22,Agris,30
137210,179873,23,Ciuperceni,30
137229,305,3,Calinesti-Oas,30
137238,137229,22,Calinesti-Oas,30
137247,137229,23,Coca,30
137256,137229,23,Lechinta,30
137265,137229,23,Pasunea Mare,30
137274,305,3,Camarzana,30
137283,137274,22,Camarzana,30
136553,305,3,Capleni,30
136562,136553,22,Capleni,30
136571,179677,22,Camin,30
137292,305,3,Cauas,30
137309,137292,22,Cauas,30
137318,137292,23,Ady Endre,30
137327,137292,23,Ghenci,30
137336,137292,23,Ghilesti,30
137345,137292,23,Hotoan,30
137354,137292,23,Radulesti,30
137363,305,3,Cehal,30
137372,137363,22,Cehalut,30
137381,137363,23,Cehal,30
137390,137363,23,Orbau,30
137407,305,3,Certeze,30
137416,137407,22,Certeze,30
137425,137407,23,Huta Certeze,30
137434,137407,23,Moiseni,30
137443,305,3,Craidorolt,30
137452,137443,22,Craidorolt,30
137461,137443,23,Criseni,30
137470,137443,23,Eriu Sancrai,30
137489,137443,23,Satu Mic,30
137498,137443,23,Teghea,30
137504,305,3,Crucisor,30
137513,137504,22,Crucisor,30
137522,137504,23,Iegheriste,30
137531,137504,23,Poiana Codrului,30
137540,305,3,Culciu,30
137559,137540,22,Culciu Mare,30
137568,137540,23,Apateu,30
137577,137540,23,Caraseu,30
137586,137540,23,Corod,30
137595,137540,23,Culciu Mic,30
137602,137540,23,Lipau,30
137611,305,3,Doba,30
137620,137611,22,Doba,30
137639,137611,23,Boghis,30
137648,137611,23,Dacia,30
137657,137611,23,Paulian,30
137666,137611,23,Traian,30
137675,305,3,Dorolt,30
137684,137675,22,Dorolt,30
137693,137675,23,Atea,30
137700,137675,23,Dara,30
137719,137675,23,Petea,30
137728,305,3,Foieni,30
137737,137728,22,Foieni,30
137746,305,3,Gherta Mica,30
137755,137746,22,Gherta Mica,30
137764,305,3,Halmeu,30
137773,137764,22,Halmeu,30
137782,137764,23,Babesti,30
137791,180028,23,Cidreag,30
137808,137764,23,Dobolt,30
137817,137764,23,Halmeu Vii,30
137826,137764,23,Mesteacan,30
137835,180028,22,Porumbesti,30
137844,305,3,Hodod,30
137853,137844,22,Hodod,30
137862,137844,23,Giurtelecu Hododului,30
137871,137844,23,Lelei,30
137880,137844,23,Nadisu Hododului,30
137899,305,3,Homoroade,30
137906,137899,22,Homorodu De Mijloc,30
137915,137899,23,Chilia,30
137924,137899,23,Homorodu De Jos,30
137933,137899,23,Homorodu De Sus,30
137942,137899,23,Necopoi,30
137951,137899,23,Solduba,30
137960,305,3,Lazuri,30
137979,137960,22,Lazuri,30
137988,137960,23,Bercu,30
137997,137960,23,Nisipeni,30
138002,137960,23,Noroieni,30
138011,137960,23,Peles,30
138020,137960,23,Pelisor,30
138039,305,2,Oras Livada,30
138048,138039,17,Livada,30
138057,138039,18,Adrian,30
138066,138039,18,Dumbrava,30
138075,138039,18,Livada Mica,30
138084,305,3,Mediesu Aurit,30
138093,138084,22,Mediesu Aurit,30
138100,138084,23,Babasesti,30
138119,138084,23,Iojib,30
138128,138084,23,Medies Raturi,30
138137,138084,23,Medies Vii,30
138146,138084,23,Potau,30
138155,138084,23,Romanesti,30
138164,305,3,Micula,30
138173,138164,22,Micula,30
138182,138164,23,Bercu Nou,30
138191,138164,23,Micula Noua,30
138208,305,3,Moftin,30
138217,138208,22,Moftinu Mic,30
138226,138208,23,Domanesti,30
138235,138208,23,Ghilvaci,30
138244,138208,23,Ghirolt,30
138253,138208,23,Istrau,30
138262,138208,23,Moftinu Mare,30
138271,138208,23,Sanmiclaus,30
138280,305,3,Odoreu,30
138299,138280,22,Odoreu,30
138306,138280,23,Berindan,30
138315,138280,23,Cucu,30
138324,138280,23,Eteni,30
138333,138280,23,Martinesti,30
138342,138280,23,Vanatoresti,30
138351,305,3,Orasu Nou,30
138360,138351,22,Orasu Nou,30
138379,138351,23,Orasu Nou-Vii,30
138388,138351,23,Prilog,30
138397,138351,23,Prilog Vii,30
138404,138351,23,Racsa,30
138413,138351,23,Racsa Vii,30
138422,138351,23,Remetea Oasului,30
138431,305,3,Paulesti,30
138440,138431,22,Paulesti,30
138459,138431,23,Amati,30
138468,138431,23,Ambud,30
138477,138431,23,Hrip,30
138486,138431,23,Petin,30
138495,138431,23,Ruseni,30
138501,305,3,Petresti,30
138510,138501,22,Petresti,30
138529,138501,23,Dandestiu Mic,30
138538,305,3,Pir,30
138547,138538,22,Pir,30
138556,138538,23,Piru Nou,30
138565,138538,23,Sarvazel,30
138574,305,3,Piscolt,30
138583,138574,22,Piscolt,30
138592,138574,23,Resighea,30
138609,138574,23,Scarisoara Noua,30
138618,305,3,Pomi,30
138627,138618,22,Pomi,30
138636,138618,23,Aciua,30
138645,138618,23,Bicau,30
138654,138618,23,Borlesti,30
138770,305,3,Sacaseni,30
138789,138770,22,Sacaseni,30
138798,138770,23,Chegea,30
138663,305,3,Sanislau,30
138672,138663,22,Sanislau,30
138681,179882,23,Berea,30
138690,179882,22,Ciumesti,30
138707,138663,23,Horea,30
138716,138663,23,Marna Noua,30
138725,179882,23,Viisoara,30
138734,305,3,Santau,30
138743,138734,22,Santau,30
138752,138734,23,Chereusa,30
138761,138734,23,Sudurau,30
138805,305,3,Sauca,30
138814,138805,22,Sauca,30
138823,138805,23,Becheni,30
138832,138805,23,Cean,30
138841,138805,23,Chisau,30
138850,138805,23,Silvas,30
138869,305,3,Socond,30
138878,138869,22,Socond,30
138887,138869,23,Cuta,30
138896,138869,23,Hodisa,30
138903,138869,23,Soconzel,30
138912,138869,23,Stana,30
138921,305,3,Supur,30
138930,138921,22,Supuru De Jos,30
138949,138921,23,Dobra,30
138958,138921,23,Giorocuta,30
138967,138921,23,Hurezu Mare,30
138976,138921,23,Racova,30
138985,138921,23,Secheresa,30
138994,138921,23,Supuru De Sus,30
139009,305,3,Tarna Mare,30
139018,139009,22,Tarna Mare,30
139027,139009,23,Bocicau,30
139045,139009,23,Vagas,30
139036,139009,23,Valea Seaca,30
139143,305,3,Tarsolt,30
139152,139143,22,Tarsolt,30
139161,139143,23,Aliceni,30
139054,305,3,Terebesti,30
139063,139054,22,Terebesti,30
139072,139054,23,Aliza,30
139081,139054,23,Gelu,30
139090,139054,23,Piscari,30
139107,305,3,Tiream,30
139116,139107,22,Tiream,30
139125,139107,23,Portita,30
139134,139107,23,Vezendiu,30
139170,305,3,Turt,30
139189,139170,22,Turt,30
139198,139170,23,Gherta Mare,30
139205,139170,23,Turt Bai,30
139214,305,3,Turulung,30
139223,139214,22,Turulung,30
139232,139214,23,Draguseni,30
139241,139214,23,Turulung Vii,30
139250,305,3,Urziceni,30
139269,139250,22,Urziceni,30
139278,139250,23,Urziceni Padure,30
139287,305,3,Valea Vinului,30
139296,139287,22,Valea Vinului,30
139303,139287,23,Marius,30
139312,139287,23,Rosiori,30
139321,139287,23,Sai,30
139330,305,3,Vama,30
139349,139330,22,Vama,30
139358,305,3,Vetis,30
139367,139358,22,Vetis,30
139376,139358,23,Decebal,30
139385,139358,23,Oar,30
139394,305,3,Viile Satu Mare,30
139401,139394,22,Viile Satu Mare,30
139410,139394,23,Cionchesti,30
139429,139394,23,Medisa,30
139438,139394,23,Tataresti,30
139447,139394,23,Tireac,30
139704,314,1,Mun. Zalau,31
139713,139704,9,Zalau,31
139722,139704,10,Stana,31
139740,314,2,Oras Cehu Silvaniei,31
139759,139740,17,Cehu Silvaniei,31
139768,139740,19,Horoatu Cehului,31
139777,139740,19,Motis,31
139786,139740,19,Nadis,31
139795,139740,19,Ulciug,31
139811,314,2,Oras Jibou,31
139820,139811,17,Jibou,31
139839,139811,19,Cuceu,31
139848,139811,19,Husia,31
139857,139811,19,Rona,31
139866,139811,19,Var,31
139884,314,2,Oras Simleu Silvaniei,31
139893,139884,17,Simleu Silvaniei,31
139900,139884,18,Bic,31
139919,139884,18,Cehei,31
139928,139884,18,Pusta,31
139937,314,3,Agrij,31
139946,139937,22,Agrij,31
139964,139937,23,Rastoltu Desert,31
139982,314,3,Almasu,31
139991,139982,22,Almasu,31
140002,139982,23,Babiu,31
140011,139982,23,Cutis,31
140020,139982,23,Jebucu,31
140039,139982,23,Mesteacanu,31
140048,139982,23,Petrinzel,31
140057,139982,23,Sfaras,31
140066,139982,23,Stana,31
140075,139982,23,Taudu,31
140084,314,3,Babeni,31
140093,140084,22,Babeni,31
140100,140084,23,Ciocmani,31
140119,140084,23,Clit,31
140128,140084,23,Pirosa,31
140137,140084,23,Poienita,31
140146,314,3,Balan,31
140155,140146,22,Balan,31
140164,140146,23,Chechis,31
140173,140146,23,Chendrea,31
140191,140146,23,Galgau Almasului,31
140182,140146,23,Galpaia,31
140208,314,3,Banisor,31
140217,140208,22,Banisor,31
140226,140208,23,Ban,31
140235,140208,23,Peceiu,31
140244,314,3,Benesat,31
140253,140244,22,Benesat,31
140262,140244,23,Alunis,31
140271,140244,23,Biusa,31
140280,314,3,Bobota,31
140299,140280,22,Bobota,31
140306,140280,23,Dersida,31
140315,140280,23,Zalnoc,31
140324,314,3,Bocsa,31
140333,140324,22,Bocsa,31
140342,140324,23,Borla,31
140351,140324,23,Campia,31
140360,140324,23,Salajeni,31
140379,314,3,Buciumi,31
140388,140379,22,Buciumi,31
140397,140379,23,Bodia,31
140404,140379,23,Bogdana,31
140413,140379,23,Huta,31
140422,140379,23,Rastolt,31
140431,140379,23,Sangeorgiu De Meses,31
140440,314,3,Camar,31
140459,140440,22,Camar,31
140468,140440,23,Padureni,31
140477,314,3,Carastelec,31
140486,140477,22,Carastelec,31
140495,140477,23,Dumuslau,31
140501,314,3,Chiesd,31
140510,140501,22,Chiesd,31
140529,140501,23,Colonia Sighetu Silvaniei,31
140538,140501,23,Sighetu Silvaniei,31
140547,314,3,Cizer,31
140556,140547,22,Cizer,31
140565,140547,23,Plesca,31
140574,140547,23,Pria,31
140583,314,3,Coseiu,31
140592,140583,22,Coseiu,31
140609,140583,23,Archid,31
140618,140583,23,Chilioara,31
140627,314,3,Crasna,31
140636,140627,22,Crasna,31
140645,140627,23,Huseni,31
140654,140627,23,Marin,31
140663,140627,23,Ratin,31
140672,314,3,Creaca,31
140681,140672,22,Creaca,31
140690,140672,23,Borza,31
140707,140672,23,Brebi,31
140716,140672,23,Brusturi,31
140725,140672,23,Ciglean,31
140734,140672,23,Jac,31
140743,140672,23,Lupoaia,31
140752,140672,23,Prodanesti,31
140761,140672,23,Viile Jacului,31
140823,314,3,Criseni,31
140832,140823,22,Criseni,31
140841,140823,23,Cristur Criseni,31
140850,140823,23,Garceiu,31
140770,314,3,Cristolt,31
140789,140770,22,Cristolt,31
140798,140770,23,Muncel,31
140805,140770,23,Poiana Ontii,31
140814,140770,23,Valeni,31
140869,314,3,Cuzaplac,31
140878,140869,22,Cuzaplac,31
140887,140869,23,Cublesu,31
140896,140869,23,Galaseni,31
140903,140869,23,Mierta,31
140912,140869,23,Petrindu,31
140921,140869,23,Ruginoasa,31
140930,140869,23,Stoboru,31
140949,140869,23,Tamasa,31
140958,314,3,Dobrin,31
140967,140958,22,Dobrin,31
140976,140958,23,Deleni,31
140985,140958,23,Doba,31
140994,140958,23,Naimon,31
141009,140958,23,Sancraiu Silvaniei,31
141018,140958,23,Verveghiu,31
141027,314,3,Dragu,31
141036,141027,22,Dragu,31
141045,141027,23,Adalin,31
141054,141027,23,Fantanele,31
141063,141027,23,Ugrutiu,31
141072,141027,23,Voivodeni,31
141081,314,3,Fildu De Jos,31
141090,141081,22,Fildu De Jos,31
141107,141081,23,Fildu De Mijloc,31
141116,141081,23,Fildu De Sus,31
141125,141081,23,Tetisu,31
141134,314,3,Galgau,31
141143,141134,22,Galgau,31
141152,141134,23,Barsau Mare,31
141161,141134,23,Capalna,31
141170,141134,23,Chizeni,31
141189,141134,23,Dobrocina,31
141198,141134,23,Fodora,31
141205,141134,23,Francenii De Piatra,31
141214,141134,23,Glod,31
141223,141134,23,Gura Vladesei,31
141232,314,3,Garbou,31
141241,141232,22,Garbou,31
141250,141232,23,Bezded,31
141269,141232,23,Calacea,31
141278,141232,23,Cernuc,31
141287,141232,23,Fabrica,31
141296,141232,23,Popteleac,31
141303,141232,23,Solomon,31
141312,314,3,Halmasd,31
141321,141312,22,Halmasd,31
141330,141312,23,Aleus,31
141349,141312,23,Cerisa,31
141358,141312,23,Drighiu,31
141367,141312,23,Fufez,31
141376,314,3,Hereclean,31
141385,141376,22,Hereclean,31
141394,141376,23,Badon,31
141401,141376,23,Bocsita,31
141410,141376,23,Diosod,31
141429,141376,23,Guruslau,31
141438,141376,23,Panic,31
141447,314,3,Hida,31
141456,141447,22,Hida,31
141465,141447,23,Baica,31
141474,141447,23,Miluani,31
141483,141447,23,Paduris,31
141492,141447,23,Racas,31
141508,141447,23,Sanpetru Almasului,31
141517,141447,23,Stupini,31
141526,141447,23,Trestia,31
141535,314,3,Horoatu Crasnei,31
141544,141535,22,Horoatu Crasnei,31
141553,141535,23,Hurez,31
141571,141535,23,Seredeiu,31
141562,141535,23,Starciu,31
141580,314,3,Ileanda,31
141599,141580,22,Ileanda,31
141615,141580,23,Birsauta,31
141606,141580,23,Bizusa Bai,31
141624,141580,23,Dabaceni,31
141633,141580,23,Dolheni,31
141642,141580,23,Luminisu,31
141651,141580,23,Maleni,31
141660,141580,23,Negreni,31
141679,141580,23,Perii Vadului,31
141688,141580,23,Podisu,31
141697,141580,23,Rastoci,31
141704,141580,23,Rogna,31
141713,141580,23,Sasa,31
141722,314,3,Ip,31
141731,141722,22,Ip,31
141740,141722,23,Cosniciu De Jos,31
141759,141722,23,Cosniciu De Sus,31
141768,141722,23,Zauan,31
141777,141722,23,Zauan Bai,31
141786,314,3,Letca,31
141795,141786,22,Letca,31
141802,141786,23,Ciula,31
141811,141786,23,Cozla,31
141820,141786,23,Cuciulat,31
141839,141786,23,Lemniu,31
141848,141786,23,Purcaret,31
141857,141786,23,Soimuseni,31
141866,141786,23,Toplita,31
141875,141786,23,Valisoara,31
141884,314,3,Lozna,31
141893,141884,22,Lozna,31
141900,141884,23,Cormenis,31
141919,141884,23,Preluci,31
141928,141884,23,Valea Lesului,31
141937,141884,23,Valea Loznei,31
142006,314,3,Maeriste,31
142015,142006,22,Maeriste,31
142024,142006,23,Cristelec,31
142033,142006,23,Doh,31
142042,142006,23,Giurtelecu Simleului,31
142051,142006,23,Maladia,31
142060,142006,23,Uileacu Simleului,31
141946,314,3,Marca,31
141955,141946,22,Marca,31
141964,141946,23,Lesmir,31
141973,141946,23,Marca Huta,31
141982,141946,23,Port,31
141991,141946,23,Sumal,31
142079,314,3,Mesesenii De Jos,31
142088,142079,22,Mesesenii De Jos,31
142097,142079,23,Aghires,31
142104,142079,23,Fetindia,31
142113,142079,23,Mesesenii De Sus,31
142122,314,3,Mirsid,31
142131,142122,22,Mirsid,31
142140,142122,23,Firminis,31
142159,142122,23,Moigrad-Porolissum,31
142168,142122,23,Popeni,31
142177,314,3,Napradea,31
142186,142177,22,Napradea,31
142195,142177,23,Cheud,31
142202,142177,23,Somes Guruslau,31
142211,142177,23,Tranis,31
142220,142177,23,Vadurele,31
142239,314,3,Nusfalau,31
142248,142239,22,Nusfalau,31
142257,142239,23,Bilghez,31
142266,180037,22,Boghis,31
142275,180037,23,Bozies,31
142284,314,3,Pericei,31
142293,142284,22,Pericei,31
142300,142284,23,Badacin,31
142319,142284,23,Periceiu Mic,31
142328,142284,23,Sici,31
142337,314,3,Plopis,31
142346,142337,22,Plopis,31
142355,142337,23,Fagetu,31
142364,142337,23,Iaz,31
142373,314,3,Poiana Blenchii,31
142382,142373,22,Poiana Blenchii,31
142391,142373,23,Falcusa,31
142408,142373,23,Gostila,31
142417,142373,23,Magura,31
142426,314,3,Romanasi,31
142435,142426,22,Romanasi,31
142444,142426,23,Chichisa,31
142453,142426,23,Ciumarna,31
142462,142426,23,Pausa,31
142471,142426,23,Poarta Salajului,31
142480,142426,23,Romita,31
142499,314,3,Rus,31
142505,142499,22,Rus,31
142514,142499,23,Buzas,31
142523,142499,23,Fantanele Rus,31
142532,179695,23,Hasmas,31
142541,179695,22,Simisna,31
142612,314,3,Sag,31
142621,142612,22,Sag,31
142630,142612,23,Fizes,31
142649,142612,23,Mal,31
142658,142612,23,Sarbi,31
142667,142612,23,Tusa,31
142550,314,3,Salatig,31
142569,142550,22,Salatig,31
142578,142550,23,Bulgari,31
142587,142550,23,Deja,31
142596,142550,23,Mineu,31
142603,142550,23,Notig,31
142854,314,3,Samsud,31
142863,142854,22,Samsud,31
142872,142854,23,Valea Pomilor,31
142676,314,3,Sanmihaiu Almasului,31
142685,142676,22,Sanmihaiu Almasului,31
142694,142676,23,Bercea,31
142701,142676,23,Santa Maria,31
142881,314,3,Sarmasag,31
142890,142881,22,Sarmasag,31
142907,142881,23,Ilisua,31
142916,142881,23,Lompirt,31
142925,142881,23,Moiad,31
142934,142881,23,Poiana Magura,31
142943,142881,23,Tarmure,31
142710,314,3,Somes-Odorhei,31
142729,142710,22,Somes-Odorhei,31
142738,142710,23,Barsa,31
142747,142710,23,Domnin,31
142756,142710,23,Inau,31
142765,142710,23,Soimus,31
142774,314,3,Surduc,31
142783,142774,22,Surduc,31
142792,142774,23,Braglez,31
142809,142774,23,Cristoltel,31
142818,142774,23,Solona,31
142827,142774,23,Testioara,31
142836,142774,23,Tihau,31
142845,142774,23,Turbuta,31
179631,314,3,Treznea,31
139973,179631,22,Treznea,31
139955,179631,23,Bozna,31
142952,314,3,Valcau De Jos,31
142961,142952,22,Valcau De Jos,31
142970,142952,23,Lazuri,31
142989,142952,23,Preoteasa,31
142998,142952,23,Ratovei,31
143003,142952,23,Sub Cetate,31
143012,142952,23,Valcau De Sus,31
143021,314,3,Varsolt,31
143030,143021,22,Varsolt,31
143049,143021,23,Recea,31
143058,143021,23,Recea Mica,31
143067,314,3,Zalha,31
143076,143067,22,Zalha,31
143085,143067,23,Ceaca,31
143094,143067,23,Ciureni,31
143101,143067,23,Valea Ciurenilor,31
143110,143067,23,Valea Hranei,31
143129,143067,23,Valea Lunga,31
143138,143067,23,Vartesca,31
143147,314,3,Zimbor,31
143156,143147,22,Zimbor,31
143165,143147,23,Chendremal,31
143174,143147,23,Dolu,31
143192,143147,23,Sancraiu Almasului,31
143183,143147,23,Sutoru,31
143450,323,1,Mun. Sibiu,32
143469,143450,9,Sibiu,32
143478,143450,10,Paltinis,32
143619,323,4,Mun. Medias,32
143628,143619,9,Medias,32
143637,143619,11,Ighisu Nou,32
143682,323,2,Oras Agnita,32
143691,143682,17,Agnita,32
143708,143682,18,Coves,32
143717,143682,18,Ruja,32
144054,323,2,Oras Avrig,32
144063,144054,17,Avrig,32
144072,144054,19,Bradu,32
144081,144054,19,Glamboaca,32
144090,144054,19,Marsa,32
144107,144054,19,Sacadate,32
143735,323,2,Oras Cisnadie,32
143744,143735,17,Cisnadie,32
143753,143735,18,Cisnadioara,32
143771,323,2,Oras Copsa Mica,32
143780,143771,17,Copsa Mica,32
143806,323,2,Oras Dumbraveni,32
143815,143806,17,Dumbraveni,32
143824,143806,18,Ernea,32
143833,143806,18,Saros Pe Tarnave,32
143851,323,2,Oras Ocna Sibiului,32
143860,143851,17,Ocna Sibiului,32
143879,143851,19,Toparcea,32
145827,323,2,Oras Talmaciu,32
145836,145827,17,Talmaciu,32
145845,146021,22,Boita,32
145854,145827,19,Colonia Talmaciu,32
145863,146021,23,Lazaret,32
145872,146021,23,Lotrioara,32
145881,146021,23,Paltin,32
145890,145827,19,Talmacel,32
143888,323,3,Altina,32
143897,143888,22,Altina,32
143904,143888,23,Benesti,32
143913,143888,23,Ghijasa De Sus,32
143922,323,3,Apoldu De Jos,32
143931,143922,22,Apoldu De Jos,32
143940,143922,23,Sangatin,32
143959,323,3,Arpasu De Jos,32
143968,143959,22,Arpasu De Jos,32
143977,143959,23,Arpasu De Sus,32
143986,143959,23,Noul Roman,32
143995,323,3,Atel,32
144009,143995,22,Atel,32
144018,146012,22,Alma,32
144027,143995,23,Dupus,32
144036,146012,23,Giacas,32
144045,146012,23,Smig,32
144116,323,3,Axente Sever,32
144125,144116,22,Axente Sever,32
144134,144116,23,Agarbiciu,32
144143,144116,23,Soala,32
144152,323,3,Bazna,32
144161,144152,22,Bazna,32
144170,144152,23,Boian,32
144189,144152,23,Velt,32
144198,323,3,Biertan,32
144205,144198,22,Biertan,32
144214,144198,23,Copsa Mare,32
144223,144198,23,Richis,32
144232,323,3,Birghis,32
144241,144232,22,Barghis,32
144250,144232,23,Apos,32
144269,144232,23,Ighisu Vechi,32
144278,144232,23,Pelisor,32
144287,144232,23,Vecerd,32
144296,144232,23,Zlagna,32
144303,323,3,Blajel,32
144312,144303,22,Blajel,32
144321,144303,23,Paucea,32
144330,144303,23,Romanesti,32
144376,323,3,Bradeni,32
144385,144376,22,Bradeni,32
144394,144376,23,Retis,32
144401,144376,23,Teline,32
144349,323,3,Brateiu,32
144358,144349,22,Brateiu,32
144367,144349,23,Buzd,32
144410,323,3,Bruiu,32
144429,144410,22,Bruiu,32
144438,144410,23,Gherdeal,32
144447,144410,23,Somartin,32
144508,323,3,Carta,32
144517,144508,22,Carta,32
144526,144508,23,Poienita,32
144535,323,3,Cartisoara,32
144544,144535,22,Cartisoara,32
144456,323,3,Chirpar,32
144465,144456,22,Chirpar,32
144474,144456,23,Sasaus,32
144483,144456,23,Vard,32
144492,144456,23,Veseud,32
143487,323,3,Cristian,32
143496,143487,22,Cristian,32
144553,323,3,Darlos,32
144562,144553,22,Darlos,32
144571,144553,23,Curciu,32
144580,144553,23,Valea Lunga,32
144599,323,3,Gura Raului,32
144606,144599,22,Gura Raului,32
144615,323,3,Hoghilag,32
144624,144615,22,Hoghilag,32
144633,144615,23,Prod,32
144642,144615,23,Valchid,32
144651,323,3,Iacobeni,32
144660,144651,22,Iacobeni,32
144679,144651,23,Movile,32
144688,144651,23,Netus,32
144697,144651,23,Noistat,32
144704,144651,23,Stejarisu,32
144713,323,3,Jina,32
144722,144713,22,Jina,32
144731,323,3,Laslea,32
144740,144731,22,Laslea,32
144759,144731,23,Floresti,32
144768,144731,23,Malancrav,32
144777,144731,23,Nou Sasesc,32
144786,144731,23,Roandola,32
144795,323,3,Loamnes,32
144802,144795,22,Loamnes,32
144811,144795,23,Alamor,32
144820,144795,23,Armeni,32
144839,144795,23,Hasag,32
144848,144795,23,Mandra,32
144857,144795,23,Sadinca,32
144866,323,3,Ludos,32
144875,144866,22,Ludos,32
144884,144866,23,Gusu,32
144893,323,3,Marpod,32
144900,144893,22,Marpod,32
144919,144893,23,Ilimbav,32
144964,323,3,Merghindeal,32
144973,144964,22,Merghindeal,32
144982,144964,23,Dealu Frumos,32
144991,323,3,Micasasa,32
145006,144991,22,Micasasa,32
145015,144991,23,Chesler,32
145024,144991,23,Tapu,32
145033,144991,23,Valeni,32
144928,323,2,Oras Miercurea Sibiului,32
144937,144928,17,Miercurea Sibiului,32
144946,144928,19,Apoldu De Sus,32
144955,144928,19,Dobarca,32
145042,323,3,Mihaileni,32
145051,145042,22,Mihaileni,32
145060,145042,23,Metis,32
145079,145042,23,Moardas,32
145088,145042,23,Ravasel,32
145097,145042,23,Salcau,32
145104,323,3,Mosna,32
145113,145104,22,Mosna,32
145122,145104,23,Alma Vii,32
145131,145104,23,Nemsa,32
145140,323,3,Nocrich,32
145159,145140,22,Nocrich,32
145168,145140,23,Fofeldea,32
145177,145140,23,Ghijasa De Jos,32
145186,145140,23,Hosman,32
145195,145140,23,Tichindeal,32
145202,323,3,Orlat,32
145211,145202,22,Orlat,32
145220,323,3,Pauca,32
145239,145220,22,Pauca,32
145248,145220,23,Bogatu Roman,32
145257,145220,23,Brosteni,32
145266,145220,23,Presaca,32
145275,323,3,Poiana Sibiului,32
145284,145275,22,Poiana Sibiului,32
143502,323,3,Poplaca,32
143511,143502,22,Poplaca,32
145293,323,3,Porumbacu De Jos,32
145300,145293,22,Porumbacu De Jos,32
145319,145293,23,Colun,32
145328,145293,23,Porumbacu De Sus,32
145337,145293,23,Sarata,32
145346,145293,23,Scoreiu,32
145355,323,3,Racovita,32
145364,145355,22,Racovita,32
145373,145355,23,Sebesu De Sus,32
143520,323,3,Rasinari,32
143539,143520,22,Rasinari,32
143548,143520,23,Prislop,32
145382,323,3,Rau Sadului,32
145391,145382,22,Rau Sadului,32
145408,323,3,Rosia,32
145417,145408,22,Rosia,32
145426,145408,23,Casolt,32
145435,145408,23,Cornatel,32
145444,145408,23,Daia,32
145453,145408,23,Nou,32
145462,145408,23,Nucet,32
145471,323,3,Sadu,32
145480,145471,22,Sadu,32
145499,323,2,Oras Saliste,32
145505,145499,17,Saliste,32
145514,145499,18,Aciliu,32
145523,145499,18,Amnas,32
145532,145499,18,Crint,32
145550,145499,18,Fantanele,32
145541,145499,18,Gales,32
145569,145499,18,Mag,32
145578,145499,18,Sacel,32
145587,145499,18,Sibiel,32
145596,145499,18,Vale,32
145667,323,3,Seica Mare,32
145676,145667,22,Seica Mare,32
145685,145667,23,Boarta,32
145694,145667,23,Buia,32
145701,145667,23,Mighindoala,32
145710,145667,23,Petis,32
145729,145667,23,Stenea,32
145738,323,3,Seica Mica,32
145747,145738,22,Seica Mica,32
145756,145738,23,Sorostin,32
143557,323,3,Selimbar,32
143566,143557,22,Selimbar,32
143575,143557,23,Bungard,32
143584,143557,23,Mohu,32
143593,143557,23,Vestem,32
145603,323,3,Slimnic,32
145612,145603,22,Slimnic,32
145621,145603,23,Albi,32
145630,145603,23,Padureni,32
145649,145603,23,Rusi,32
145658,145603,23,Veseud,32
145765,323,3,Sura Mare,32
145774,145765,22,Sura Mare,32
145783,145765,23,Hamba,32
145792,323,3,Sura Mica,32
145809,145792,22,Sura Mica,32
145818,145792,23,Rusciori,32
143646,323,3,Tarnava,32
143655,143646,22,Tarnava,32
143664,143646,23,Colonia Tarnava,32
145907,323,3,Tilisca,32
145916,145907,22,Tilisca,32
145925,145907,23,Rod,32
145934,323,3,Turnu Rosu,32
145943,145934,22,Turnu Rosu,32
145952,145934,23,Sebesu De Jos,32
145961,323,3,Valea Viilor,32
145970,145961,22,Valea Viilor,32
145989,145961,23,Motis,32
145998,323,3,Vurpar,32
146003,145998,22,Vurpar,32
146263,332,1,Mun. Suceava,33
146272,146263,9,Suceava,33
146502,332,4,Mun. Campulung Moldovenesc,33
146511,146502,9,Campulung Moldovenesc,33
146539,332,4,Mun. Falticeni,33
146548,146539,9,Falticeni,33
146557,146539,10,Soldanesti,33
146566,146539,10,Tarna Mare,33
146628,332,4,Mun. Radauti,33
146637,146628,9,Radauti,33
146584,332,2,Oras Gura Humorului,33
146593,146584,17,Gura Humorului,33
146600,146584,18,Voronet,33
146655,332,2,Oras Siret,33
146664,146655,17,Siret,33
146673,146655,18,Manastioara,33
146682,146655,18,Padureni,33
146708,332,2,Oras Solca,33
146717,146708,17,Solca,33
146726,151585,22,Poieni-Solca,33
146744,332,4,Mun. Vatra Dornei,33
146753,146744,9,Vatra Dornei,33
146762,146744,10,Argestru,33
146771,146744,10,Rosu,33
146780,146744,10,Todireni,33
146799,332,3,Adancata,33
146806,146799,22,Adancata,33
146815,151512,23,Artari,33
146824,151512,23,Beresti,33
146833,146799,23,Calugareni,33
146842,146799,23,Fetesti,33
146851,151512,22,Hantesti,33
146860,332,3,Arbore,33
146879,146860,22,Arbore,33
146888,146860,23,Bodnareni,33
146897,146860,23,Clit,33
146904,332,3,Baia,33
146913,146904,22,Baia,33
146922,146904,23,Bogata,33
146995,332,3,Balcauti,33
147009,146995,22,Balcauti,33
147018,146995,23,Gropeni,33
147027,146995,23,Negostina,33
147036,332,3,Bilca,33
147045,147036,22,Bilca,33
147054,332,3,Bogdanesti,33
147063,147054,22,Bogdanesti,33
147072,332,3,Boroaia,33
147081,147072,22,Boroaia,33
147090,147072,23,Barasti,33
147107,147072,23,Giulesti,33
147116,147072,23,Moisa,33
147125,147072,23,Sacuta,33
147134,332,3,Bosanci,33
147143,147134,22,Bosanci,33
147152,147134,23,Cumparatura,33
147161,332,3,Botosana,33
147170,147161,22,Botosana,33
147189,151433,22,Comanesti,33
147198,151433,23,Humoreni,33
147205,332,3,Breaza,33
147214,147205,22,Breaza,33
147223,147205,23,Breaza De Sus,33
147232,147205,23,Parau Negrei,33
147241,332,3,Brodina,33
147250,147241,22,Brodina,33
147269,147241,23,Brodina De Jos,33
147278,147241,23,Cununschi,33
147287,147241,23,Dubiusca,33
147296,147241,23,Ehreste,33
147303,147241,23,Falcau,33
147312,147241,23,Norocu,33
147321,147241,23,Paltin,33
147330,147241,23,Sadau,33
147349,147241,23,Zalomestra,33
147358,332,2,Oras Brosteni,33
147367,147358,17,Brosteni,33
147376,147358,19,Cotargasi,33
147385,147358,19,Darmoxa,33
147394,147358,19,Frasin,33
147401,147358,18,Haleasa,33
147410,147358,19,Holda,33
147429,147358,19,Holdita,33
147438,147358,18,Lungeni,33
147447,147358,18,Neagra,33
147456,147358,19,Pietroasa,33
147465,332,3,Bunesti,33
147474,147465,22,Bunesti,33
147483,147465,23,Petia,33
147492,147465,23,Podeni,33
147508,147465,23,Ses,33
147517,147465,23,Uncesti,33
147526,332,3,Cacica,33
147535,147526,22,Partestii De Sus,33
147544,147526,23,Cacica,33
147553,147526,23,Maidan,33
147562,147526,23,Runcu,33
147571,147526,23,Solonetu Nou,33
147633,332,2,Oras Cajvana,33
147642,147633,17,Cajvana,33
147651,147633,19,Codru,33
147580,332,3,Calafindesti,33
147599,147580,22,Calafindesti,33
147606,147580,23,Botosanita Mare,33
147615,151460,23,Calinesti,33
147624,151460,22,Serbauti,33
147713,332,3,Carlibaba,33
147722,147713,22,Carlibaba,33
147731,147713,23,Carlibaba Noua,33
147740,147713,23,Iedu,33
147759,147713,23,Sesuri,33
147768,147713,23,Tibau,33
147777,147713,23,Valea Stanei,33
147660,332,3,Ilisesti,33
147679,147660,22,Ilisesti,33
147688,151530,22,Balaceana,33
147697,147660,23,Brasca,33
147704,151567,22,Ciprian Porumbescu,33
147786,332,3,Cornu Luncii,33
147795,147786,22,Cornu Luncii,33
147802,147786,23,Baisesti,33
147811,147786,23,Braiesti,33
147820,147786,23,Dumbrava,33
147839,147786,23,Paiseni,33
147848,147786,23,Sasca Mare,33
147857,147786,23,Sasca Mica,33
147866,147786,23,Sasca Noua,33
147875,147786,23,Sinca,33
147884,332,3,Crucea,33
147893,147884,22,Crucea,33
147900,147884,23,Chiril,33
147919,147884,23,Cojoci,33
147928,147884,23,Satu Mare,33
147937,332,3,Darmanesti,33
147946,147937,22,Maritei,33
147973,147937,23,Calinesti,33
147982,147937,23,Calinesti-Vasilache,33
147955,147937,23,Danila,33
147964,147937,23,Darmanesti,33
147991,147937,23,Mariteia Mica,33
148006,332,2,Oras Dolhasca,33
148015,148006,17,Dolhasca,33
148024,148006,19,Budeni,33
148033,148006,19,Gulia,33
148042,148006,19,Poiana,33
148051,148006,19,Poienari,33
148060,148006,19,Probota,33
148079,148006,19,Silistea Noua,33
148088,148006,19,Valea Poienei,33
148097,332,3,Dolhesti,33
148104,148097,22,Dolhestii-Mari,33
148113,148097,23,Dolhestii Mici,33
148122,148097,23,Valea Bourei,33
148202,332,3,Dorna Candrenilor,33
148211,148202,22,Dorna Candrenilor,33
148220,151497,22,Cosna,33
148239,148202,23,Dealu Floreni,33
148257,151497,23,Podu Cosnei,33
148248,148202,23,Poiana Negrii,33
148266,151497,23,Romanesti,33
148275,151497,23,Tesna,33
148284,151497,23,Valea Bancului,33
148131,332,3,Dorna-Arini,33
148140,148131,22,Cozanesti,33
148159,148131,23,Dorna-Arini,33
148168,148131,23,Gheorghiteni,33
148177,148131,23,Ortoaia,33
148186,148131,23,Rusca,33
148195,148131,23,Sunatori,33
148293,332,3,Dornesti,33
148300,148293,22,Dornesti,33
148319,148293,23,Iaz,33
148328,332,3,Dragoiesti,33
148337,148328,22,Mazanaesti,33
148346,151576,22,Berchisesti,33
148355,151576,23,Corlata,33
148364,148328,23,Dragoiesti,33
148373,148328,23,Lucacesti,33
148382,332,3,Draguseni,33
148391,148382,22,Draguseni,33
148408,148382,23,Brosteni,33
148417,148382,23,Gara Leu,33
148426,332,3,Dumbraveni,33
148435,148426,22,Dumbraveni,33
148444,148426,23,Salageni,33
148453,332,3,Fantanele,33
148462,148453,22,Fantanele,33
148471,148453,23,Banesti,33
148480,148453,23,Cotu Dobei,33
148499,148453,23,Slobozia,33
148505,148453,23,Stamate,33
148514,332,3,Forasti,33
148523,148514,22,Forasti,33
148532,148514,23,Antoceni,33
148541,148514,23,Boura,33
148550,148514,23,Manolea,33
148569,148514,23,Oniceni,33
148578,148514,23,Rosiori,33
148587,148514,23,Rusi,33
148596,148514,23,Tolesti,33
148603,148514,23,Uidesti,33
148612,332,2,Oras Frasin,33
148621,148612,17,Frasin,33
148630,148612,18,Bucsoaia,33
148649,148612,19,Doroteia,33
148658,148612,19,Plutonita,33
148667,332,3,Fratautii Noi,33
148676,148667,22,Fratautii Noi,33
148685,148667,23,Costisa,33
148694,332,3,Fratautii Vechi,33
148701,148694,22,Fratautii Vechi,33
148710,148694,23,Maneuti,33
148729,332,3,Frumosu,33
148738,148729,22,Frumosu,33
148747,148729,23,Deia,33
148756,148729,23,Dragosa,33
148765,332,3,Fundu Moldovei,33
148774,148765,22,Fundu Moldovei,33
148792,148765,23,Botus,33
148783,148765,23,Botusel,33
148809,148765,23,Branistea,33
148818,148765,23,Colacu,33
148827,148765,23,Delnita,33
148836,148765,23,Delut,33
148845,148765,23,Obcina,33
148854,148765,23,Plai,33
148863,148765,23,Smida Ungurenilor,33
148872,332,3,Galanesti,33
148881,148872,22,Galanesti,33
148890,148872,23,Hurjuieni,33
148907,151558,22,Voitinel,33
148916,332,3,Gramesti,33
148925,148916,22,Gramesti,33
148934,148916,23,Balinesti,33
148943,148916,23,Botosanita Mica,33
148952,148916,23,Rudesti,33
148961,148916,23,Verbia,33
148970,332,3,Granicesti,33
148989,148970,22,Granicesti,33
148998,148970,23,Dumbrava,33
149003,148970,23,Gura Solcii,33
149012,148970,23,Iacobesti,33
149021,148970,23,Romanesti,33
149030,148970,23,Slobozia Sucevei,33
149101,332,3,Horodnic De Jos,33
149110,149101,22,Horodnic De Jos,33
149129,151479,22,Horodnic De Sus,33
149049,332,3,Horodniceni,33
149058,149049,22,Horodniceni,33
149067,149049,23,Botesti,33
149076,149049,23,Bradatel,33
149085,149049,23,Mihaiesti,33
149094,149049,23,Rotopanesti,33
149138,332,3,Iacobeni,33
149147,149138,22,Iacobeni,33
149156,151451,23,Botos,33
149165,151451,22,Ciocanesti,33
149174,149138,23,Mestecanis,33
146281,332,3,Ipotesti,33
146290,146281,22,Ipotesti,33
146307,146281,23,Lisaura,33
146316,146281,23,Tisauti,33
149183,332,3,Izvoarele Sucevei,33
149192,149183,22,Izvoarele Sucevei,33
149209,149183,23,Bobeica,33
149218,149183,23,Brodina,33
149227,332,2,Oras Liteni,33
149236,149227,17,Liteni,33
149245,149227,19,Corni,33
149254,149227,19,Roscani,33
149263,149227,19,Rotunda,33
149272,149227,19,Silistea,33
149281,149227,19,Vercicani,33
149316,332,3,Malini,33
149325,149316,22,Malini,33
149334,149316,23,Iesle,33
149343,149316,23,Paraie,33
149352,149316,23,Poiana Marului,33
149361,149316,23,Valeni-Stanisoara,33
149370,332,3,Manastirea Humorului,33
149389,149370,22,Manastirea Humorului,33
149398,149370,23,Plesa,33
149405,149370,23,Poiana Micului,33
149290,332,3,Marginea,33
149307,149290,22,Marginea,33
146931,332,2,Oras Milisauti,33
146940,146931,18,Badeuti,33
146959,146931,19,Gara,33
146968,151442,22,Iaslovat,33
146977,146931,19,Lunca,33
146986,146931,17,Milisauti,33
146325,332,3,Mitocu Dragomirnei,33
146334,146325,22,Mitocu Dragomirnei,33
146343,146325,23,Dragomirna,33
146352,146325,23,Lipoveni,33
146361,146325,23,Mitocasi,33
149414,332,3,Moara,33
149423,149414,22,Moara Nica,33
149432,149414,23,Bulai,33
149441,149414,23,Frumoasa,33
149450,149414,23,Groapa Vladichii,33
149469,149414,23,Liteni,33
149478,149414,23,Moara Carp,33
149487,149414,23,Vornicenii Mari,33
149496,149414,23,Vornicenii Mici,33
149502,332,3,Moldova-Sulita,33
149511,149502,22,Moldova-Sulita,33
149520,149502,23,Benia,33
149539,332,3,Moldovita,33
149548,149539,22,Moldovita,33
149557,149539,23,Argel,33
149566,149539,23,Demacusa,33
149575,149539,23,Rasca,33
149584,332,3,Musenita,33
149593,149584,22,Bainet,33
149600,149584,23,Bancesti,33
149619,149584,23,Climauti,33
149628,149584,23,Musenita,33
149637,149584,23,Vascauti,33
149646,149584,23,Vicsani,33
149655,332,3,Ostra,33
149664,149655,22,Ostra,33
149673,149655,23,Tarnicioara,33
149753,332,3,Paltinoasa,33
149762,149753,22,Paltinoasa,33
149771,149753,23,Capu Codrului,33
149682,332,3,Panaci,33
149691,149682,22,Panaci,33
149708,149682,23,Catrinari,33
149717,149682,23,Coverca,33
149726,149682,23,Dragoiasa,33
149735,149682,23,Glodu,33
149744,149682,23,Paltinis,33
149780,332,3,Partestii De Jos,33
149799,149780,22,Partestii De Jos,33
149806,149780,23,Deleni,33
149824,149780,23,Varfu Dealului,33
149815,149780,23,Varvata,33
149833,332,3,Patrauti,33
149842,149833,22,Patrauti,33
149851,332,3,Poiana Stampei,33
149860,149851,22,Poiana Stampei,33
149879,149851,23,Casoi,33
149888,149851,23,Dornisoara,33
149897,149851,23,Pilugani,33
149904,149851,23,Praleni,33
149913,149851,23,Tataru,33
149922,149851,23,Tesna,33
149931,332,3,Pojorata,33
149940,149931,22,Pojorata,33
149959,149931,23,Valea Putnei,33
149968,332,3,Preutesti,33
149977,149968,22,Preutesti,33
149986,149968,23,Arghira,33
150007,149968,23,Bahna Arin,33
149995,149968,23,Basarabi,33
150016,151549,22,Hartop,33
150025,149968,23,Husi,33
150034,149968,23,Leucusesti,33
150043,332,3,Putna,33
150052,150043,22,Putna,33
150061,150043,23,Gura Putnei,33
150070,332,3,Radaseni,33
150089,150070,22,Radaseni,33
150098,150070,23,Lamaseni,33
150105,150070,23,Pocoleni,33
150114,332,3,Rasca,33
150123,150114,22,Rasca,33
150132,150114,23,Buda,33
150141,150114,23,Dumbraveni,33
150150,150114,23,Jahalia,33
150169,150114,23,Slatioara,33
150178,332,3,Sadova,33
150187,150178,22,Sadova,33
146370,332,2,Oras Salcea,33
146389,146370,17,Salcea,33
146398,146370,18,Mereni,33
146405,146370,18,Plopeni,33
146414,146370,19,Prelipca,33
146423,146370,18,Varatec,33
150445,332,3,Saru Dornei,33
150454,150445,22,Neagra Sarului,33
150463,150445,23,Gura Haitii,33
150472,150445,23,Plaiu Sarului,33
150481,150445,23,Sarisor,33
150490,150445,23,Sarisoru Mare,33
150506,150445,23,Saru Bucovinei,33
150515,150445,23,Sarul Dornei,33
150196,332,3,Satu Mare,33
150203,150196,22,Satu Mare,33
150212,150196,23,Tibeni,33
146432,332,3,Scheia,33
146441,146432,22,Scheia,33
146450,146432,23,Florinta,33
146469,146432,23,Mihoveni,33
146478,146432,23,Sfantu Ilie,33
146487,146432,23,Trei Movile,33
150221,332,3,Siminicea,33
150230,150221,22,Siminicea,33
150249,150221,23,Grigoresti,33
150258,332,3,Slatina,33
150267,150258,22,Slatina,33
150276,150258,23,Gainesti,33
150285,150258,23,Herla,33
150294,332,3,Straja,33
150301,150294,22,Straja,33
150310,332,3,Stroiesti,33
150329,150310,22,Stroiesti,33
150338,150310,23,Valcelele,33
150347,150310,23,Zaharesti,33
150356,332,3,Stulpicani,33
150365,150356,22,Stulpicani,33
150374,150356,23,Gemenea,33
150383,150356,23,Negrileasa,33
150392,150356,23,Slatioara,33
150409,150356,23,Vadu Negrilesei,33
150418,332,3,Sucevita,33
150427,150418,22,Sucevita,33
150436,150418,23,Voievodeasa,33
150524,332,3,Todiresti,33
150533,150524,22,Todiresti,33
150542,150524,23,Costana,33
150551,150524,23,Parhauti,33
150560,150524,23,Sarghiesti,33
150579,150524,23,Solonet,33
150588,332,3,Udesti,33
150597,150588,22,Udesti,33
150604,150588,23,Chiliseni,33
150613,150588,23,Luncusoara,33
150622,150588,23,Manastioara,33
150631,150588,23,Plavalari,33
150640,150588,23,Poieni-Suceava,33
150659,150588,23,Racova,33
150668,150588,23,Reuseni,33
150677,150588,23,Rusii-Manastioara,33
150686,150588,23,Securiceni,33
150695,150588,23,Stirbat,33
150702,332,3,Ulma,33
150711,150702,22,Ulma,33
150720,150702,23,Costileva,33
150739,150702,23,Lupcina,33
150748,150702,23,Magura,33
150757,150702,23,Nisipitu,33
150766,332,3,Vadu Moldovei,33
150775,150766,22,Vadu Moldovei,33
150784,150766,23,Camarzani,33
150793,150766,23,Ciumulesti,33
150800,151488,23,Cotu Baii,33
150819,150766,23,Dumbravita,33
150828,151488,22,Fantana Mare,33
150837,150766,23,Ioneasa,33
150846,150766,23,Mesteceni,33
150855,150766,23,Movileni,33
150864,150766,23,Nigotesti,33
150873,151488,23,Praxia,33
150882,151488,23,Spataresti,33
150891,332,3,Valea Moldovei,33
150908,150891,22,Valea Moldovei,33
150917,151503,22,Capu Campului,33
150926,150891,23,Mironu,33
150935,332,3,Vama,33
150944,150935,22,Vama,33
150953,150935,23,Molid,33
150962,150935,23,Prisaca Dornei,33
150971,150935,23,Stramtura,33
150980,332,3,Vatra Moldovitei,33
150999,150980,22,Vatra Moldovitei,33
151004,150980,23,Ciumarna,33
151013,150980,23,Paltinu,33
151022,332,3,Veresti,33
151031,151022,22,Veresti,33
151040,151022,23,Bursuceni,33
151059,151022,23,Corocaiesti,33
151068,151022,23,Hancea,33
151077,332,3,Vicovu De Jos,33
151086,151077,22,Vicovu De Jos,33
151095,332,2,Oras Vicovu De Sus,33
151102,151095,17,Vicovu De Sus,33
151111,151095,18,Bivolaria,33
151120,332,3,Volovat,33
151139,151120,22,Volovat,33
151148,151521,22,Burla,33
151157,332,3,Vulturesti,33
151166,151157,22,Plesesti,33
151175,151157,23,Giurgesti,33
151184,151157,23,Hreatca,33
151193,151157,23,Jacota,33
151200,151157,23,Meresti,33
151219,151157,23,Osoi,33
151228,151157,23,Valea Glodului,33
151237,151157,23,Vulturesti,33
151246,332,3,Zamostea,33
151255,151246,22,Zamostea,33
151264,151246,23,Badragi,33
151273,151246,23,Ciomartan,33
151282,151246,23,Cojocareni,33
151291,151246,23,Corpaci,33
151308,151246,23,Lunca,33
151317,151246,23,Nicani,33
151326,151246,23,Rauteni,33
151335,151246,23,Tautesti,33
151344,332,3,Zvoristea,33
151353,151344,22,Zvoristea,33
151362,151344,23,Buda,33
151371,151344,23,Dealu,33
151380,151344,23,Poiana,33
151399,151344,23,Serbanesti,33
151406,151344,23,Slobozia,33
151415,151344,23,Stanca,33
151424,151344,23,Stancuta,33
151790,341,1,Mun. Alexandria,34
151807,151790,9,Alexandria,34
151870,341,4,Mun. Rosiori De Vede,34
151889,151870,9,Rosiori De Vede,34
151683,341,4,Mun. Turnu Magurele,34
151692,151683,9,Turnu Magurele,34
151905,341,2,Oras Videle,34
151914,151905,17,Videle,34
151923,151905,19,Cosoaia,34
151978,341,2,Oras Zimnicea,34
151987,151978,17,Zimnicea,34
152038,341,3,Babaita,34
152047,152038,22,Babaita,34
152056,155127,23,Clanita,34
152065,155127,22,Frasinet,34
152074,152038,23,Merisani,34
151996,341,3,Balaci,34
152001,151996,22,Balaci,34
152010,151996,23,Burdeni,34
152029,151996,23,Tecuci,34
152083,341,3,Blejesti,34
152092,152083,22,Blejesti,34
152109,152083,23,Baciu,34
152118,152083,23,Sericu,34
152127,341,3,Bogdana,34
152136,152127,22,Bogdana,34
152145,152127,23,Brosteanca,34
152154,152127,23,Ulmeni,34
152163,152127,23,Urluiu,34
152172,341,3,Botoroaga,34
152181,152172,22,Botoroaga,34
152190,152172,23,Calugaru,34
152207,152172,23,Tarnava,34
152216,152172,23,Tunari,34
152225,152172,23,Valea Ciresului,34
152234,341,3,Bragadiru,34
152243,152234,22,Bragadiru,34
152252,341,3,Branceni,34
152261,152252,22,Branceni,34
152270,341,3,Bujoreni,34
152289,152270,22,Bujoreni,34
152298,152270,23,Darvas,34
152305,152270,23,Prunaru,34
152314,341,3,Bujoru,34
152323,152314,22,Bujoru,34
152332,341,3,Buzescu,34
152341,152332,22,Buzescu,34
152350,341,3,Calinesti,34
152369,152350,22,Calinesti,34
152378,152350,23,Antonesti,34
152387,152350,23,Copaceanca,34
152396,152350,23,Licuriciu,34
152403,152350,23,Marita,34
152412,341,3,Calmatuiu,34
152421,152412,22,Calmatuiu,34
152430,152412,23,Bujoru,34
152449,152412,23,Caravaneti,34
152458,152412,23,Nicolae Balcescu,34
152467,341,3,Calmatuiu De Sus,34
152476,152467,22,Calmatuiu De Sus,34
152485,152467,23,Bacalesti,34
152494,152467,23,Ionascu,34
152500,341,3,Cervenia,34
152519,152500,22,Cervenia,34
152528,341,3,Ciolanesti,34
152537,152528,22,Ciolanestii Din Deal,34
152546,152528,23,Baldovinesti,34
152555,152528,23,Ciolanestii Din Vale,34
151709,341,3,Ciuperceni,34
151718,151709,22,Ciuperceni,34
151727,151709,23,Poiana,34
152564,341,3,Contesti,34
152573,152564,22,Contesti,34
152582,341,3,Cosmesti,34
152591,152582,22,Cosmesti,34
152608,152582,23,Ciuperceni,34
152617,341,3,Crangeni,34
152626,152617,22,Crangeni,34
152635,152617,23,Balta Sarata,34
152644,152617,23,Dorobantu,34
152653,152617,23,Stejaru,34
152662,341,3,Crangu,34
152671,152662,22,Crangu,34
152680,155109,22,Dracea,34
152699,155109,23,Florica,34
152706,152662,23,Secara,34
152715,155109,23,Zlata,34
151932,341,3,Crevenicu,34
151941,151932,22,Crevenicu,34
151950,151932,23,Radulesti,34
152724,341,3,Didesti,34
152733,152724,22,Didesti,34
152742,152724,23,Insuratei,34
152751,152724,23,Satu Nou,34
152760,341,3,Dobrotesti,34
152779,152760,22,Dobrotesti,34
152788,152760,23,Merisani,34
152797,341,3,Dracsenei,34
152804,152797,22,Dracsenei,34
152813,155092,22,Beuca,34
152822,152797,23,Dracsani,34
152831,152797,23,Odobeasca,34
152840,155092,23,Plopi,34
152859,152797,23,Satul Vechi,34
152868,341,3,Draganesti De Vede,34
152877,152868,22,Draganesti De Vede,34
152886,152868,23,Magura Cu Liliac,34
152895,152868,23,Vacaresti,34
152902,341,3,Draganesti-Vlasca,34
152911,152902,22,Draganesti-Vlasca,34
152920,152902,23,Comoara,34
152939,152902,23,Vaceni,34
152993,341,3,Frumoasa,34
153008,152993,22,Frumoasa,34
153017,152993,23,Pauleasca,34
152948,341,3,Furculesti,34
152957,152948,22,Furculesti,34
152966,152948,23,Mosteni,34
152975,152948,23,Spatarei,34
152984,152948,23,Voievoda,34
153026,341,3,Galateni,34
153035,153026,22,Galateni,34
153044,153026,23,Bascoveni,34
153053,153026,23,Gradisteanca,34
153062,341,3,Gratia,34
153071,153062,22,Gratia,34
153080,153062,23,Ciurari-Deal,34
153099,153062,23,Draghinesti,34
151736,341,3,Islaz,34
151745,151736,22,Islaz,34
151754,151736,23,Moldoveni,34
153106,341,3,Izvoarele,34
153115,153106,22,Izvoarele,34
153124,341,3,Lisa,34
153133,153124,22,Lisa,34
153142,153124,23,Vanatori,34
151763,341,3,Lita,34
151772,151763,22,Lita,34
153151,341,3,Lunca,34
153160,153151,22,Lunca,34
153179,155145,23,Pleasov,34
153188,153151,23,Prundu,34
153197,155145,22,Saelele,34
153240,341,3,Magura,34
153259,153240,22,Magura,34
153268,153240,23,Guruieni,34
153277,341,3,Maldaeni,34
153286,153277,22,Maldaeni,34
153339,341,3,Marzanesti,34
153348,153339,22,Marzanesti,34
153357,153339,23,Cernetu,34
153366,153339,23,Teleormanu,34
153375,153339,23,Valea Parului,34
153204,341,3,Mavrodin,34
153213,153204,22,Mavrodin,34
153222,154996,22,Nenciulesti,34
153231,154996,23,Paru Rotund,34
153295,341,3,Mereni,34
153302,153295,22,Merenii De Jos,34
153311,153295,23,Merenii De Sus,34
153320,153295,23,Stefeni,34
153384,341,3,Mosteni,34
153393,153384,22,Mosteni,34
151816,341,3,Nanov,34
151825,151816,22,Nanov,34
153400,341,3,Nasturelu,34
153419,153400,22,Nasturelu,34
153428,153400,23,Zimnicele,34
153437,341,3,Necsesti,34
153446,153437,22,Necsesti,34
153455,153437,23,Belciug,34
153464,153437,23,Gardesti,34
153473,341,3,Olteni,34
153482,153473,22,Olteni,34
153491,153473,23,Perii Brosteni,34
153507,341,3,Orbeasca,34
153516,153507,22,Orbeasca De Jos,34
153525,153507,23,Laceni,34
153534,153507,23,Orbeasca De Sus,34
153543,341,3,Peretu,34
153552,153543,22,Peretu,34
153561,341,3,Piatra,34
153570,153561,22,Piatra,34
153589,341,3,Pietrosani,34
153598,153589,22,Pietrosani,34
153623,341,3,Plopii-Slavitesti,34
153632,153623,22,Plopii-Slavitesti,34
153650,155083,23,Barsestii De Jos,34
153641,155083,22,Beciu,34
153669,153623,23,Brancoveanca,34
153678,153623,23,Dudu,34
153687,155083,23,Smardan,34
153605,341,3,Plosca,34
153614,153605,22,Plosca,34
153696,341,3,Poeni,34
153703,153696,22,Poeni,34
153712,153696,23,Banov,34
153721,153696,23,Bratesti,34
153730,153696,23,Catunu,34
153749,153696,23,Preajba,34
153758,153696,23,Tavarlau,34
153767,153696,23,Vatasi,34
151834,341,3,Poroschia,34
151843,151834,22,Poroschia,34
151852,151834,23,Calomfiresti,34
153829,341,3,Putineiu,34
153838,153829,22,Putineiu,34
153847,153829,23,Baduleasa,34
153856,153829,23,Carlomanu,34
153865,341,3,Radoiesti,34
153874,153865,22,Radoiesti-Vale,34
153883,153865,23,Cetatea,34
153892,153865,23,Radoiesti-Deal,34
153909,341,3,Rasmiresti,34
153918,153909,22,Rasmiresti,34
153927,153909,23,Ludaneasca,34
153972,341,3,Saceni,34
153981,153972,22,Saceni,34
153990,153972,23,Butculesti,34
154004,153972,23,Ciurari,34
153936,341,3,Salcia,34
153945,153936,22,Salcia,34
153954,153936,23,Baneasa,34
153963,153936,23,Tudor Vladimirescu,34
154308,341,3,Sarbeni,34
154317,154308,22,Sarbenii De Jos,34
154326,154308,23,Sarbeni,34
154335,154308,23,Udeni,34
154013,341,3,Scrioastea,34
154022,154013,22,Scrioastea,34
154031,154013,23,Brebina,34
154040,154013,23,Cucueti,34
154059,154013,23,Viile,34
154068,341,3,Scurtu Mare,34
154077,154068,22,Scurtu Mare,34
154086,154068,23,Albeni,34
154095,154068,23,Dracesti,34
154102,154068,23,Negrilesti,34
154111,154068,23,Scurtu-Slavesti,34
154120,154068,23,Valea Postei,34
154139,341,3,Seaca,34
154148,154139,22,Seaca,34
154157,154139,23,Navodari,34
154184,341,3,Segarcea-Vale,34
154193,154184,22,Segarcea-Vale,34
154200,154184,23,Olteanca,34
154219,154184,23,Segarcea-Deal,34
154166,341,3,Sfintesti,34
154175,154166,22,Sfintesti,34
154228,341,3,Silistea,34
154237,154228,22,Silistea,34
154246,154228,23,Butesti,34
154255,155136,23,Purani,34
154264,155136,22,Puranii De Sus,34
154273,154228,23,Silistea Mica,34
154282,341,3,Silistea-Gumesti,34
154291,154282,22,Silistea-Gumesti,34
154344,341,3,Slobozia Mandra,34
154353,154344,22,Slobozia Mandra,34
154362,155154,22,Uda-Clocociov,34
154371,155154,23,Uda-Paciurea,34
154380,341,3,Smardioasa,34
154399,154380,22,Smardioasa,34
154406,154380,23,Soimu,34
154415,341,3,Stejaru,34
154424,154415,22,Stejaru,34
154433,154415,23,Bratcovu,34
154442,154415,23,Gresia,34
154451,154415,23,Socetu,34
154497,341,3,Storobaneasa,34
154503,154497,22,Storobaneasa,34
154512,154497,23,Beiu,34
154460,341,3,Suhaia,34
154479,154460,22,Suhaia,34
154488,155118,22,Fantanele,34
154521,341,3,Talpa,34
154530,154521,22,Talpa-Ograzile,34
154549,154521,23,Linia Costii,34
154558,154521,23,Rotaresti,34
154576,154521,23,Talpa Postei,34
154567,154521,23,Talpa-Bascoveni,34
154585,341,3,Tatarastii De Jos,34
154594,154585,22,Tatarastii De Jos,34
154601,154585,23,Lada,34
154610,154585,23,Negreni,34
154629,154585,23,Negrenii De Sus,34
154638,154585,23,Negrenii-Osebiti,34
154647,154585,23,Obartu,34
154656,154585,23,Slavesti,34
154665,341,3,Tatarastii De Sus,34
154674,154665,22,Tatarastii De Sus,34
154683,154665,23,Dobreni,34
154692,154665,23,Udupu,34
154834,341,3,Tiganesti,34
154843,154834,22,Tiganesti,34
154736,341,3,Traian,34
154745,154736,22,Traian,34
154754,341,3,Trivalea-Mosteni,34
154763,154754,22,Trivalea-Mosteni,34
154772,154754,23,Bratasani,34
154781,154754,23,Deparati,34
154790,341,3,Troianul,34
154807,154790,22,Troianul,34
154816,154790,23,Dulceni,34
154825,154790,23,Vatra,34
154932,341,3,Vartoape,34
154941,154932,22,Vartoapele De Sus,34
154950,154932,23,Garagau,34
154969,154932,23,Vartoapele De Jos,34
154852,341,3,Vedea,34
154861,154852,22,Vedea,34
154870,154852,23,Albesti,34
154889,154852,23,Cosoteni,34
154898,154852,23,Dulceanca,34
154905,154852,23,Meri,34
154914,341,3,Viisoara,34
154923,154914,22,Viisoara,34
153776,341,3,Vitanesti,34
153785,153776,22,Vitanesti,34
153794,153776,23,Schitu Poienari,34
153801,153776,23,Silistea,34
153810,153776,23,Purani,34
154978,341,3,Zambreasca,34
154987,154978,22,Zambreasca,34
155243,350,1,Mun. Timisoara,35
155252,155243,9,Timisoara,35
155350,350,4,Mun. Lugoj,35
155369,155350,9,Lugoj,35
155378,155350,11,Maguri,35
155387,155350,11,Tapia,35
155403,350,2,Oras Buzias,35
155412,155403,17,Buzias,35
155430,155403,19,Bacova,35
155421,155403,18,Silagiu,35
155458,350,2,Oras Deta,35
155467,155458,17,Deta,35
155476,155458,19,Opatita,35
156801,350,2,Oras Faget,35
156810,156801,17,Faget,35
156829,156801,19,Batesti,35
156838,156801,19,Begheiu Mic,35
156847,156801,19,Bichigi,35
156856,156801,19,Branesti,35
156865,156801,19,Bunea Mare,35
156874,156801,19,Bunea Mica,35
156883,156801,19,Colonia Mica,35
156892,156801,19,Jupanesti,35
156909,156801,19,Povargina,35
156918,156801,19,Temeresti,35
155494,350,2,Oras Jimbolia,35
155500,155494,17,Jimbolia,35
155528,350,2,Oras Sannicolau Mare,35
155537,155528,17,Sannicolau Mare,35
155546,350,3,Balint,35
155555,155546,22,Balint,35
155564,155546,23,Bodo,35
155573,155546,23,Fadimac,35
155582,155546,23,Targoviste,35
155591,350,3,Banloc,35
155608,155591,22,Banloc,35
155617,159491,23,Dolat,35
155626,159491,22,Livezile,35
155635,155591,23,Ofsenita,35
155644,155591,23,Partos,35
155653,155591,23,Soca,35
155662,350,3,Bara,35
155671,155662,22,Bara,35
155680,155662,23,Dobresti,35
155699,155662,23,Lapusnic,35
155706,155662,23,Radmanesti,35
155715,155662,23,Spata,35
155957,350,3,Barna,35
155966,155957,22,Barna,35
155975,155957,23,Botesti,35
155984,155957,23,Botinesti,35
155993,155957,23,Drinova,35
156008,155957,23,Juresti,35
156017,155957,23,Poganesti,35
156026,155957,23,Sarazani,35
155724,350,3,Beba Veche,35
155733,155724,22,Beba Veche,35
155742,155724,23,Cherestur,35
155751,155724,23,Pordeanu,35
155760,350,3,Becicherecu Mic,35
155779,155760,22,Becicherecu Mic,35
155788,159384,22,Dudestii Noi,35
155797,350,3,Belint,35
155804,155797,22,Belint,35
155813,155797,23,Babsa,35
155822,155797,23,Chizatau,35
155831,155797,23,Gruni,35
155840,350,3,Bethausen,35
155859,155840,22,Bethausen,35
155868,155840,23,Cladova,35
155877,155840,23,Cliciova,35
155886,155840,23,Cutina,35
155895,155840,23,Leucusesti,35
155902,155840,23,Nevrincea,35
155911,350,3,Biled,35
155920,155911,22,Biled,35
155939,159464,22,Sandra,35
155948,159464,23,Uihei,35
156035,350,3,Bogda,35
156044,156035,22,Bogda,35
156053,156035,23,Altringen,35
156062,156035,23,Buzad,35
156071,156035,23,Charlotenburg,35
156080,156035,23,Comeat,35
156099,156035,23,Sintar,35
156106,350,3,Boldur,35
156115,156106,22,Boldur,35
156124,156106,23,Jabar,35
156133,156106,23,Ohaba-Forgaci,35
156142,156106,23,Sinersig,35
156151,350,3,Brestovat,35
156160,156151,22,Brestovat,35
156179,156151,23,Cosarii,35
156188,156151,23,Hodos,35
156197,156151,23,Lucaret,35
156204,156151,23,Tes,35
156213,350,3,Carpinis,35
156222,156213,22,Carpinis,35
156231,159428,22,Iecea Mare,35
156240,156213,23,Iecea Mica,35
156259,350,3,Cenad,35
156268,156259,22,Cenad,35
156277,350,3,Cenei,35
156286,156277,22,Cenei,35
156295,156277,23,Bobda,35
156302,159375,22,Checea,35
156311,350,3,Cheveresu Mare,35
156320,156311,22,Cheveresu Mare,35
156339,156311,23,Dragsina,35
156348,156311,23,Vucova,35
156357,350,2,Oras Ciacova,35
156366,156357,17,Ciacova,35
156375,156357,19,Cebza,35
156384,159400,23,Gad,35
156393,159400,22,Ghilad,35
156400,156357,19,Macedonia,35
156419,156357,19,Obad,35
156428,156357,19,Petroman,35
156437,350,3,Comlosu Mare,35
156446,156437,22,Comlosu Mare,35
156455,156437,23,Comlosu Mic,35
156464,156437,23,Lunga,35
156473,350,3,Costeiu,35
156482,156473,22,Costeiu,35
156491,156473,23,Hezeris,35
156507,156473,23,Paru,35
156516,156473,23,Tipari,35
156525,156473,23,Valea Lunga Romana,35
156534,350,3,Criciova,35
156543,156534,22,Criciova,35
156552,156534,23,Ciresu,35
156561,156534,23,Ciresu Mic,35
156570,156534,23,Jdioara,35
156589,350,3,Curtea,35
156598,156589,22,Curtea,35
156605,156589,23,Cosava,35
156614,156589,23,Homojdia,35
156623,350,3,Darova,35
156632,156623,22,Darova,35
156641,156623,23,Hodos,35
156650,156623,23,Sacosu Mare,35
156669,350,3,Denta,35
156678,156669,22,Denta,35
156687,156669,23,Brestea,35
156696,156669,23,Rovinita Mare,35
156703,156669,23,Rovinita Mica,35
156712,350,3,Dudestii Vechi,35
156721,156712,22,Dudestii Vechi,35
156730,156712,23,Cheglevici,35
156749,156712,23,Colonia Bulgara,35
156758,159482,22,Valcani,35
156767,350,3,Dumbrava,35
156776,156767,22,Dumbrava,35
156785,156767,23,Bucovat,35
156794,156767,23,Rachita,35
155261,350,3,Dumbravita,35
155270,155261,22,Dumbravita,35
156927,350,3,Fardea,35
156936,156927,22,Fardea,35
156945,156927,23,Dragsinesti,35
156954,156927,23,Gladna Montana,35
156963,156927,23,Gladna Romana,35
156972,156927,23,Hauzesti,35
156981,156927,23,Matnicu Mic,35
156990,156927,23,Zolt,35
157004,350,3,Foeni,35
157013,157004,22,Foeni,35
157022,157004,23,Cruceni,35
157086,350,2,Oras Gataia,35
157095,157086,17,Gataia,35
157102,159366,23,Berecuta,35
157111,159366,22,Birda,35
157120,157086,19,Butin,35
157139,159366,23,Manastire,35
157148,157086,19,Percosova,35
157166,159366,23,Sangeorge,35
157157,157086,18,Sculia,35
157175,157086,19,Semlacu Mare,35
157184,157086,19,Semlacu Mic,35
157031,350,3,Gavojdia,35
157040,157031,22,Gavojdia,35
157059,157031,23,Jena,35
157068,157031,23,Lugojel,35
157077,157031,23,Salbagel,35
155289,350,3,Ghiroda,35
155298,155289,22,Ghiroda,35
155305,155289,23,Giarmata-Vii,35
157193,350,3,Ghizela,35
157200,157193,22,Ghizela,35
157219,157193,23,Hisias,35
157228,157193,23,Paniova,35
157237,157193,23,Sanovita,35
157246,350,3,Giarmata,35
157255,157246,22,Giarmata,35
157264,157246,23,Cerneteaz,35
157273,350,3,Giera,35
157282,157273,22,Giera,35
157291,157273,23,Granicerii,35
157308,157273,23,Toager,35
155314,350,3,Giroc,35
155323,155314,22,Giroc,35
155332,155314,23,Chisoda,35
157317,350,3,Giulvaz,35
157326,157317,22,Giulvaz,35
157335,157317,23,Crai Nou,35
157344,157317,23,Ivanda,35
157353,157317,23,Rudna,35
157362,350,3,Jamu Mare,35
157371,157362,22,Jamu Mare,35
157380,157362,23,Clopodia,35
157399,157362,23,Ferendia,35
157406,157362,23,Gherman,35
157415,157362,23,Latunas,35
157424,350,3,Jebel,35
157433,157424,22,Jebel,35
157442,159446,22,Padureni,35
157451,350,3,Lenauheim,35
157460,157451,22,Lenauheim,35
157479,157451,23,Bulgarus,35
157488,157451,23,Grabat,35
157497,350,3,Liebling,35
157503,157497,22,Liebling,35
157512,157497,23,Cerna,35
157521,157497,23,Iosif,35
157530,350,3,Lovrin,35
157549,157530,22,Lovrin,35
157558,159419,22,Gottlob,35
157567,159473,22,Tomnatic,35
157576,159419,23,Vizejdia,35
157736,350,3,Manastiur,35
157745,157736,22,Manastiur,35
157754,157736,23,Padurani,35
157763,157736,23,Remetea-Lunca,35
157772,157736,23,Topla,35
157585,350,3,Margina,35
157594,157585,22,Margina,35
157601,157585,23,Breazova,35
157610,157585,23,Bulza,35
157629,157585,23,Cosevita,35
157638,157585,23,Costeiu De Sus,35
157647,157585,23,Grosi,35
157656,157585,23,Nemesesti,35
157665,157585,23,Sintesti,35
157674,157585,23,Zorani,35
157683,350,3,Masloc,35
157692,157683,22,Masloc,35
157709,157683,23,Alios,35
157718,159393,22,Fibis,35
157727,157683,23,Remetea Mica,35
157781,350,3,Moravita,35
157790,157781,22,Moravita,35
157807,157781,23,Dejan,35
157816,157781,23,Gaiu Mic,35
157825,157781,23,Stamora Germana,35
157834,350,3,Mosnita Noua,35
157843,157834,22,Mosnita Noua,35
157852,157834,23,Albina,35
157861,157834,23,Mosnita Veche,35
157870,157834,23,Rudicica,35
157889,157834,23,Urseni,35
157898,350,3,Nadrag,35
157905,157898,22,Nadrag,35
157914,157898,23,Crivina,35
157923,350,3,Nitchidorf,35
157932,157923,22,Nitchidorf,35
157941,157923,23,Blajova,35
157950,157923,23,Duboz,35
157969,350,3,Ohaba Lunga,35
157978,157969,22,Ohaba Lunga,35
157987,157969,23,Dubesti,35
157996,157969,23,Iersnic,35
158001,157969,23,Ohaba Romana,35
158010,350,3,Ortisoara,35
158029,158010,22,Ortisoara,35
158038,158010,23,Calacea,35
158047,158010,23,Cornesti,35
158056,158010,23,Seceani,35
158065,350,3,Peciu Nou,35
158074,158065,22,Peciu Nou,35
158083,158065,23,Dinias,35
158092,158065,23,Sanmartinu Sarbesc,35
158109,350,3,Periam,35
158118,158109,22,Periam,35
158127,158109,23,Pesac,35
158136,350,3,Pietroasa,35
158145,158136,22,Pietroasa,35
158154,158136,23,Crivina De Sus,35
158163,158136,23,Farasesti,35
158172,158136,23,Poieni,35
158181,350,3,Pischia,35
158190,158181,22,Pischia,35
158207,158181,23,Bencecu De Jos,35
158216,158181,23,Bencecu De Sus,35
158225,158181,23,Murani,35
158234,158181,23,Salciua Noua,35
158243,350,3,Racovita,35
158252,158243,22,Racovita,35
158261,158243,23,Capat,35
158270,158243,23,Dragoiesti,35
158289,158243,23,Ficatar,35
158298,158243,23,Hitias,35
158305,158243,23,Sarbova,35
158314,350,2,Oras Recas,35
158323,158314,17,Recas,35
158332,158314,19,Bazos,35
158341,158314,19,Herneacova,35
158350,158314,19,Izvin,35
158369,158314,19,Nadas,35
158378,158314,19,Petrovaselo,35
158387,158314,19,Stanciova,35
158396,350,3,Remetea Mare,35
158403,158396,22,Remetea Mare,35
158412,158396,23,Bazosu Nou,35
158421,158396,23,Bucovat,35
158430,158396,23,Ianova,35
158564,350,3,Sacalaz,35
158573,158564,22,Sacalaz,35
158582,158564,23,Beregsau Mare,35
158591,158564,23,Beregsau Mic,35
158449,350,3,Sacosu Turcesc,35
158458,158449,22,Sacosu Turcesc,35
158467,158449,23,Berini,35
158476,158449,23,Icloda,35
158485,158449,23,Otvesti,35
158494,158449,23,Stamora Romana,35
158500,158449,23,Uliuc,35
158519,158449,23,Unip,35
158779,350,3,Sag,35
158788,158779,22,Sag,35
158797,159437,22,Parta,35
158653,350,3,Sanandrei,35
158662,158653,22,Sanandrei,35
158671,158653,23,Carani,35
158680,158653,23,Covaci,35
158699,350,3,Sanmihaiu Roman,35
158706,158699,22,Sanmihaiu Roman,35
158715,158699,23,Sanmihaiu German,35
158724,158699,23,Utvin,35
158733,350,3,Sanpetru Mare,35
158742,158733,22,Sanpetru Mare,35
158751,158733,23,Igris,35
158760,159455,22,Saravale,35
158528,350,3,Satchinez,35
158537,158528,22,Satchinez,35
158546,158528,23,Barateaz,35
158555,158528,23,Hodoni,35
158608,350,3,Secas,35
158617,158608,22,Secas,35
158626,158608,23,Cheches,35
158635,158608,23,Crivobara,35
158644,158608,23,Vizma,35
158804,350,3,Stiuca,35
158813,158804,22,Stiuca,35
158822,158804,23,Dragomiresti,35
158831,158804,23,Olosag,35
158840,158804,23,Zgribesti,35
158859,350,3,Teremia Mare,35
158868,158859,22,Teremia Mare,35
158877,158859,23,Nerau,35
158886,158859,23,Teremia Mica,35
158895,350,3,Tomesti,35
158902,158895,22,Tomesti,35
158911,158895,23,Balosesti,35
158920,158895,23,Colonia Fabricii,35
158939,158895,23,Luncanii De Jos,35
158948,158895,23,Luncanii De Sus,35
158957,158895,23,Romanesti,35
158966,350,3,Topolovatu Mare,35
158975,158966,22,Topolovatu Mare,35
158984,158966,23,Cralovat,35
158993,158966,23,Ictar-Budinti,35
159008,158966,23,Iosifalau,35
159017,158966,23,Sustra,35
159026,158966,23,Topolovatu Mic,35
159035,350,3,Tormac,35
159044,159035,22,Tormac,35
159053,159035,23,Cadar,35
159062,159035,23,Sipet,35
159071,350,3,Traian Vuia,35
159080,159071,22,Sudrias,35
159099,159071,23,Jupani,35
159106,159071,23,Saceni,35
159115,159071,23,Surducu Mic,35
159124,159071,23,Susani,35
159133,159071,23,Traian Vuia,35
159142,350,3,Uivar,35
159151,159142,22,Uivar,35
159160,159142,23,Iohanisfeld,35
159179,159142,23,Otelec,35
159188,159142,23,Pustinis,35
159197,159142,23,Rauti,35
159204,159142,23,Sanmartinu Maghiar,35
159213,350,3,Varias,35
159222,159213,22,Varias,35
159231,159213,23,Gelu,35
159240,159213,23,Sanpetru Mic,35
159259,350,3,Victor Vlad Delamarina,35
159268,159259,22,Victor Vlad Delamarina,35
159277,159259,23,Herendesti,35
159286,159259,23,Honorici,35
159295,159259,23,Padureni,35
159302,159259,23,Petroasa Mare,35
159311,159259,23,Pini,35
159320,159259,23,Visag,35
159339,350,3,Voiteg,35
159348,159339,22,Voiteg,35
159357,159339,23,Folea,35
159614,369,1,Mun. Tulcea,36
159623,159614,9,Tulcea,36
159632,159614,10,Tudor Vladimirescu,36
159650,369,2,Oras Babadag,36
159669,159650,17,Babadag,36
159687,369,2,Oras Isaccea,36
159696,159687,17,Isaccea,36
159712,159687,18,Revarsarea,36
159703,159687,18,Tichilesti,36
159730,369,2,Oras Macin,36
159749,159730,17,Macin,36
159767,369,2,Oras Sulina,36
159776,159767,17,Sulina,36
159785,369,3,Baia,36
159794,159785,22,Baia,36
159801,159785,23,Camena,36
159810,159785,23,Caugagia,36
159829,159785,23,Ceamurlia De Sus,36
159838,159785,23,Panduru,36
159847,369,3,Beidaud,36
159856,159847,22,Beidaud,36
159865,159847,23,Neatarnarea,36
159874,159847,23,Sarighiol De Deal,36
159883,369,3,C.A. Rosetti,36
159892,159883,22,C.A. Rosetti,36
159909,159883,23,Cardon,36
159918,159883,23,Letea,36
159927,159883,23,Periprava,36
159936,159883,23,Sfistofca,36
159945,369,3,Carcaliu,36
159954,159945,22,Carcaliu,36
159963,369,3,Casimcea,36
159972,159963,22,Casimcea,36
159981,159963,23,Cismeaua Noua,36
159990,159963,23,Corugea,36
160001,159963,23,Haidar,36
160010,159963,23,Rahman,36
160029,159963,23,Razboieni,36
160038,159963,23,Stanca,36
160092,369,3,Ceamurlia De Jos,36
160109,160092,22,Ceamurlia De Jos,36
160118,160092,23,Lunca,36
160047,369,3,Ceatalchioi,36
160056,160047,22,Ceatalchioi,36
160065,160047,23,Patlageanca,36
160074,160047,23,Plauru,36
160083,160047,23,Salceni,36
160127,369,3,Cerna,36
160136,160127,22,Cerna,36
160145,160127,23,General Praporgescu,36
160154,160127,23,Mircea Voda,36
160163,160127,23,Traian,36
160172,369,3,Chilia Veche,36
160181,160172,22,Chilia Veche,36
160190,160172,23,Caslita,36
160207,160172,23,Ostrovu Tataru,36
160216,160172,23,Tatanir,36
160225,369,3,Ciucurova,36
160234,160225,22,Ciucurova,36
160243,160225,23,Atmagea,36
160252,160225,23,Fantana Mare,36
160261,369,3,Crisan,36
160270,160261,22,Crisan,36
160289,160261,23,Caraorman,36
160298,160261,23,Mila 23,36
160305,369,3,Daeni,36
160314,160305,22,Daeni,36
160323,369,3,Dorobantu,36
160332,160323,22,Dorobantu,36
160341,160323,23,Ardealu,36
160350,160323,23,Carjelari,36
160369,160323,23,Fantana Oilor,36
160378,160323,23,Mesteru,36
160387,369,3,Frecatei,36
160396,160387,22,Frecatei,36
160403,160387,23,Cataloi,36
160412,160387,23,Posta,36
160421,160387,23,Telita,36
160430,369,3,Greci,36
160449,160430,22,Greci,36
160458,369,3,Grindu,36
160467,160458,22,Grindu,36
160476,369,3,Hamcearca,36
160485,160476,22,Hamcearca,36
160494,160476,23,Balabancea,36
160500,160476,23,Caprioara,36
160519,160476,23,Nifon,36
160528,369,3,Horia,36
160537,160528,22,Horia,36
160546,160528,23,Closca,36
160555,160528,23,Floresti,36
161525,369,3,I.C.Bratianu,36
161534,161525,22,I.C.Bratianu,36
160564,369,3,Izvoarele,36
160573,160564,22,Izvoarele,36
160582,160564,23,Alba,36
160591,160564,23,Iulia,36
160608,161561,22,Valea Teilor,36
160617,369,3,Jijila,36
160626,160617,22,Jijila,36
160635,160617,23,Garvan,36
160644,369,3,Jurilovca,36
160653,160644,22,Jurilovca,36
160671,160644,23,Salcioara,36
160662,160644,23,Visina,36
160680,369,3,Luncavita,36
160699,160680,22,Luncavita,36
160706,160680,23,Rachelu,36
160715,161543,22,Vacareni,36
160724,369,3,Mahmudia,36
160733,160724,22,Mahmudia,36
160742,161552,23,Baltenii De Jos,36
160751,161552,23,Baltenii De Sus,36
160760,161552,22,Bestepe,36
160779,369,3,Maliuc,36
160788,160779,22,Maliuc,36
160804,160779,23,Gorgova,36
160797,160779,23,Ilganii De Sus,36
160813,160779,23,Partizani,36
160822,160779,23,Vulturu,36
160831,369,3,Mihai Bravu,36
160840,160831,22,Mihai Bravu,36
160859,160831,23,Satu Nou,36
160868,160831,23,Turda,36
160877,369,3,Mihail Kogalniceanu,36
160886,160877,22,Mihail Kogalniceanu,36
160895,160877,23,Lastuni,36
160902,160877,23,Randunica,36
160911,369,3,Murighiol,36
160920,160911,22,Murighiol,36
160939,160911,23,Colina,36
160948,160911,23,Dunavatu De Jos,36
160957,160911,23,Dunavatu De Sus,36
160966,160911,23,Plopul,36
160975,160911,23,Sarinasuf,36
160984,160911,23,Uzlina,36
160993,369,3,Nalbant,36
161008,160993,22,Nalbant,36
161017,160993,23,Nicolae Balcescu,36
161026,160993,23,Trestenic,36
161035,369,3,Niculitel,36
161044,161035,22,Niculitel,36
161053,369,3,Nufaru,36
161062,161053,22,Nufaru,36
161071,161053,23,Ilganii De Jos,36
161080,161053,23,Malcoci,36
161099,161053,23,Victoria,36
161106,369,3,Ostrov,36
161115,161106,22,Ostrov,36
161124,161106,23,Piatra,36
161133,369,3,Pardina,36
161142,161133,22,Pardina,36
161151,369,3,Peceneaga,36
161160,161151,22,Peceneaga,36
161179,369,3,Sarichioi,36
161188,161179,22,Sarichioi,36
161197,161179,23,Enisala,36
161204,161179,23,Sabangia,36
161213,161179,23,Visterna,36
161222,161179,23,Zebil,36
161231,369,3,Sfantu Gheorghe,36
161240,161231,22,Sfantu Gheorghe,36
161259,369,3,Slava Cercheza,36
161268,161259,22,Slava Cercheza,36
161277,161259,23,Slava Rusa,36
161286,369,3,Smardan,36
161295,161286,22,Smardan,36
161302,369,3,Somova,36
161311,161302,22,Somova,36
161320,161302,23,Mineri,36
161339,161302,23,Parches,36
161348,369,3,Stejaru,36
161357,161348,22,Stejaru,36
161366,161348,23,Mina Altan Tepe,36
161375,161348,23,Vasile Alecsandri,36
161384,369,3,Topolog,36
161393,161384,22,Topolog,36
161400,161384,23,Calfa,36
161419,161384,23,Cerbu,36
161428,161384,23,Fagarasu Nou,36
161437,161384,23,Luminita,36
161446,161384,23,Magurele,36
161455,161384,23,Sambata Noua,36
161464,369,3,Turcoaia,36
161473,161464,22,Turcoaia,36
161482,369,3,Valea Nucarilor,36
161491,161482,22,Valea Nucarilor,36
161507,161482,23,Agighiol,36
161516,161482,23,Iazurile,36
161945,378,1,Mun. Vaslui,37
161954,161945,9,Vaslui,37
161963,161945,10,Bahnari,37
161972,161945,10,Brodoc,37
161981,161945,10,Moara Grecilor,37
161990,161945,10,Rediu,37
162005,161945,10,Viisoara,37
161794,378,4,Mun. Barlad,37
161801,161794,9,Barlad,37
161829,378,4,Mun. Husi,37
161838,161829,9,Husi,37
161856,378,2,Oras Negresti,37
161865,161856,17,Negresti,37
161874,161856,19,Cazanesti,37
161883,161856,19,Cioatele,37
161892,161856,19,Glodeni,37
161909,161856,19,Parpanita,37
161918,161856,19,Poiana,37
161927,161856,19,Valea Mare,37
162014,378,3,Albesti,37
162023,162014,22,Albesti,37
162032,162014,23,Corni-Albesti,37
162041,162014,23,Crasna,37
162050,162014,23,Gura Albesti,37
162069,378,3,Alexandru Vlahuta,37
162078,162069,22,Alexandru Vlahuta,37
162087,162069,23,Buda,37
162096,162069,23,Ghicani,37
162103,167222,22,Ibanesti,37
162112,167222,23,Manzati,37
162121,162069,23,Morareni,37
162130,167222,23,Putu Olarului,37
162149,378,3,Arsura,37
162158,162149,22,Arsura,37
162167,162149,23,Fundatura,37
162176,162149,23,Mihail Kogalniceanu,37
162185,162149,23,Pahnesti,37
162327,378,3,Bacani,37
162336,162327,22,Bacani,37
162345,162327,23,Baltateni,37
162354,162327,23,Drujesti,37
162363,162327,23,Suseni,37
162372,162327,23,Vulpaseni,37
162381,378,3,Bacesti,37
162390,162381,22,Bacesti,37
162407,162381,23,Armaseni,37
162416,162381,23,Babusa,37
162425,162381,23,Paltinis,37
162434,162381,23,Tibanestii Buhlii,37
162443,162381,23,Vovriesti,37
162452,378,3,Balteni,37
162461,162452,22,Balteni,37
162470,162452,23,Balteni-Deal,37
162489,162452,23,Chetresti,37
162194,378,3,Banca,37
162201,162194,22,Gara Banca,37
162318,162194,23,1 Decembrie,37
162210,162194,23,Banca,37
162229,162194,23,Ghermanesti,37
162238,162194,23,Miclesti,37
162247,162194,23,Mitoc,37
162265,162194,23,Salcioara,37
162274,162194,23,Sarbi,37
162256,162194,23,Satu Nou,37
162283,162194,23,Stoisesti,37
162292,162194,23,Stramtura-Mitoc,37
162309,162194,23,Tifu,37
162498,378,3,Berezeni,37
162504,162498,22,Berezeni,37
162513,162498,23,Musata,37
162522,162498,23,Ranceni,37
162531,162498,23,Satu Nou,37
162540,162498,23,Stuhulet,37
162559,378,3,Blagesti,37
162568,162559,22,Blagesti,37
162577,162559,23,Igesti,37
162586,162559,23,Sipeni,37
162595,378,3,Bogdana,37
162602,162595,22,Bogdana,37
162611,162595,23,Arsita,37
162620,162595,23,Fantana Blanarului,37
162639,162595,23,Gavanu,37
162648,162595,23,Lacu Babei,37
162657,162595,23,Plopeni,37
162666,162595,23,Similisoara,37
162675,162595,23,Suceveni,37
162684,162595,23,Verdes,37
162693,378,3,Bogdanesti,37
162700,162693,22,Bogdanesti,37
162719,162693,23,Buda,37
162728,162693,23,Horoiata,37
162737,162693,23,Hupca,37
162746,162693,23,Orgoiesti,37
162755,162693,23,Ulea,37
162764,162693,23,Untesti,37
162773,162693,23,Visinari,37
162782,162693,23,Vladesti,37
162791,378,3,Bogdanita,37
162808,162791,22,Bogdanita,37
162826,162791,23,Cartibasi,37
162817,162791,23,Cepesti,37
162835,162791,23,Coroiesti,37
162844,162791,23,Radaesti,37
162853,162791,23,Schitu,37
162862,162791,23,Tunsesti,37
162871,378,3,Botesti,37
162880,162871,22,Botesti,37
162899,162871,23,Ganesti,37
162906,162871,23,Gugesti,37
162915,162871,23,Talpigeni,37
162924,378,3,Bunesti-Averesti,37
162933,162924,22,Averesti,37
162942,162924,23,Armaseni,37
162951,162924,23,Bunesti,37
162960,162924,23,Plopi,37
162979,162924,23,Podu Oprii,37
162988,162924,23,Rosiori,37
162997,162924,23,Tabalaesti,37
163002,378,3,Codaesti,37
163011,163002,22,Codaesti,37
163020,163002,23,Ghergheleu,37
163039,163002,23,Pribesti,37
163048,163002,23,Rediu Galian,37
163057,378,3,Coroiesti,37
163066,163057,22,Coroiesti,37
163075,163057,23,Chilieni,37
163084,163057,23,Coroiestii De Sus,37
163093,163057,23,Hreasca,37
163100,163057,23,Mireni,37
163119,163057,23,Movileni,37
163128,163057,23,Pacuraresti,37
163137,378,3,Costesti,37
163146,163137,22,Costesti,37
163155,163137,23,Chitcani,37
163164,163137,23,Dinga,37
163173,163137,23,Parvesti,37
163182,163137,23,Puntiseni,37
163191,163137,23,Radesti,37
163208,378,3,Cretesti,37
163217,163208,22,Cretesti,37
163226,163208,23,Budesti,37
163235,163208,23,Cretestii De Sus,37
163244,163208,23,Satu Nou,37
163253,378,3,Danesti,37
163262,163253,22,Danesti,37
163271,163253,23,Bereasa,37
163280,163253,23,Botoaia,37
163299,163253,23,Emil Racovita,37
163306,163253,23,Rascani,37
163315,163253,23,Tatarani,37
163324,378,3,Deleni,37
163333,163324,22,Deleni,37
163342,163324,23,Bulboaca,37
163351,163324,23,Moreni,37
163360,163324,23,Zizinca,37
163379,378,3,Delesti,37
163388,163379,22,Delesti,37
163397,163379,23,Albesti,37
163404,167277,22,Balesti,37
163413,167277,23,Cozmesti,37
163422,167277,23,Fastaci,37
163431,163379,23,Fundatura,37
163440,163379,23,Harsova,37
163459,167277,23,Hordilesti,37
163468,163379,23,Manastirea,37
163477,163379,23,Raduiesti,37
164277,378,3,Dimitrie Cantemir,37
164286,164277,22,Hurdugi,37
164295,164277,23,Grumezoaia,37
164302,164277,23,Gusitei,37
164311,164277,23,Plotonesti,37
164320,164277,23,Urlati,37
163486,378,3,Dragomiresti,37
163495,163486,22,Dragomiresti,37
163501,163486,23,Babuta,37
163510,163486,23,Belzeni,37
163529,163486,23,Botoi,37
163538,163486,23,Ciuperca,37
163547,163486,23,Doagele,37
163556,163486,23,Poiana Pietrei,37
163565,163486,23,Popesti,37
163574,163486,23,Radeni,37
163583,163486,23,Semenea,37
163592,163486,23,Tulesti,37
163609,163486,23,Vladia,37
163618,378,3,Dranceni,37
163654,163618,22,Ghermanesti,37
163636,163618,23,Albita,37
163645,163618,23,Baile Dranceni,37
163627,163618,23,Dranceni,37
163663,163618,23,Rasesti,37
163672,163618,23,Soparleni,37
163681,378,3,Duda-Epureni,37
163690,163681,22,Epureni,37
163707,163681,23,Bobesti,37
163716,163681,23,Duda,37
163725,163681,23,Valea Grecului,37
163734,378,3,Dumesti,37
163743,163734,22,Dumesti,37
163752,163734,23,Dumestii Vechi,37
163761,163734,23,Schinetea,37
163770,163734,23,Valea Mare,37
163789,378,3,Epureni,37
163798,163789,22,Epureni,37
163805,163789,23,Barlalesti,37
163814,163789,23,Bursuci,37
163823,163789,23,Horga,37
163832,378,3,Falciu,37
163841,163832,22,Falciu,37
163850,163832,23,Bogdanesti,37
163869,163832,23,Bozia,37
163878,163832,23,Copaceana,37
163887,163832,23,Odaia Bogdana,37
163896,163832,23,Ranzesti,37
163903,378,3,Gagesti,37
163912,163903,22,Gagesti,37
163921,163903,23,Giurcani,37
163930,163903,23,Peicani,37
163949,163903,23,Popeni,37
163958,163903,23,Tupilati,37
164062,378,3,Garceni,37
164071,164062,22,Garceni,37
164080,164062,23,Dumbraveni,37
164099,164062,23,Racova,37
164106,164062,23,Racovita,37
164115,164062,23,Slobozia,37
164124,164062,23,Trohan,37
163967,378,3,Gherghesti,37
163976,163967,22,Gherghesti,37
163985,163967,23,Chetrosu,37
163994,163967,23,Corodesti,37
164008,163967,23,Dragomanesti,37
164017,163967,23,Draxeni,37
164026,163967,23,Lazu,37
164035,163967,23,Lunca,37
164044,163967,23,Soci,37
164053,163967,23,Valea Lupului,37
164133,378,3,Grivita,37
164142,164133,22,Grivita,37
164151,167231,22,Fruntiseni,37
164160,167231,23,Grajdeni,37
164179,164133,23,Odaia Bursucani,37
164188,164133,23,Trestiana,37
164197,378,3,Hoceni,37
164204,164197,22,Hoceni,37
164213,164197,23,Barbosi,37
164222,164197,23,Deleni,37
164231,164197,23,Oteleni,37
164240,164197,23,Rediu,37
164259,164197,23,Siscani,37
164268,164197,23,Tomsa,37
164339,378,3,Iana,37
164348,164339,22,Iana,37
164357,164339,23,Halaresti,37
164366,164339,23,Recea,37
164375,164339,23,Silistea,37
164384,164339,23,Vadurile,37
164393,378,3,Ivanesti,37
164400,164393,22,Ivanesti,37
164419,164393,23,Albina,37
164428,164393,23,Blesca,37
164437,164393,23,Brosteni,37
164446,164393,23,Buscata,37
164455,164393,23,Cosca,37
164464,164393,23,Cosesti,37
164473,164393,23,Fundatura Mare,37
164482,164393,23,Fundatura Mica,37
164491,164393,23,Harsoveni,37
164507,164393,23,Iezerel,37
164516,164393,23,Ursoaia,37
164525,164393,23,Valea Mare,37
164534,164393,23,Valea Oanei,37
164543,378,3,Ivesti,37
164552,164543,22,Ivesti,37
164561,167259,23,Belcesti,37
164570,167259,22,Pogonesti,37
164589,167259,23,Polocin,37
164598,378,3,Laza,37
164605,164598,22,Laza,37
164614,164598,23,Bejenesti,37
164623,167320,23,Poiana Lui Alexa,37
164632,167320,22,Puscasi,37
164641,164598,23,Rasnita,37
164650,164598,23,Sauca,37
164669,167320,23,Teisoru,37
164678,167320,23,Valea Targului,37
164687,378,3,Lipovat,37
164696,164687,22,Lipovat,37
164703,164687,23,Capusneni,37
164712,164687,23,Chitoc,37
164721,164687,23,Corbu,37
164730,164687,23,Fundu Vaii,37
164749,378,3,Lunca Banului,37
164758,164749,22,Lunca Banului,37
164767,164749,23,Broscosesti,37
164776,164749,23,Condrea,37
164785,164749,23,Focsa,37
164794,164749,23,Lunca Veche,37
164801,164749,23,Otetoaia,37
164810,164749,23,Raducani,37
164829,378,3,Malusteni,37
164838,164829,22,Malusteni,37
164847,164829,23,Ghireasca,37
164856,164829,23,Lupesti,37
164865,164829,23,Manastirea,37
164874,164829,23,Manzatesti,37
164883,164829,23,Tutcani,37
164892,378,3,Miclesti,37
164909,164892,22,Miclesti,37
164918,164892,23,Chircesti,37
164927,164892,23,Popesti,37
164936,378,3,Muntenii De Jos,37
164945,164936,22,Muntenii De Jos,37
164954,164936,23,Bacaoani,37
164963,164936,23,Manjesti,37
164972,164936,23,Secuia,37
164981,378,2,Oras Murgeni,37
164990,164981,17,Murgeni,37
165005,164981,18,Carja,37
165050,164981,18,Floreni,37
165014,164981,18,Latesti,37
165041,164981,18,Raiu,37
165023,164981,18,Sarateni,37
165032,164981,18,Schineni,37
165069,378,3,Oltenesti,37
165078,165069,22,Oltenesti,37
165087,165069,23,Curteni,37
165096,165069,23,Pihna,37
165103,165069,23,Tarzii,37
165112,165069,23,Vinetesti,37
165121,165069,23,Zgura,37
165130,378,3,Osesti,37
165149,165130,22,Osesti,37
165158,165130,23,Buda,37
165167,165130,23,Padureni,37
165176,165130,23,Valcele,37
165185,378,3,Padureni,37
165194,165185,22,Padureni,37
165201,165185,23,Capotesti,37
165210,165185,23,Davidesti,37
165229,165185,23,Ivanesti,37
165238,165185,23,Leosti,37
165247,165185,23,Rusca,37
165256,165185,23,Todireni,37
165265,165185,23,Valeni,37
165274,378,3,Perieni,37
165283,165274,22,Perieni,37
165292,167268,22,Ciocani,37
165309,167268,23,Crang,37
165318,167268,23,Crangu Nou,37
165327,167268,23,Podu Petris,37
165416,378,3,Pogana,37
165425,165416,22,Pogana,37
165434,165416,23,Bogesti,37
165443,165416,23,Carjoani,37
165452,165416,23,Mascurei,37
165461,165416,23,Tomesti,37
165336,378,3,Poienesti,37
165345,165336,22,Poienesti,37
165354,165336,23,Dealu Secarii,37
165363,165336,23,Floresti,37
165372,165336,23,Frasinu,37
165381,165336,23,Fundu Vaii,37
165390,165336,23,Oprisita,37
165407,165336,23,Poienesti-Deal,37
165470,378,3,Puiesti,37
165489,165470,22,Puiesti,37
165498,165470,23,Bartalus-Mocani,37
165504,165470,23,Bartalus-Razesi,37
165513,165470,23,Calimanesti,37
165522,165470,23,Cetatuia,37
165531,165470,23,Cristesti,37
165540,165470,23,Fantanele,37
165559,165470,23,Fulgu,37
165568,165470,23,Galtesti,37
165577,165470,23,Iezer,37
165586,165470,23,Lalesti,37
165595,165470,23,Rotari,37
165602,165470,23,Rusi,37
165611,378,3,Pungesti,37
165620,165611,22,Pungesti,37
165639,165611,23,Armasoaia,37
165648,165611,23,Cursesti-Deal,37
165657,165611,23,Cursesti-Vale,37
165666,165611,23,Hordila,37
165675,165611,23,Rapsa,37
165684,165611,23,Silistea,37
165693,165611,23,Stejaru,37
165700,165611,23,Toporasti,37
165719,378,3,Rebricea,37
165728,165719,22,Rebricea,37
165737,165719,23,Bolati,37
165746,165719,23,Craciunesti,37
165755,165719,23,Draxeni,37
165764,165719,23,Macresti,37
165773,165719,23,Ratesu Cuzei,37
165782,165719,23,Sasova,37
165791,165719,23,Tatomiresti,37
165808,165719,23,Tufestii De Jos,37
165817,378,3,Rosiesti,37
165826,165817,22,Rosiesti,37
165835,165817,23,Codreni,37
165844,165817,23,Gara Rosiesti,37
165853,165817,23,Gura Idrici,37
165862,165817,23,Idrici,37
165871,165817,23,Rediu,37
165880,165817,23,Valea Lui Darie,37
165899,378,3,Solesti,37
165906,165899,22,Solesti,37
165915,165899,23,Bousori,37
165924,165899,23,Iaz,37
165933,165899,23,Satu Nou,37
165942,165899,23,Serbotesti,37
165951,165899,23,Stioborani,37
165960,165899,23,Valea Silistei,37
165979,378,3,Stanilesti,37
165988,165979,22,Stanilesti,37
165997,165979,23,Bogdana-Voloseni,37
166002,165979,23,Budu Cantemir,37
166011,165979,23,Chersacosu,37
166020,165979,23,Gura Vaii,37
166039,165979,23,Poganesti,37
166048,165979,23,Saratu,37
166057,378,3,Stefan Cel Mare,37
166066,166057,22,Stefan Cel Mare,37
166075,166057,23,Barzesti,37
166084,166057,23,Brahasoaia,37
166093,166057,23,Calugareni,37
166100,166057,23,Cantalaresti,37
166119,166057,23,Maraseni,37
166128,166057,23,Muntenesti,37
166137,378,3,Suletea,37
166146,166137,22,Suletea,37
166155,166137,23,Fedesti,37
166164,166137,23,Jigalia,37
166173,166137,23,Rascani,37
166235,378,3,Tacuta,37
166244,166235,22,Tacuta,37
166253,166235,23,Cujba,37
166262,166235,23,Dumasca,37
166271,166235,23,Focseasca,37
166280,166235,23,Mircesti,37
166299,166235,23,Protopopesti,37
166306,166235,23,Sofieni,37
166182,378,3,Tanacu,37
166191,166182,22,Tanacu,37
166208,166182,23,Benesti,37
166217,167302,22,Muntenii De Sus,37
166226,167302,23,Satu Nou,37
166315,378,3,Tatarani,37
166324,166315,22,Tatarani,37
166333,166315,23,Baltati,37
166342,166315,23,Crasnaseni,37
166351,166315,23,Giurgesti,37
166360,166315,23,Leosti,37
166379,166315,23,Mantu,37
166388,166315,23,Stroiesti,37
166397,166315,23,Valea Lui Bosie,37
166404,166315,23,Valea Seaca,37
166413,378,3,Todiresti,37
166422,166413,22,Todiresti,37
166431,166413,23,Cotic,37
166440,166413,23,Dragesti,37
166459,166413,23,Huc,37
166468,166413,23,Plopoasa,37
166477,167240,22,Rafaila,37
166486,166413,23,Silistea,37
166495,166413,23,Sofronesti,37
166501,166413,23,Valea Popii,37
166510,166413,23,Viisoara,37
166529,378,3,Tutova,37
166538,166529,22,Tutova,37
166547,166529,23,Badeana,37
166556,167311,23,Borodesti,37
166565,166529,23,Ciortolom,37
166574,166529,23,Coroiu,37
166583,166529,23,Crivesti,37
166592,167311,22,Pochidia,37
166618,167311,23,Salceni,37
166609,167311,23,Satu Nou,37
166627,166529,23,Vizureni,37
166636,378,3,Valeni,37
166645,166636,22,Valeni,37
166654,167295,22,Feresti,37
166663,166636,23,Moara Domneasca,37
166672,378,3,Vetrisoaia,37
166681,166672,22,Vetrisoaia,37
166690,166672,23,Bumbata,37
166707,378,3,Viisoara,37
166716,166707,22,Viisoara,37
166725,167286,22,Dodesti,37
166734,166707,23,Halta Dodesti,37
166743,167286,23,Urdesti,37
166752,166707,23,Valeni,37
166761,166707,23,Viltotesti,37
166770,378,3,Vinderei,37
166789,166770,22,Vinderei,37
166798,166770,23,Bradesti,37
166814,166770,23,Docaneasa,37
166805,166770,23,Docani,37
166823,166770,23,Gara Docaneasa,37
166832,166770,23,Gara Talasman,37
166841,166770,23,Obarseni,37
166850,166770,23,Valea Lunga,37
166869,378,3,Voinesti,37
166878,166869,22,Voinesti,37
166887,166869,23,Avramesti,37
166896,166869,23,Bancesti,37
166903,166869,23,Corobanesti,37
166912,166869,23,Gardesti,37
166921,166869,23,Marasesti,37
166930,166869,23,Obarseni,37
166949,166869,23,Obarsenii Lingurari,37
166958,166869,23,Rugaria,37
166967,166869,23,Stancaseni,37
166976,166869,23,Uricari,37
166985,378,3,Vulturesti,37
166994,166985,22,Vulturesti,37
167008,166985,23,Buhaiesti,37
167017,166985,23,Podeni,37
167026,166985,23,Voinesti,37
167035,378,3,Vutcani,37
167044,167035,22,Vutcani,37
167053,167035,23,Malaiesti,37
167062,167035,23,Posta Elan,37
167071,378,3,Zapodeni,37
167080,167071,22,Zapodeni,37
167099,167071,23,Butucaria,37
167106,167071,23,Ciofeni,37
167115,167071,23,Delea,37
167124,167071,23,Dobroslovesti,37
167133,167071,23,Macresti,37
167142,167071,23,Portari,37
167151,167071,23,Telejna,37
167160,167071,23,Uncesti,37
167179,378,3,Zorleni,37
167188,167179,22,Zorleni,37
167197,167179,23,Dealu Mare,37
167204,167179,23,Popeni,37
167213,167179,23,Simila,37
167473,387,1,Mun. Ramnicu Valcea,38
167482,167473,9,Ramnicu Valcea,38
167491,167473,10,Aranghel,38
167507,167473,10,Cazanesti,38
167516,167473,10,Copacelu,38
167525,167473,10,Dealu Malului,38
167605,167473,11,Feteni,38
167598,167473,11,Goranu,38
167614,167473,11,Lespezi,38
167534,167473,10,Poenari,38
167543,167473,10,Priba,38
167552,167473,10,Raureni,38
167623,167473,11,Salistea,38
167561,167473,10,Stolniceni,38
167570,167473,10,Troian,38
167981,387,4,Mun. Dragasani,38
167990,167981,9,Dragasani,38
168005,167981,10,Valea Caselor,38
168014,167981,10,Zarneni,38
168023,167981,10,Zlatarei,38
167641,387,2,Oras Baile Govora,38
167678,167641,17,Prajila,38
167650,167641,18,Curaturile,38
167669,167641,18,Gatejesti,38
167696,387,2,Oras Baile Olanesti,38
167730,167696,17,Livadia,38
167703,167696,18,Cheia,38
167712,167696,18,Comanca,38
167721,167696,18,Gurguiata,38
167749,167696,18,Mosoroasa,38
167758,167696,18,Olanesti,38
167767,167696,18,Pietrisu,38
167776,167696,18,Tisa,38
167794,387,2,Oras Brezoi,38
167801,167794,17,Brezoi,38
167810,167794,19,Calinesti,38
167829,167794,19,Corbu,38
167838,167794,19,Draganesti,38
167847,167794,19,Golotreni,38
167856,167794,19,Pascoaia,38
167865,167794,19,Proieni,38
167874,167794,19,Valea Lui Stan,38
167883,167794,19,Varatica,38
167909,387,2,Oras Calimanesti,38
167918,167909,17,Calimanesti,38
167927,167909,18,Caciulata,38
167936,167909,18,Jiblea Noua,38
167945,167909,18,Jiblea Veche,38
167954,167909,18,Pausa,38
167963,167909,18,Seaca,38
168041,387,2,Oras Horezu,38
168050,168041,17,Horezu,38
168069,168041,19,Ifrimesti,38
168078,168041,19,Ramesti,38
168087,168041,19,Romanii De Jos,38
168096,168041,19,Romanii De Sus,38
168103,168041,19,Tanasesti,38
168112,168041,19,Ursani,38
168130,387,2,Oras Ocnele Mari,38
168176,168130,17,Gura Suhasului,38
168149,168130,18,Buda,38
168158,168130,18,Cosota,38
168167,168130,18,Facai,38
168185,168130,18,Lunca,38
168194,168130,18,Ocnita,38
168201,168130,18,Slatioarele,38
168210,168130,18,Teica,38
168229,387,3,Alunu,38
168238,168229,22,Alunu,38
168247,168229,23,Bodesti,38
168256,168229,23,Coltesti,38
168265,168229,23,Igoiu,38
168274,168229,23,Ilaciu,38
168283,168229,23,Ocracu,38
168292,168229,23,Rosia,38
168309,387,3,Amarasti,38
168318,168309,22,Amarasti,38
168327,168309,23,Meresesti,38
168336,168309,23,Nemoiu,38
168345,168309,23,Padina,38
168354,168309,23,Palanga,38
168363,168309,23,Teiul,38
168372,387,2,Oras Babeni,38
168381,168372,17,Babeni,38
168390,168372,19,Bonciu,38
168407,168372,19,Capu Dealului,38
168416,168372,19,Paduretu,38
168425,168372,19,Romani,38
168434,168372,19,Tatarani,38
168443,168372,19,Valea Mare,38
168452,387,2,Oras Balcesti,38
168461,168452,17,Balcesti,38
168470,168452,19,Benesti,38
168498,168452,19,Carlogani,38
168489,168452,19,Chirculesti,38
168504,168452,19,Gorunesti,38
168513,168452,19,Irimesti,38
168522,168452,19,Otetelisu,38
168531,168452,19,Preotesti,38
168540,168452,19,Satu Poieni,38
168559,387,3,Barbatesti,38
168568,168559,22,Bodesti,38
168577,168559,23,Barbatesti,38
168586,168559,23,Barzesti,38
168595,168559,23,Negrulesti,38
168602,387,2,Oras Berbesti,38
168611,168602,17,Berbesti,38
168620,168602,18,Damteni,38
168639,168602,18,Dealu Alunis,38
168648,168602,18,Rosioara,38
168657,168602,18,Targu Gangulesti,38
168666,168602,18,Valea Mare,38
168675,387,3,Berislavesti,38
168684,168675,22,Stoenesti,38
168693,168675,23,Berislavesti,38
168700,168675,23,Bradisor,38
168719,168675,23,Dangesti,38
168728,168675,23,Radacinesti,38
168737,168675,23,Robaia,38
168746,168675,23,Scaueni,38
168755,387,3,Boisoara,38
168764,168755,22,Boisoara,38
168773,168755,23,Bumbuesti,38
168782,168755,23,Gaujani,38
168791,387,3,Budesti,38
168808,168791,22,Budesti,38
168835,168791,23,Barsesti,38
168817,168791,23,Barza,38
168826,168791,23,Bercioiu,38
168844,168791,23,Linia,38
168853,168791,23,Piscu Pietrei,38
168862,168791,23,Racovita,38
168871,168791,23,Ruda,38
168880,387,3,Bujoreni,38
168899,168880,22,Olteni,38
168906,168880,23,Bogdanesti,38
168915,168880,23,Bujoreni,38
168924,168880,23,Gura Vaii,38
168933,168880,23,Lunca,38
168942,168880,23,Malu Alb,38
168951,168880,23,Malu Vartop,38
168960,387,3,Bunesti,38
168979,168960,22,Bunesti,38
168988,168960,23,Coasta Mare,38
168997,168960,23,Firesti,38
169002,168960,23,Rapanesti,38
169011,168960,23,Teiusu,38
169020,168960,23,Titireci,38
169119,387,3,Caineni,38
169128,169119,22,Cainenii Mici,38
169137,169119,23,Cainenii Mari,38
169146,169119,23,Greblesti,38
169155,169119,23,Priloage,38
169164,169119,23,Rau Vadului,38
169173,169119,23,Robesti,38
169039,387,3,Cernisoara,38
169048,169039,22,Armasesti,38
169057,169039,23,Cernisoara,38
169066,169039,23,Grosi,38
169075,169039,23,Madulari,38
169084,169039,23,Modoia,38
169093,169039,23,Obarsia,38
169100,169039,23,Sarsanesti,38
169182,387,3,Copaceni,38
169191,169182,22,Ulmetu,38
169208,169182,23,Balteni,38
169217,169182,23,Bondoci,38
169226,169182,23,Copaceni,38
169235,169182,23,Hotarasa,38
169244,169182,23,Vetelu,38
169253,387,3,Costesti,38
169262,169253,22,Costesti,38
169271,169253,23,Bistrita,38
169280,169253,23,Pietreni,38
169299,169253,23,Varatici,38
169306,387,3,Creteni,38
169315,169306,22,Creteni,38
169324,169306,23,Izvoru,38
169333,169306,23,Mrenesti,38
169342,169306,23,Streminoasa,38
169351,387,3,Daesti,38
169360,169351,22,Daesti,38
169379,169351,23,Babuesti,38
169388,169351,23,Fedelesoiu,38
169397,169351,23,Sanbotin,38
169404,387,3,Danicei,38
169413,169404,22,Dealu Launele,38
169422,169404,23,Badeni,38
169431,169404,23,Ceretu,38
169440,169404,23,Ciresul,38
169459,169404,23,Dealu Scheiului,38
169468,169404,23,Dobresti,38
169477,169404,23,Dragulesti,38
169486,169404,23,Glodu,38
169495,169404,23,Gura Crucilor,38
169501,169404,23,Launele De Jos,38
169510,169404,23,Linia Pe Vale,38
169529,169404,23,Udresti,38
169538,169404,23,Valea Scheiului,38
169547,387,3,Dragoesti,38
169556,169547,22,Dragoesti,38
169565,169547,23,Buciumeni,38
169574,169547,23,Geamana,38
169681,387,3,Fartatesti,38
169690,169681,22,Fartatesti,38
169707,169681,23,Afanata,38
169716,169681,23,Becsani,38
169725,169681,23,Catetu,38
169734,169681,23,Cuci,38
169743,169681,23,Dancai,38
169752,169681,23,Dejoi,38
169761,169681,23,Dozesti,38
169798,169681,23,Garnicet,38
169770,169681,23,Giulesti,38
169789,169681,23,Giulestii De Sus,38
169805,169681,23,Maricesti,38
169814,169681,23,Nisipi,38
169823,169681,23,Popesti,38
169832,169681,23,Rusanesti,38
169841,169681,23,Seciu,38
169869,169681,23,Sotani,38
169850,169681,23,Stanculesti,38
169878,169681,23,Tanislavi,38
169887,169681,23,Valea Ursului,38
169583,387,3,Fauresti,38
169592,169583,22,Milesti,38
169609,174502,22,Babeni-Oltetu,38
169618,174502,23,Budesti,38
169627,169583,23,Bungetani,38
169636,174502,23,Colelia,38
169645,174502,23,Diculesti,38
169654,169583,23,Fauresti,38
169663,169583,23,Gainesti,38
169672,169583,23,Marcusu,38
169896,387,3,Francesti,38
169903,169896,22,Francesti,38
169912,169896,23,Balutoaia,38
169921,169896,23,Cosani,38
169930,169896,23,Dezrobiti,38
169949,169896,23,Genuneni,38
169958,169896,23,Manailesti,38
169967,169896,23,Mosteni,38
169976,169896,23,Surpatele,38
169985,169896,23,Viisoara,38
169994,387,3,Galicea,38
170006,169994,22,Galicea,38
170015,169994,23,Bratia Din Deal,38
170024,169994,23,Bratia Din Vale,38
170033,169994,23,Cocoru,38
170042,169994,23,Cremenari,38
170051,169994,23,Dealu Mare,38
170060,169994,23,Ostroveni,38
170079,169994,23,Teiu,38
170088,169994,23,Valea Raului,38
170097,387,3,Ghioroiu,38
170104,170097,22,Ghioroiu,38
170113,170097,23,Cazanesti,38
170122,170097,23,Herasti,38
170131,170097,23,Mierea,38
170140,170097,23,Poienari,38
170159,170097,23,Stirbesti,38
170168,387,3,Glavile,38
170177,170168,22,Glavile,38
170186,170168,23,Aninoasa,38
170195,170168,23,Jarostea,38
170202,170168,23,Olteanca,38
170211,170168,23,Voiculeasa,38
170220,387,3,Golesti,38
170239,170220,22,Popesti,38
170248,170220,23,Aldesti,38
170257,170220,23,Blidari,38
170266,170220,23,Coasta,38
170275,170220,23,Draganesti,38
170284,170220,23,Gibesti,38
170293,170220,23,Giurgiuveni,38
170300,170220,23,Opatesti,38
170319,170220,23,Poenita,38
170328,170220,23,Tulei-Campeni,38
170337,170220,23,Vatasesti,38
170346,387,3,Gradistea,38
170355,170346,22,Gradistea,38
170364,170346,23,Diaconesti,38
170373,170346,23,Dobricea,38
170382,170346,23,Linia,38
170391,170346,23,Obislavu,38
170408,170346,23,Strachinesti,38
170417,170346,23,Turburea,38
170426,170346,23,Tuturu,38
170435,170346,23,Valea Gradistei,38
170444,387,3,Gusoeni,38
170453,170444,22,Gusoeni,38
170462,170444,23,Burdalesti,38
170471,170444,23,Dealu Mare,38
170480,170444,23,Gusoianca,38
170499,170444,23,Magureni,38
170505,170444,23,Sparleni,38
170514,387,3,Ionesti,38
170523,170514,22,Ionesti,38
170532,170514,23,Bucsani,38
170541,170514,23,Dealu Mare,38
170550,170514,23,Delureni,38
170569,170514,23,Fiscalia,38
170578,170514,23,Fotesti,38
170587,170514,23,Guguianca,38
170596,170514,23,Marcea,38
170603,170514,23,Prodanesti,38
170685,387,3,Ladesti,38
170694,170685,22,Ladesti,38
170701,170685,23,Cermegesti,38
170710,170685,23,Chiricesti,38
170729,170685,23,Ciumagi,38
170738,170685,23,Dealu Corni,38
170747,170685,23,Gageni,38
170756,170685,23,Maldaresti,38
170765,170685,23,Olteanca,38
170774,170685,23,Pasculesti,38
170783,170685,23,Popesti,38
170612,387,3,Lalosu,38
170621,170612,22,Lalosu,38
170630,170612,23,Berbesti,38
170649,170612,23,Ghindari,38
170658,170612,23,Mologesti,38
170667,170612,23,Oltetani,38
170676,170612,23,Portaresti,38
170792,387,3,Lapusata,38
170809,170792,22,Sarulesti,38
170818,170792,23,Beresti,38
170827,170792,23,Brosteni,38
170836,170792,23,Mijati,38
170845,170792,23,Scorusu,38
170854,170792,23,Serbanesti,38
170863,170792,23,Zarnesti,38
170872,387,3,Livezi,38
170881,170872,22,Livezi,38
170907,170872,23,Paraienii De Jos,38
170916,170872,23,Paraienii De Mijloc,38
170925,170872,23,Paraienii De Sus,38
170890,170872,23,Parausani,38
170934,170872,23,Plesoiu,38
170943,170872,23,Tina,38
170952,387,3,Lungesti,38
170961,170952,22,Lungesti,38
170970,170952,23,Carcadiesti,38
170989,170952,23,Dumbrava,38
170998,170952,23,Fumureni,38
171003,170952,23,Gantulei,38
171012,170952,23,Stanesti-Lunca,38
171101,387,3,Maciuca,38
171110,171101,22,Oveselu,38
171129,171101,23,Bocsa,38
171138,171101,23,Botorani,38
171147,171101,23,Ciocanari,38
171156,171101,23,Maciuceni,38
171165,171101,23,Maldaresti,38
171174,171101,23,Popesti,38
171183,171101,23,Stefanesti,38
171192,171101,23,Zavoieni,38
171209,387,3,Madulari,38
171218,171209,22,Madulari,38
171227,171209,23,Balsoara,38
171236,171209,23,Bantesti,38
171245,171209,23,Dimulesti,38
171254,171209,23,Iacovile,38
171263,171209,23,Mamu,38
171021,387,3,Malaia,38
171030,171021,22,Malaia,38
171049,171021,23,Ciungetu,38
171058,171021,23,Salistea,38
171272,387,3,Maldaresti,38
171281,171272,22,Maldaresti,38
171290,171272,23,Maldarestii De Jos,38
171307,171272,23,Rosoveni,38
171316,171272,23,Telechesti,38
171067,387,3,Mateesti,38
171076,171067,22,Mateesti,38
171085,171067,23,Greci,38
171094,171067,23,Turcesti,38
171325,387,3,Mihaesti,38
171334,171325,22,Buleta,38
171343,171325,23,Arsanca,38
171352,171325,23,Barsesti,38
171361,171325,23,Govora,38
171370,171325,23,Gurisoara,38
171389,171325,23,Magura,38
171398,171325,23,Mihaesti,38
171405,171325,23,Munteni,38
171414,171325,23,Negreni,38
171423,171325,23,Rugetu,38
171432,171325,23,Scarisoara,38
171441,171325,23,Stuparei,38
171450,171325,23,Vulpuesti,38
171469,387,3,Milcoiu,38
171478,171469,22,Milcoiu,38
171487,171469,23,Cazanesti,38
171496,171469,23,Ciutesti,38
171502,171469,23,Izbasesti,38
171511,171469,23,Suricaru,38
171520,171469,23,Tepsenari,38
171539,387,3,Muereasca,38
171548,171539,22,Muereasca,38
171557,171539,23,Andreiesti,38
171566,171539,23,Francesti-Coasta,38
171575,171539,23,Gavanesti,38
171584,171539,23,Hotarele,38
171593,171539,23,Muereasca De Sus,38
171600,171539,23,Pripoara,38
171619,171539,23,Suta,38
171628,387,3,Nicolae Balcescu,38
171637,171628,22,Rotarasti,38
171646,171628,23,Banesti,38
171655,171628,23,Corbii Din Vale,38
171664,171628,23,Dosu Raului,38
171682,171628,23,Galtofani,38
171673,171628,23,Ginerica,38
171691,171628,23,Linia Hanului,38
171717,171628,23,Mangureni,38
171708,171628,23,Mazararu,38
171726,171628,23,Plesoiu,38
171735,171628,23,Popesti,38
171744,171628,23,Predesti,38
171753,171628,23,Schitu,38
171762,171628,23,Serbaneasa,38
171771,171628,23,Tufanii,38
171780,171628,23,Valea Balceasca,38
171799,171628,23,Valea Viei,38
171806,387,3,Olanu,38
171815,171806,22,Olanu,38
171824,171806,23,Casa Veche,38
171833,171806,23,Cioboti,38
171842,171806,23,Dragioiu,38
171851,171806,23,Nicolesti,38
171860,171806,23,Stoicanesti,38
171879,387,3,Orlesti,38
171888,171879,22,Orlesti,38
171897,171879,23,Auresti,38
171904,171879,23,Procopoaia,38
171913,171879,23,Scaiosi,38
171922,171879,23,Silea,38
171931,387,3,Otesani,38
171940,171931,22,Otesani,38
171959,171931,23,Bogdanesti,38
171968,171931,23,Carstanesti,38
171977,171931,23,Cucesti,38
171986,171931,23,Sub Deal,38
171995,387,3,Pausesti,38
172000,171995,22,Pausesti,38
172019,171995,23,Barcanele,38
172028,171995,23,Buzdugan,38
172037,171995,23,Cernelele,38
172046,171995,23,Pausesti-Otasau,38
172055,171995,23,Serbanesti,38
172064,171995,23,Solicesti,38
172073,171995,23,Valeni,38
172082,387,3,Pausesti-Maglasi,38
172091,172082,22,Pausesti-Maglasi,38
172108,172082,23,Coasta,38
172117,172082,23,Pietrari,38
172126,172082,23,Ulmetel,38
172135,172082,23,Valea Cheii,38
172144,172082,23,Vladuceni,38
172153,387,3,Perisani,38
172162,172153,22,Perisani,38
172171,172153,23,Baiasu,38
172180,174496,23,Bratovesti,38
172199,174496,23,Cucoiu,38
172206,172153,23,Mlaceni,38
172215,172153,23,Podeni,38
172224,172153,23,Poiana,38
172233,172153,23,Pripoare,38
172242,172153,23,Spinu,38
172251,172153,23,Surdoiu,38
172260,174496,22,Titesti,38
172279,387,3,Pesceana,38
172288,172279,22,Pesceana,38
172297,172279,23,Cermegesti,38
172304,172279,23,Lupoaia,38
172313,172279,23,Negraia,38
172322,172279,23,Roesti,38
172331,172279,23,Ursoaia,38
172340,387,3,Pietrari,38
172359,172340,22,Pietrari,38
172368,172340,23,Pietrarii De Sus,38
172377,387,3,Popesti,38
172386,172377,22,Popesti,38
172395,172377,23,Curtea,38
172402,172377,23,Daesti,38
172411,172377,23,Firijba,38
172420,172377,23,Meieni,38
172439,172377,23,Ursi,38
172448,172377,23,Valea Caselor,38
172457,387,3,Prundeni,38
172466,172457,22,Prundeni,38
172475,172457,23,Barbuceni,38
172484,172457,23,Calina,38
172493,172457,23,Zavideni,38
172509,387,3,Racovita,38
172518,172509,22,Racovita,38
172527,172509,23,Balota,38
172536,172509,23,Blanoiu,38
172545,172509,23,Bradu-Clocotici,38
172554,172509,23,Copaceni,38
172563,172509,23,Gruiu Lupului,38
172572,172509,23,Tutulesti,38
172581,387,3,Roesti,38
172590,172581,22,Roesti,38
172607,172581,23,Baiasa,38
172616,172581,23,Bajenari,38
172625,172581,23,Barbarigeni,38
172634,172581,23,Ciocaltei,38
172643,172581,23,Cueni,38
172652,172581,23,Frasina,38
172661,172581,23,Piscu Scoartei,38
172670,172581,23,Rapa Caramizii,38
172689,172581,23,Saioci,38
172698,387,3,Rosiile,38
172705,172698,22,Rosiile,38
172714,172698,23,Balaciu,38
172723,172698,23,Cherasti,38
172732,172698,23,Hotaroaia,38
172741,172698,23,Lupuiesti,38
172750,172698,23,Pasarei,38
172769,172698,23,Pertesti,38
172778,172698,23,Plesesti,38
172787,172698,23,Ratalesti,38
172796,172698,23,Romanesti,38
172803,172698,23,Zgubea,38
172812,387,3,Runcu,38
172821,172812,22,Runcu,38
172830,172812,23,Caligi,38
172849,172812,23,Gropeni,38
172858,172812,23,Snamana,38
172867,172812,23,Surpati,38
172876,172812,23,Valea Babei,38
172885,172812,23,Varateci,38
172894,387,3,Salatrucel,38
172901,172894,22,Salatrucel,38
172910,172894,23,Patesti,38
172929,172894,23,Seaca,38
172938,172894,23,Serbanesti,38
172947,387,3,Scundu,38
172956,172947,22,Scundu,38
172965,172947,23,Avramesti,38
172974,172947,23,Blejani,38
172983,172947,23,Crangu,38
172992,387,3,Sinesti,38
173007,172992,22,Sinesti,38
173016,172992,23,Ciucheti,38
173025,172992,23,Dealu Bisericii,38
173034,172992,23,Mijlocu,38
173043,172992,23,Popesti,38
173052,172992,23,Urzica,38
173686,387,3,Sirineasa,38
173695,173686,22,Sirineasa,38
173702,173686,23,Aricioaia,38
173711,173686,23,Ciorasti,38
173720,173686,23,Slavitesti,38
173739,173686,23,Valea Alunisului,38
173061,387,3,Slatioara,38
173114,173061,22,Mogesti,38
173089,173061,23,Coasta Cerbului,38
173098,173061,23,Gorunesti,38
173105,173061,23,Milostea,38
173123,173061,23,Rugetu,38
173070,173061,23,Slatioara,38
173132,387,3,Stanesti,38
173141,173132,22,Stanesti,38
173150,173132,23,Barcanesti,38
173169,173132,23,Cioponesti,38
173178,173132,23,Cuculesti,38
173187,173132,23,Garnicetu,38
173196,173132,23,Linia Dealului,38
173203,173132,23,Suiesti,38
173212,173132,23,Valea Lunga,38
173221,173132,23,Varleni,38
173748,387,3,Stefanesti,38
173757,173748,22,Stefanesti,38
173766,173748,23,Condoiesti,38
173775,173748,23,Dobrusa,38
173784,173748,23,Serbanesti,38
173230,387,3,Stoenesti,38
173249,173230,22,Stoenesti,38
173258,173230,23,Barlogu,38
173267,173230,23,Budurasti,38
173276,173230,23,Deleni,38
173285,173230,23,Dobriceni,38
173301,173230,23,Gruieri,38
173294,173230,23,Gruiu,38
173310,173230,23,Mogosesti,38
173329,173230,23,Neghinesti,38
173338,173230,23,Piscu Mare,38
173347,173230,23,Popesti,38
173356,173230,23,Suseni,38
173365,173230,23,Zmeuratu,38
173374,387,3,Stoilesti,38
173383,173374,22,Stoilesti,38
173392,173374,23,Balomireasa,38
173409,173374,23,Barsoiu,38
173418,173374,23,Bulagei,38
173427,173374,23,Delureni,38
173436,173374,23,Geamana,38
173445,173374,23,Ghiobesti,38
173454,173374,23,Giuroiu,38
173463,173374,23,Izvoru Rece,38
173472,173374,23,Malu,38
173481,173374,23,Netesti,38
173490,173374,23,Obogeni,38
173506,173374,23,Stanesti,38
173515,173374,23,Ursi,38
173524,173374,23,Vladulesti,38
173533,387,3,Stroesti,38
173542,173533,22,Stroesti,38
173551,173533,23,Ciresu,38
173560,173533,23,Dianu,38
173579,173533,23,Obrocesti,38
173588,173533,23,Pojogi-Cerna,38
173793,387,3,Susani,38
173800,173793,22,Susani,38
173819,173793,23,Ramesti,38
173828,173793,23,Sarbi,38
173837,173793,23,Stoiculesti,38
173846,173793,23,Usurei,38
173597,387,3,Sutesti,38
173604,173597,22,Sutesti,38
173613,173597,23,Borosesti,38
173622,174520,23,Cetateaua,38
173631,174520,23,Izvorasu,38
173640,173597,23,Mazili,38
173659,174520,22,Mitrofani,38
173668,174520,23,Racu,38
173677,173597,23,Verdea,38
173855,387,3,Tetoiu,38
173864,173855,22,Tetoiu,38
173873,173855,23,Baroiu,38
173882,173855,23,Budele,38
173891,173855,23,Maneasa,38
173908,173855,23,Nenciulesti,38
173917,173855,23,Popesti,38
173926,173855,23,Tepesti,38
173935,387,3,Tomsani,38
173944,173935,22,Tomsani,38
173953,173935,23,Baltateni,38
173962,173935,23,Bogdanesti,38
173971,173935,23,Chiceni,38
173980,173935,23,Dumbravesti,38
173999,173935,23,Folestii De Jos,38
174003,173935,23,Folestii De Sus,38
174012,173935,23,Miresti,38
174021,387,3,Vaideeni,38
174030,174021,22,Vaideeni,38
174049,174021,23,Cerna,38
174058,174021,23,Cornet,38
174067,174021,23,Izvoru Rece,38
174076,174021,23,Marita,38
174085,387,3,Valea Mare,38
174094,174085,22,Valea Mare,38
174101,174085,23,Batasani,38
174110,174085,23,Delureni,38
174129,174085,23,Draganu,38
174138,174085,23,Margineni,38
174147,174085,23,Pietroasa,38
174156,387,3,Vladesti,38
174165,174156,22,Vladesti,38
174174,174156,23,Fundatura,38
174183,174156,23,Pleasa,38
174192,174156,23,Priporu,38
174209,174156,23,Trundin,38
174218,387,3,Voicesti,38
174227,174218,22,Voicesti,38
174236,174218,23,Tighina,38
174245,174218,23,Voicestii Din Vale,38
174254,387,3,Voineasa,38
174263,174254,22,Voineasa,38
174272,174254,23,Valea Macesului,38
174281,174254,23,Voinesita,38
174290,387,3,Zatreni,38
174307,174290,22,Zatreni,38
174316,174290,23,Butanu,38
174325,174290,23,Ciortesti,38
174334,174511,22,Contea,38
174343,174290,23,Dealu Glameia,38
174352,174290,23,Dealu Valeni,38
174361,174290,23,Fauresti,38
174370,174511,23,Ganesti,38
174389,174511,23,Lacusteni,38
174398,174511,23,Lacustenii De Jos,38
174405,174511,23,Lacustenii De Sus,38
174414,174290,23,Manicea,38
174423,174290,23,Mecea,38
174432,174290,23,Oltetu,38
174441,174290,23,Sascioara,38
174450,174290,23,Stanomiru,38
174469,174290,23,Valea Valeni,38
174478,174290,23,Valeni,38
174487,174290,23,Zatrenii De Sus,38
174744,396,1,Mun. Focsani,39
174753,174744,9,Focsani,39
174762,174744,10,Mandresti-Moldova,39
174771,174744,10,Mandresti-Munteni,39
174860,396,4,Mun. Adjud,39
174879,174860,9,Adjud,39
174897,174860,11,Adjudu Vechi,39
174888,174860,10,Burcioaia,39
174904,174860,11,Siscani,39
174922,396,2,Oras Marasesti,39
174931,174922,17,Marasesti,39
174977,174922,19,Calimanesti,39
174968,174922,19,Haret,39
174986,174922,19,Modruzeni,39
174995,174922,19,Padureni,39
174940,174922,18,Siretu,39
174959,174922,18,Tisita,39
175019,396,2,Oras Odobesti,39
175028,175019,17,Odobesti,39
175037,175019,19,Unirea,39
175055,396,2,Oras Panciu,39
175064,175055,17,Panciu,39
175073,175055,18,Crucea De Jos,39
175082,175055,18,Crucea De Sus,39
175091,175055,18,Dumbrava,39
175108,175055,18,Neicu,39
175117,175055,18,Satu Nou,39
175126,396,3,Andreiasu De Jos,39
175135,175126,22,Andreiasu De Jos,39
175144,175126,23,Andreiasu De Sus,39
175153,175126,23,Arsita,39
175162,175126,23,Fetig,39
175171,175126,23,Hotaru,39
175180,175126,23,Rachitasu,39
175199,175126,23,Titila,39
175206,396,3,Balesti,39
175215,175206,22,Balesti,39
175224,396,3,Barsesti,39
175233,175224,22,Barsesti,39
175242,178885,22,Negrilesti,39
175251,175224,23,Topesti,39
175260,396,3,Boghesti,39
175279,175260,22,Boghesti,39
175288,175260,23,Bichesti,39
175297,175260,23,Boghestii De Sus,39
175304,175260,23,Chitcani,39
175313,175260,23,Iugani,39
175322,175260,23,Placinteni,39
175331,175260,23,Plesesti,39
175340,175260,23,Prisecani,39
175359,175260,23,Tabucesti,39
175368,396,3,Bolotesti,39
175377,175368,22,Bolotesti,39
175386,175368,23,Gagesti,39
175395,175368,23,Ivancesti,39
175402,175368,23,Pietroasa,39
175411,175368,23,Putna,39
175420,175368,23,Vitanestii De Sub Magura,39
175439,396,3,Bordesti,39
175448,175439,22,Bordesti,39
175457,175439,23,Bordestii De Jos,39
175466,396,3,Brosteni,39
175475,175466,22,Brosteni,39
175484,175466,23,Arva,39
175493,175466,23,Pitulusa,39
174780,396,3,Campineanca,39
174799,174780,22,Campineanca,39
174806,174780,23,Pietroasa,39
174815,174780,23,Valcele,39
175670,396,3,Campuri,39
175689,175670,22,Campuri,39
175698,175670,23,Fetesti,39
175705,175670,23,Gura Vaii,39
175714,175670,23,Rotilestii Mari,39
175723,175670,23,Rotilestii Mici,39
175732,396,3,Carligele,39
175741,175732,22,Carligele,39
175750,175732,23,Blidari,39
175769,175732,23,Bontesti,39
175778,175732,23,Dalhauti,39
175509,396,3,Chiojdeni,39
175518,175509,22,Chiojdeni,39
175527,175509,23,Catauti,39
175536,175509,23,Lojnita,39
175545,175509,23,Luncile,39
175554,175509,23,Maracini,39
175563,175509,23,Podurile,39
175572,175509,23,Seciu,39
175581,175509,23,Tulburea,39
175590,396,3,Ciorasti,39
175607,175590,22,Ciorasti,39
175616,175590,23,Codresti,39
175625,175590,23,Mihalceni,39
175634,175590,23,Salcia Noua,39
175643,175590,23,Salcia Veche,39
175652,175590,23,Satu Nou,39
175661,175590,23,Spatareasa,39
175787,396,3,Corbita,39
175796,175787,22,Serbanesti,39
175803,175787,23,Buda,39
175812,175787,23,Corbita,39
175821,175787,23,Izvoarele,39
175830,175787,23,Largaseni,39
175849,175787,23,Ochesesti,39
175858,175787,23,Radacinesti,39
175867,175787,23,Tutu,39
175876,175787,23,Valcelele,39
175885,396,3,Cotesti,39
175894,175885,22,Cotesti,39
175901,175885,23,Budesti,39
175910,175885,23,Golestii De Sus,39
175929,175885,23,Valea Cotesti,39
175938,396,3,Dumbraveni,39
175947,175938,22,Dumbraveni,39
175956,175938,23,Alexandru Vlahuta,39
175965,175938,23,Candesti,39
175974,175938,23,Dragosloveni,39
175983,396,3,Dumitresti,39
175992,175983,22,Dumitresti,39
176007,175983,23,Bicestii De Jos,39
176016,175983,23,Bicestii De Sus,39
176025,175983,23,Blidari,39
176043,175983,23,Dumitrestii De Sus,39
176034,175983,23,Dumitrestii-Fata,39
176052,175983,23,Galoiesti,39
176061,175983,23,Lastuni,39
176070,175983,23,Lupoaia,39
176089,175983,23,Motnau,39
176098,175983,23,Poienita,39
176105,175983,23,Roscari,39
176114,175983,23,Siminoc,39
176123,175983,23,Tinoasa,39
176132,175983,23,Trestia,39
176141,175983,23,Valea Mica,39
176150,396,3,Fitionesti,39
176169,176150,22,Fitionesti,39
176178,176150,23,Ciolanesti,39
176187,176150,23,Ghimicesti,39
176196,176150,23,Holbanesti,39
176203,176150,23,Manastioara,39
176212,396,3,Garoafa,39
176221,176212,22,Garoafa,39
176230,176212,23,Bizighesti,39
176249,176212,23,Ciuslea,39
176258,176212,23,Doaga,39
176267,176212,23,Faurei,39
176276,176212,23,Precistanu,39
176285,176212,23,Rachitosu,39
176294,176212,23,Strajescu,39
174824,396,3,Golesti,39
174833,174824,22,Golesti,39
174842,174824,23,Ceardac,39
176301,396,3,Gugesti,39
176310,176301,22,Gugesti,39
176329,176301,23,Oreavu,39
176338,396,3,Gura Calitei,39
176347,176338,22,Gura Calitei,39
176356,176338,23,Balanesti,39
176365,176338,23,Cocosari,39
176374,176338,23,Dealul Lung,39
176383,176338,23,Groapa Tufei,39
176392,176338,23,Lacu Lui Baban,39
176409,176338,23,Plopu,39
176418,176338,23,Poenile,39
176427,176338,23,Rasca,39
176436,176338,23,Sotarcari,39
176445,396,3,Homocea,39
176454,176445,22,Homocea,39
176463,178894,23,Argea,39
176472,176445,23,Costisa,39
176481,176445,23,Lespezi,39
176490,178894,22,Ploscuteni,39
176506,396,3,Jaristea,39
176515,176506,22,Jaristea,39
176524,176506,23,Padureni,39
176533,176506,23,Scanteia,39
176542,176506,23,Varsatura,39
176551,396,3,Jitia,39
176560,176551,22,Jitia,39
176579,176551,23,Cerbu,39
176588,176551,23,Dealu Sarii,39
176597,176551,23,Jitia De Jos,39
176604,176551,23,Magura,39
176613,396,3,Maicanesti,39
176622,176613,22,Maicanesti,39
176631,176613,23,Belciugele,39
176640,176613,23,Ramniceni,39
176659,176613,23,Slobozia Botesti,39
176668,176613,23,Stupina,39
176677,176613,23,Tataru,39
176686,396,3,Mera,39
176695,176686,22,Mera,39
176702,176686,23,Livada,39
176711,176686,23,Milcovel,39
176720,176686,23,Rosioara,39
176739,176686,23,Vulcaneasa,39
176748,396,3,Milcovul,39
176757,176748,22,Milcovul,39
176766,178938,22,Gologanu,39
176775,176748,23,Lamotesti,39
176784,178956,22,Rastoaca,39
176793,396,3,Movilita,39
176800,176793,22,Movilita,39
176819,176793,23,Diocheti-Rediu,39
176828,176793,23,Frecatei,39
176837,176793,23,Trotusanu,39
176846,176793,23,Valeni,39
176855,396,3,Nanesti,39
176864,176855,22,Nanesti,39
176873,176855,23,Calienii Noi,39
176882,176855,23,Calienii Vechi,39
176891,396,3,Naruja,39
176908,176891,22,Naruja,39
176917,176891,23,Podu Narujei,39
176926,176891,23,Podu Stoica,39
176935,176891,23,Rebegari,39
176944,396,3,Nereju,39
176953,176944,22,Nereju,39
176962,176944,23,Bradacesti,39
176971,176944,23,Chiricani,39
176980,176944,23,Nereju Mic,39
176999,176944,23,Sahastru,39
177003,396,3,Nistoresti,39
177012,177003,22,Nistoresti,39
177021,177003,23,Batcari,39
177030,177003,23,Bradetu,39
177049,177003,23,Fagetu,39
177058,177003,23,Podu Schiopului,39
177067,177003,23,Romanesti,39
177076,177003,23,Ungureni,39
177085,177003,23,Valea Neagra,39
177094,177003,23,Vetresti-Herastrau,39
177101,396,3,Paltin,39
177110,177101,22,Paltin,39
177129,178965,23,Carsochesti-Corabita,39
177138,177101,23,Ghebari,39
177147,178965,23,Moraresti,39
177156,178965,23,Pavalari,39
177165,177101,23,Prahuda,39
177174,178965,22,Spulber,39
177209,177101,23,Tepa,39
177218,178965,23,Tipau,39
177183,178965,23,Tojanii De Jos,39
177192,178965,23,Tojanii De Sus,39
177227,177101,23,Valcani,39
177236,396,3,Paunesti,39
177245,177236,22,Paunesti,39
177254,177236,23,Viisoara,39
177263,396,3,Poiana Cristei,39
177272,177263,22,Poiana Cristei,39
177281,177263,23,Dealu Cucului,39
177290,177263,23,Dumbrava,39
177307,177263,23,Mahriu,39
177316,177263,23,Odobasca,39
177325,177263,23,Petreanu,39
177334,177263,23,Podu Lacului,39
177343,177263,23,Taratu,39
177352,396,3,Pufesti,39
177361,177352,22,Pufesti,39
177370,177352,23,Ciorani,39
177389,177352,23,Domnesti-Sat,39
177398,177352,23,Domnesti-Targ,39
177405,396,3,Racoasa,39
177414,177405,22,Racoasa,39
177423,177405,23,Gogoiu,39
177432,177405,23,Marasti,39
177441,177405,23,Varnita,39
177450,177405,23,Verdea,39
177469,396,3,Reghiu,39
177478,177469,22,Reghiu,39
177487,177469,23,Farcas,39
177496,177469,23,Jgheaburi,39
177502,177469,23,Piscu Reghiului,39
177511,177469,23,Raiuti,39
177520,177469,23,Sindrilari,39
177539,177469,23,Ursoaia,39
177548,177469,23,Valea Milcovului,39
177557,396,3,Ruginesti,39
177566,177557,22,Ruginesti,39
177575,177557,23,Anghelesti,39
177584,177557,23,Copacesti,39
177593,177557,23,Valeni,39
177600,396,3,Sihlea,39
177619,177600,22,Sihlea,39
177628,177600,23,Bogza,39
177637,177600,23,Caiata,39
177646,177600,23,Voetin,39
177655,396,3,Slobozia Bradului,39
177664,177655,22,Slobozia Bradului,39
177673,177655,23,Cornetu,39
177682,177655,23,Coroteni,39
177691,177655,23,Liesti,39
177708,177655,23,Olareni,39
177717,177655,23,Valea Beciului,39
177726,396,3,Slobozia Ciorasti,39
177735,177726,22,Slobozia Ciorasti,39
177744,177726,23,Armeni,39
177753,177726,23,Jiliste,39
177762,396,3,Soveja,39
177771,177762,22,Dragosloveni,39
177780,177762,23,Rucareni,39
177799,396,3,Straoane,39
177806,177799,22,Straoane,39
177815,177799,23,Muncelu,39
177824,177799,23,Repedea,39
177833,177799,23,Valeni,39
177842,396,3,Suraia,39
177851,177842,22,Suraia,39
177860,178929,22,Biliesti,39
178046,396,3,Tamboesti,39
178055,178046,22,Tamboesti,39
178064,178947,22,Obrejita,39
178073,178046,23,Padureni,39
178082,178046,23,Pietroasa,39
178091,178046,23,Slimnic,39
178108,178046,23,Trestieni,39
177879,396,3,Tanasoaia,39
177888,177879,22,Tanasoaia,39
177897,177879,23,Calimaneasa,39
177904,177879,23,Costisa,39
177913,177879,23,Costisa De Sus,39
177922,177879,23,Covrag,39
177931,177879,23,Feldioara,39
177940,177879,23,Galbeni,39
177959,177879,23,Nanesti,39
177968,177879,23,Vladnicu De Jos,39
177977,177879,23,Vladnicu De Sus,39
177986,396,3,Tataranu,39
177995,177986,22,Tataranu,39
178000,177986,23,Bordeasca Noua,39
178019,177986,23,Bordeasca Veche,39
178028,177986,23,Martinesti,39
178037,177986,23,Vajaitoarea,39
178180,396,3,Tifesti,39
178199,178180,22,Tifesti,39
178206,178180,23,Batinesti,39
178215,178180,23,Clipicesti,39
178224,178180,23,Igesti,39
178233,178180,23,Olesesti,39
178242,178180,23,Patrascani,39
178251,178180,23,Sarbi,39
178260,178180,23,Vitanesti,39
178117,396,3,Tulnici,39
178126,178117,22,Tulnici,39
178135,178117,23,Coza,39
178144,178117,23,Gresu,39
178153,178910,23,Haulisca,39
178162,178117,23,Lepsa,39
178171,178910,22,Paulesti,39
178279,396,3,Urechesti,39
178288,178279,22,Urechesti,39
178297,178901,22,Popesti,39
178304,178901,23,Terchesti,39
178313,396,3,Valea Sarii,39
178322,178313,22,Valea Sarii,39
178331,178313,23,Colacu,39
178340,178313,23,Matacina,39
178359,178313,23,Poduri,39
178368,178313,23,Prisaca,39
178607,396,3,Vanatori,39
178616,178607,22,Vanatori,39
178625,178607,23,Balta Ratei,39
178634,178607,23,Jorasti,39
178643,178607,23,Mircestii Noi,39
178652,178607,23,Mircestii Vechi,39
178661,178607,23,Petresti,39
178670,178607,23,Radulesti,39
178689,396,3,Vartescoiu,39
178698,178689,22,Vartescoiu,39
178705,178689,23,Beciu,39
178714,178689,23,Faraoanele,39
178723,178689,23,Olteni,39
178732,178689,23,Pietroasa,39
178741,178689,23,Ramniceanca,39
178377,396,3,Vidra,39
178386,178377,22,Vidra,39
178395,178377,23,Burca,39
178402,178377,23,Iresti,39
178411,178377,23,Ruget,39
178420,178377,23,Scafari,39
178439,178377,23,Serbesti,39
178448,178377,23,Tichiris,39
178457,178377,23,Viisoara,39
178466,178377,23,Voloscani,39
178475,396,3,Vintileasca,39
178484,178475,22,Vintileasca,39
178493,178475,23,Bahnele,39
178509,178475,23,Dupa Magura,39
178518,178475,23,Neculele,39
178527,178475,23,Poiana Stoichii,39
178536,178475,23,Tanasari,39
178545,396,3,Vizantea-Livezi,39
178554,178545,22,Livezile,39
178563,178545,23,Mesteacanu,39
178572,178545,23,Piscu Radului,39
178581,178545,23,Vizantea Manastireasca,39
178590,178545,23,Vizantea Razaseasca,39
178750,396,3,Vrancioaia,39
178769,178750,22,Vrancioaia,39
178778,178750,23,Bodesti,39
178787,178750,23,Muncei,39
178796,178750,23,Plostina,39
178803,178750,23,Poiana,39
178812,178750,23,Spinesti,39
178821,396,3,Vulturu,39
178830,178821,22,Vulturu,39
178849,178821,23,Botarlau,39
178858,178821,23,Hangulesti,39
178867,178821,23,Maluri,39
178876,178821,23,Vadu Rosca,39
403,1,40,Mun. Bucuresti,40
179132,403,1,Mun. Bucuresti,40
179141,179132,6,Bucuresti Sectorul 1,40
179150,179132,6,Bucuresti Sectorul 2,40
179169,179132,6,Bucuresti Sectorul 3,40
179178,179132,6,Bucuresti Sectorul 4,40
179187,179132,6,Bucuresti Sectorul 5,40
179196,179132,6,Bucuresti Sectorul 6,40
65099,145,3,Valea Mare,14
63278,136,3,Horia,13
63286,136,3,Costinesti,13
86438,190,3,Madaras,19
86446,190,3,Cozmeni,19
42449,83,3,Sinca Noua,8
179613,243,3,Sieu,24
60169,127,3,Negreni,12
151433,332,3,Comanesti,33
151442,332,3,Iaslovat,33
151451,332,3,Ciocanesti,33
179640,154,3,Vulcana-Pandele,15
179659,65,3,Negrilesti,6
179677,305,3,Camin,30
179686,65,3,Dumitrita,6
179695,314,3,Simisna,31
42456,83,3,Crizbav,8
174496,387,3,Titesti,38
32153,56,3,Tamaseu,5
32161,56,3,Paleu,5
63294,136,3,Baraganu,13
32179,56,3,Sannicolau Roman,5
42464,83,3,Sambata De Sus,8
179702,216,3,Traian,21
32187,56,3,Rosiori,5
179711,154,3,Vladeni,15
151460,332,3,Serbauti,33
178885,396,3,Negrilesti,39
178894,396,3,Ploscuteni,39
178901,396,3,Popesti,39
178910,396,3,Paulesti,39
151479,332,3,Horodnic De Sus,33
125098,270,3,Dochia,27
179720,65,3,Poiana  Ilvei,6
26312,24338,23,Hemieni,4
20048,38,3,Raca,3
125105,270,3,Ruginoasa,27
20055,38,3,Vulturesti,3
39942,74,3,Lozna,7
39959,74,3,Dimacheni,7
39967,74,3,Candesti,7
151488,332,3,Fantana Mare,33
179622,243,3,Grosii Tiblesului,24
154996,341,3,Nenciulesti,34
39975,74,3,Cosula,7
120478,261,3,Chibed,26
44560,92,3,Cazasu,9
179739,528,3,Malu,52
86453,190,3,Tomesti,19
151497,332,3,Cosna,33
125114,270,3,Ghindaoani,27
161543,369,3,Vacareni,36
151503,332,3,Capu Campului,33
151512,332,3,Hantesti,33
32195,56,3,Gepiu,5
167222,378,3,Ibanesti,37
65105,145,3,Mereni,14
167231,378,3,Fruntiseni,37
50549,109,3,Unguriu,10
50556,50549,23,Ojasca,10
125123,270,3,Valeni,27
167240,378,3,Rafaila,37
167259,378,3,Pogonesti,37
146012,323,3,Alma,32
65113,145,3,Arcus,14
77561,172,3,Radesti,17
42472,83,3,Holbav,8
130286,289,3,Balteni,28
161552,369,3,Bestepe,36
151521,332,3,Burla,33
9019,10,3,Cut,1
12912,29,3,Dorobanti,2
12920,29,3,Frumuseni,2
12938,29,3,Zadareni,2
20063,38,3,Bughea De Sus,3
26320,47,3,Sarata,4
39983,74,3,Blandesti,7
42480,83,3,Dragus,8
63300,136,3,Cuza Voda,13
63318,136,3,Saligny,13
65121,145,3,Bixad,14
65139,145,3,Micfalau,14
74842,163,3,Catane,16
74859,163,3,Carcea,16
74867,163,3,Carna,16
74875,163,3,Cotofenii Din Fata,16
74883,163,3,Dobrotesti,16
74891,163,3,Galiciuica,16
74907,163,3,Ghidici,16
74915,163,3,Ghindeni,16
74923,163,3,Intorsura,16
74931,163,3,Plesoi,16
74949,163,3,Rojiste,16
74956,163,3,Talpas,16
77579,172,3,Negrilesti,17
77587,172,3,Poiana,17
86461,190,3,Ciceu,19
86479,190,3,Leliceni,19
86487,190,3,Porumbeni,19
86495,190,3,Racu,19
86501,190,3,Satu Mare,19
86519,190,3,Santimbru,19
179748,528,3,Cosoba,52
179757,528,3,Herasti,52
179766,528,3,Isvoarele,52
179775,528,3,Sabareni,52
179784,216,3,Boranesti,21
179793,216,3,Buesti,21
179800,216,3,Maia,21
179819,216,3,Ograda,21
179828,216,3,Rosiori,21
100273,225,3,Bals,22
100282,225,3,Costesti,22
100308,225,3,Draguseni,22
100317,225,3,Fantanele,22
100326,225,3,Harmanesti,22
100335,225,3,Rachiteni,22
100344,225,3,Roscani,22
100353,225,3,Valea Lupului,22
179837,243,3,Coas,24
179846,243,3,Coltau,24
179855,243,3,Gardani,24
179864,243,3,Oncesti,24
114060,252,3,Branistea,25
114079,252,3,Vrata,25
120487,261,3,Corunca,26
120496,261,3,Sarateni,26
125132,270,3,Draganesti,27
125141,270,3,Pancesti,27
125150,270,3,Gadinti,27
130295,289,3,Calui,28
130302,289,3,Gavanesti,28
130311,289,3,Ghimpeteni,28
130320,289,3,Gradinile,28
130339,289,3,Gura Padinii,28
130348,289,3,Ipotesti,28
130357,289,3,Osica De Jos,28
130366,289,3,Sarbii - Magura,28
130375,289,3,Visina Noua,28
136241,298,3,Cocorastii Colt,29
136250,298,3,Olari,29
136269,298,3,Vadu Sapat,29
179873,305,3,Agris,30
179882,305,3,Ciumesti,30
146021,323,3,Boita,32
151530,332,3,Balaceana,33
151549,332,3,Hartop,33
151558,332,3,Voitinel,33
155083,341,3,Beciu,34
155092,341,3,Beuca,34
155109,341,3,Dracea,34
155118,341,3,Fantanele,34
155127,341,3,Frasinet,34
155136,341,3,Purani,34
155145,341,3,Saelele,34
155154,341,3,Uda-Clocociov,34
159366,350,3,Birda,35
159375,350,3,Checea,35
159384,350,3,Dudestii Noi,35
159393,350,3,Fibis,35
159400,350,3,Ghilad,35
159419,350,3,Gottlob,35
159428,350,3,Iecea Mare,35
159437,350,3,Parta,35
159446,350,3,Padureni,35
159455,350,3,Saravale,35
159464,350,3,Sandra,35
159473,350,3,Tomnatic,35
167268,378,3,Ciocani,37
167277,378,3,Cozmesti,37
167286,378,3,Dodesti,37
167295,378,3,Feresti,37
167302,378,3,Muntenii De Sus,37
167311,378,3,Pochidia,37
167320,378,3,Puscasi,37
174502,387,3,Diculesti,38
174511,387,3,Lacusteni,38
174520,387,3,Mitrofani,38
178929,396,3,Biliesti,39
178938,396,3,Gologanu,39
178947,396,3,Obrejita,39
178956,396,3,Rastoaca,39
151567,332,3,Ciprian Porumbescu,33
65147,145,3,Dalnic,14
120502,261,3,Madaras,26
120511,261,3,Bereni,26
120520,116867,23,Sanvasii,26
39991,36952,23,Damileni,7
40001,36649,23,Slobozia,7
40019,37770,23,Baseu,7
40027,37770,23,Vatra,7
63326,136,3,Gradina,13
179891,154,3,Raciu,15
100362,225,3,Ciohorani,22
130384,289,3,Soparlita,28
179908,154,3,Pietrari,15
179917,154,3,Rau Alb,15
179926,154,3,Rascaeti,15
179935,154,3,Persinari,15
50564,109,3,Florica,10
178965,396,3,Spulber,39
26338,47,3,Buciumi,4
26346,47,3,Gioseni,4
26353,47,3,Odobesti,4
26361,47,3,Prajesti,4
179944,65,3,Runcu Salvei,6
179953,65,3,Ciceu - Mihaiesti,6
42498,83,3,Augustin,8
179962,519,3,Galbinasi,51
63334,136,3,Fantanele,13
77595,172,3,Cuza Voda,17
179971,216,3,Colelia,21
179980,216,3,Marculesti,21
179999,216,3,Moldoveni,21
180000,216,3,Platonesti,21
180019,216,3,Sarateni,21
179588,234,3,Copaceni,23
125169,270,3,Negresti,27
180028,305,3,Porumbesti,30
151576,332,3,Berchisesti,33
159482,350,3,Valcani,35
161561,369,3,Valea Teilor,36
180037,314,3,Boghis,31
125178,270,3,Boghicea,27
26379,47,3,Itesti,4
180046,216,3,Gura Ialomitei,21
65154,145,3,Estelnic,14
136278,298,3,Batrani,29
40035,74,3,Adaseni,7
40043,39694,23,Dobrinauti-Hapai,7
40050,39694,23,Maghera,7
40068,39694,23,Pustoaia,7
9026,10,3,Bucerdea Granoasa,1
180055,519,3,Crivat,51
180064,216,3,Barbulesti,21
120539,116288,23,Ciba,26
120548,116288,23,Foi,26
120557,116288,23,Nicolesti,26
120566,116938,23,Seuca,26
180073,108669,23,Salta,24
159491,350,3,Livezile,35
180082,104519,23,Comasca,52
151585,332,3,Poieni-Solca,33
